{"type":"FeatureCollection","name":"gadm41_IDN_3","crs":{"type":"name","properties":{"name":"urn:ogc:def:crs:OGC:1.3:CRS84"}},"features":[{"type":"Feature","properties":{"GID_3":"IDN.2.1.1_1","GID_0":"IDN","COUNTRY":"Indonesia","GID_1":"IDN.2_1","NAME_1":"Bali","NL_NAME_1":"NA","GID_2":"IDN.2.1_1","NAME_2":"Badung","NL_NAME_2":"NA","NAME_3":"Abiansemal","VARNAME_3":"NA","NL_NAME_3":"NA","TYPE_3":"Kecamatan","ENGTYPE_3":"Sub-district","CC_3":"5103050","HASC_3":"NA"},"geometry":{"type":"MultiPolygon","coordinates":[[[[115.2259,-8.5938],[115.226,-8.596],[115.2238,-8.5976],[115.2225,-8.5964],[115.2146,-8.5962],[115.2128,-8.5983],[115.2099,-8.5979],[115.207,-8.6015],[115.2033,-8.6024],[115.2036,-8.5989],[115.2018,-8.598],[115.2014,-8.5949],[115.2019,-8.5879],[115.1965,-8.585],[115.1955,-8.577],[115.198,-8.5707],[115.2024,-8.5696],[115.2075,-8.5581],[115.2096,-8.5419],[115.207,-8.5372],[115.2031,-8.5357],[115.2004,-8.5317],[115.1955,-8.5304],[115.1976,-8.5231],[115.1943,-8.5205],[115.1951,-8.5156],[115.1987,-8.5111],[115.197,-8.5071],[115.1981,-8.5043],[115.1954,-8.4897],[115.2023,-8.4894],[115.2033,-8.488],[115.2044,-8.4821],[115.203,-8.4706],[115.2075,-8.4634],[115.2067,-8.4609],[115.2088,-8.4602],[115.2155,-8.4626],[115.2195,-8.4675],[115.2218,-8.4663],[115.2241,-8.4618],[115.2259,-8.4618],[115.226,-8.4573],[115.2279,-8.4574],[115.2296,-8.4548],[115.2309,-8.457],[115.2352,-8.4567],[115.2385,-8.4595],[115.2389,-8.4623],[115.2423,-8.4651],[115.2414,-8.4712],[115.2444,-8.4716],[115.2417,-8.4744],[115.2449,-8.4777],[115.2416,-8.486],[115.2436,-8.4877],[115.2402,-8.4916],[115.2432,-8.496],[115.2432,-8.4994],[115.2403,-8.4999],[115.2379,-8.5029],[115.2385,-8.5087],[115.236,-8.5123],[115.2334,-8.5124],[115.2307,-8.5187],[115.2317,-8.5228],[115.2299,-8.5252],[115.2303,-8.5275],[115.233,-8.5293],[115.2329,-8.5363],[115.2311,-8.5383],[115.2335,-8.5393],[115.2351,-8.5454],[115.2391,-8.548],[115.2415,-8.5561],[115.2449,-8.5583],[115.2449,-8.5642],[115.2493,-8.5744],[115.2498,-8.579],[115.2495,-8.5853],[115.2426,-8.6031],[115.2374,-8.6026],[115.2385,-8.5992],[115.2365,-8.5982],[115.2353,-8.5917],[115.2256,-8.5928],[115.2259,-8.5938]]]]}},{"type":"Feature","properties":{"GID_3":"IDN.2.1.4_1","GID_0":"IDN","COUNTRY":"Indonesia","GID_1":"IDN.2_1","NAME_1":"Bali","NL_NAME_1":"NA","GID_2":"IDN.2.1_1","NAME_2":"Badung","NL_NAME_2":"NA","NAME_3":"Kuta","VARNAME_3":"NA","NL_NAME_3":"NA","TYPE_3":"Kecamatan","ENGTYPE_3":"Sub-district","CC_3":"5103020","HASC_3":"NA"},"geometry":{"type":"MultiPolygon","coordinates":[[[[115.1899,-8.7698],[115.1831,-8.7703],[115.1826,-8.7692],[115.169,-8.7673],[115.1691,-8.7613],[115.1671,-8.7566],[115.1595,-8.7503],[115.1522,-8.7503],[115.1523,-8.7471],[115.1592,-8.7461],[115.1643,-8.7304],[115.1694,-8.7229],[115.166,-8.7086],[115.1615,-8.6975],[115.1508,-8.6823],[115.159,-8.6842],[115.1673,-8.6822],[115.1756,-8.6832],[115.1778,-8.6917],[115.1798,-8.692],[115.1795,-8.6951],[115.1762,-8.6961],[115.1812,-8.6999],[115.182,-8.7048],[115.1835,-8.7051],[115.187,-8.7114],[115.1875,-8.7183],[115.1848,-8.7218],[115.1868,-8.7217],[115.187,-8.7347],[115.1904,-8.7377],[115.1845,-8.7446],[115.1846,-8.7478],[115.1893,-8.7478],[115.1846,-8.7479],[115.1807,-8.7593],[115.1828,-8.7651],[115.1856,-8.7647],[115.1859,-8.7628],[115.1873,-8.7634],[115.1869,-8.7654],[115.1885,-8.7639],[115.193,-8.7706],[115.1899,-8.7698]]]]}},{"type":"Feature","properties":{"GID_3":"IDN.2.1.2_1","GID_0":"IDN","COUNTRY":"Indonesia","GID_1":"IDN.2_1","NAME_1":"Bali","NL_NAME_1":"NA","GID_2":"IDN.2.1_1","NAME_2":"Badung","NL_NAME_2":"NA","NAME_3":"KutaSelatan","VARNAME_3":"NA","NL_NAME_3":"NA","TYPE_3":"Kecamatan","ENGTYPE_3":"Sub-district","CC_3":"5103010","HASC_3":"NA"},"geometry":{"type":"MultiPolygon","coordinates":[[[[115.1724,-8.848],[115.1667,-8.8493],[115.1501,-8.8473],[115.1458,-8.8483],[115.1272,-8.8467],[115.1236,-8.8479],[115.1202,-8.8462],[115.1114,-8.8455],[115.0889,-8.8381],[115.0839,-8.8297],[115.0841,-8.8247],[115.0885,-8.8147],[115.0962,-8.8136],[115.1004,-8.8105],[115.1035,-8.8112],[115.1115,-8.8069],[115.116,-8.8035],[115.1188,-8.7938],[115.1215,-8.7941],[115.1253,-8.7896],[115.1267,-8.7907],[115.1307,-8.7899],[115.1421,-8.7804],[115.1451,-8.7795],[115.156,-8.7803],[115.1589,-8.7823],[115.1628,-8.7815],[115.1675,-8.774],[115.169,-8.7673],[115.1826,-8.7692],[115.1831,-8.7703],[115.1884,-8.7693],[115.193,-8.7706],[115.194,-8.7766],[115.1977,-8.7803],[115.1968,-8.7826],[115.2018,-8.7812],[115.2083,-8.7856],[115.2147,-8.7871],[115.2203,-8.7872],[115.2171,-8.785],[115.2138,-8.776],[115.2174,-8.7733],[115.2173,-8.7706],[115.2239,-8.7695],[115.2272,-8.7857],[115.2306,-8.7879],[115.2337,-8.7977],[115.2351,-8.7987],[115.2373,-8.7973],[115.2364,-8.801],[115.2375,-8.8022],[115.2395,-8.8013],[115.24,-8.804],[115.2367,-8.8029],[115.2323,-8.8075],[115.2315,-8.8114],[115.2245,-8.8182],[115.225,-8.8198],[115.2173,-8.833],[115.2044,-8.8379],[115.1983,-8.8417],[115.1724,-8.848]]],[[[115.215,-8.7598],[115.214,-8.7584],[115.214,-8.7569],[115.2158,-8.7599],[115.215,-8.7598]]]]}},{"type":"Feature","properties":{"GID_3":"IDN.2.1.3_1","GID_0":"IDN","COUNTRY":"Indonesia","GID_1":"IDN.2_1","NAME_1":"Bali","NL_NAME_1":"NA","GID_2":"IDN.2.1_1","NAME_2":"Badung","NL_NAME_2":"NA","NAME_3":"KutaUtara","VARNAME_3":"NA","NL_NAME_3":"NA","TYPE_3":"Kecamatan","ENGTYPE_3":"Sub-district","CC_3":"5103030","HASC_3":"NA"},"geometry":{"type":"MultiPolygon","coordinates":[[[[115.1773,-8.6585],[115.1747,-8.6604],[115.1747,-8.6622],[115.1795,-8.6761],[115.1737,-8.6832],[115.1673,-8.6822],[115.159,-8.6842],[115.1574,-8.6828],[115.1504,-8.6826],[115.1432,-8.6713],[115.1225,-8.6534],[115.1264,-8.6522],[115.1318,-8.645],[115.1391,-8.6401],[115.14,-8.637],[115.1421,-8.6359],[115.1416,-8.6321],[115.1455,-8.6271],[115.1471,-8.6218],[115.1543,-8.6166],[115.1563,-8.6171],[115.1606,-8.6111],[115.1632,-8.6139],[115.1647,-8.6109],[115.1689,-8.6091],[115.1705,-8.6017],[115.1756,-8.6023],[115.1748,-8.6034],[115.1774,-8.605],[115.1772,-8.6071],[115.18,-8.6083],[115.1818,-8.6144],[115.1795,-8.6176],[115.1807,-8.6233],[115.1823,-8.6244],[115.1823,-8.6287],[115.1806,-8.6298],[115.182,-8.6531],[115.1798,-8.6589],[115.1806,-8.6601],[115.178,-8.6608],[115.1773,-8.6585]]]]}},{"type":"Feature","properties":{"GID_3":"IDN.2.1.5_1","GID_0":"IDN","COUNTRY":"Indonesia","GID_1":"IDN.2_1","NAME_1":"Bali","NL_NAME_1":"NA","GID_2":"IDN.2.1_1","NAME_2":"Badung","NL_NAME_2":"NA","NAME_3":"Mengwi","VARNAME_3":"NA","NL_NAME_3":"NA","TYPE_3":"Kecamatan","ENGTYPE_3":"Sub-district","CC_3":"5103040","HASC_3":"NA"},"geometry":{"type":"MultiPolygon","coordinates":[[[[115.1421,-8.6317],[115.1421,-8.6359],[115.14,-8.637],[115.1391,-8.6401],[115.1318,-8.645],[115.1264,-8.6522],[115.1225,-8.6534],[115.1133,-8.6463],[115.1056,-8.6441],[115.1017,-8.6401],[115.0998,-8.6402],[115.0996,-8.6356],[115.1072,-8.6233],[115.1177,-8.6157],[115.1196,-8.6112],[115.129,-8.6083],[115.137,-8.6091],[115.138,-8.6112],[115.1339,-8.6128],[115.1397,-8.615],[115.1414,-8.6127],[115.1408,-8.6106],[115.1442,-8.6107],[115.1486,-8.606],[115.1502,-8.6069],[115.1501,-8.6017],[115.156,-8.6004],[115.1567,-8.5972],[115.1551,-8.593],[115.1514,-8.5924],[115.1533,-8.5893],[115.1491,-8.5918],[115.1502,-8.5908],[115.1495,-8.5821],[115.1504,-8.5797],[115.1534,-8.578],[115.153,-8.5728],[115.1619,-8.5513],[115.1646,-8.5322],[115.1678,-8.5323],[115.171,-8.5257],[115.1723,-8.5172],[115.1772,-8.5099],[115.1778,-8.5044],[115.1825,-8.4994],[115.1829,-8.4884],[115.1766,-8.4871],[115.1802,-8.4656],[115.1739,-8.464],[115.1748,-8.4586],[115.1794,-8.4508],[115.1842,-8.4474],[115.184,-8.4457],[115.1872,-8.4454],[115.1878,-8.4427],[115.1928,-8.4452],[115.1931,-8.444],[115.1971,-8.4451],[115.198,-8.4506],[115.1998,-8.4512],[115.1994,-8.4577],[115.1968,-8.4624],[115.1991,-8.4723],[115.195,-8.4867],[115.1981,-8.5043],[115.197,-8.5071],[115.1987,-8.5111],[115.1946,-8.5169],[115.1944,-8.5207],[115.1976,-8.5231],[115.1955,-8.5304],[115.2004,-8.5317],[115.2031,-8.5357],[115.207,-8.5372],[115.2096,-8.5419],[115.2075,-8.5581],[115.2024,-8.5696],[115.198,-8.5707],[115.1955,-8.577],[115.1965,-8.585],[115.2019,-8.5879],[115.2014,-8.5949],[115.2018,-8.598],[115.2036,-8.5989],[115.2035,-8.6028],[115.1999,-8.6064],[115.1964,-8.6061],[115.1977,-8.612],[115.1888,-8.6128],[115.1881,-8.6152],[115.1842,-8.6166],[115.1816,-8.6159],[115.1812,-8.6108],[115.1772,-8.6071],[115.1774,-8.605],[115.1746,-8.603],[115.1756,-8.6023],[115.1705,-8.6017],[115.1689,-8.6091],[115.1647,-8.6109],[115.1632,-8.6139],[115.1606,-8.6111],[115.1563,-8.6171],[115.1543,-8.6166],[115.1471,-8.6218],[115.1421,-8.6317]]]]}},{"type":"Feature","properties":{"GID_3":"IDN.2.1.6_1","GID_0":"IDN","COUNTRY":"Indonesia","GID_1":"IDN.2_1","NAME_1":"Bali","NL_NAME_1":"NA","GID_2":"IDN.2.1_1","NAME_2":"Badung","NL_NAME_2":"NA","NAME_3":"Petang","VARNAME_3":"NA","NL_NAME_3":"NA","TYPE_3":"Kecamatan","ENGTYPE_3":"Sub-district","CC_3":"5103060","HASC_3":"NA"},"geometry":{"type":"MultiPolygon","coordinates":[[[[115.2315,-8.4569],[115.2296,-8.4548],[115.2279,-8.4574],[115.226,-8.4573],[115.2259,-8.4618],[115.2241,-8.4618],[115.2218,-8.4663],[115.2195,-8.4675],[115.2155,-8.4626],[115.2088,-8.4602],[115.2111,-8.4578],[115.2104,-8.4561],[115.2138,-8.4493],[115.2155,-8.441],[115.2182,-8.4387],[115.2161,-8.4358],[115.2158,-8.4269],[115.2137,-8.4248],[115.2135,-8.4193],[115.21,-8.4118],[115.2119,-8.401],[115.2094,-8.3932],[115.2107,-8.3914],[115.21,-8.3884],[115.2078,-8.3862],[115.2096,-8.3836],[115.2089,-8.379],[115.2019,-8.3728],[115.1981,-8.3578],[115.2035,-8.3497],[115.2023,-8.3338],[115.2119,-8.3319],[115.2122,-8.3299],[115.209,-8.3273],[115.2071,-8.323],[115.2089,-8.3134],[115.2018,-8.2971],[115.2016,-8.2935],[115.1973,-8.2899],[115.1973,-8.2877],[115.1924,-8.283],[115.1846,-8.271],[115.1865,-8.2678],[115.1871,-8.2622],[115.186,-8.2488],[115.1841,-8.2448],[115.1971,-8.2451],[115.2083,-8.2478],[115.2182,-8.2462],[115.2248,-8.2426],[115.2298,-8.2439],[115.2326,-8.2419],[115.2388,-8.244],[115.2416,-8.2513],[115.2458,-8.2536],[115.2512,-8.2625],[115.2503,-8.2703],[115.2446,-8.2809],[115.2463,-8.2823],[115.2462,-8.2871],[115.2435,-8.2952],[115.2478,-8.3019],[115.2475,-8.3081],[115.2511,-8.3135],[115.2474,-8.3175],[115.249,-8.3205],[115.2449,-8.3219],[115.2466,-8.3249],[115.2456,-8.3276],[115.2434,-8.3282],[115.2445,-8.3305],[115.248,-8.3319],[115.2493,-8.3383],[115.2478,-8.3414],[115.2446,-8.3407],[115.2436,-8.3429],[115.2416,-8.3429],[115.2421,-8.3455],[115.2403,-8.3459],[115.2375,-8.3541],[115.2344,-8.3578],[115.237,-8.365],[115.2333,-8.3695],[115.2345,-8.3696],[115.2353,-8.3741],[115.2317,-8.3788],[115.2313,-8.3841],[115.2283,-8.384],[115.2254,-8.3885],[115.2267,-8.3941],[115.2285,-8.395],[115.2283,-8.4165],[115.2305,-8.4192],[115.2307,-8.4259],[115.2335,-8.4282],[115.2326,-8.4327],[115.2311,-8.4336],[115.2318,-8.4357],[115.2304,-8.437],[115.2296,-8.4451],[115.2309,-8.4483],[115.2317,-8.4472],[115.2326,-8.4481],[115.2312,-8.4502],[115.2342,-8.4523],[115.234,-8.4545],[115.2355,-8.4556],[115.2315,-8.4569]]]]}},{"type":"Feature","properties":{"GID_3":"IDN.2.2.1_1","GID_0":"IDN","COUNTRY":"Indonesia","GID_1":"IDN.2_1","NAME_1":"Bali","NL_NAME_1":"NA","GID_2":"IDN.2.2_1","NAME_2":"Bangli","NL_NAME_2":"NA","NAME_3":"Bangli","VARNAME_3":"NA","NL_NAME_3":"NA","TYPE_3":"Kecamatan","ENGTYPE_3":"Sub-district","CC_3":"5106020","HASC_3":"NA"},"geometry":{"type":"MultiPolygon","coordinates":[[[[115.3484,-8.5235],[115.3431,-8.525],[115.3363,-8.5227],[115.3345,-8.5214],[115.3345,-8.517],[115.3377,-8.5102],[115.341,-8.5081],[115.3407,-8.5019],[115.346,-8.4885],[115.3424,-8.4638],[115.3462,-8.4565],[115.3458,-8.4535],[115.3489,-8.4521],[115.3525,-8.446],[115.352,-8.4419],[115.3536,-8.4399],[115.3522,-8.433],[115.3547,-8.4295],[115.3574,-8.4182],[115.3623,-8.3898],[115.3605,-8.3865],[115.3598,-8.3733],[115.355,-8.3653],[115.3554,-8.3626],[115.3578,-8.3605],[115.3578,-8.3535],[115.353,-8.3413],[115.3549,-8.337],[115.3476,-8.3375],[115.3476,-8.3414],[115.3411,-8.3393],[115.3374,-8.3446],[115.331,-8.3456],[115.3309,-8.3444],[115.3319,-8.338],[115.3338,-8.3371],[115.3343,-8.3342],[115.3332,-8.3237],[115.3342,-8.3208],[115.3365,-8.32],[115.3394,-8.3215],[115.3381,-8.329],[115.3393,-8.3323],[115.3466,-8.3338],[115.3491,-8.318],[115.3579,-8.3044],[115.3587,-8.2997],[115.3623,-8.2999],[115.3735,-8.3034],[115.3754,-8.3013],[115.3739,-8.3087],[115.3778,-8.3097],[115.379,-8.3121],[115.3779,-8.3224],[115.3815,-8.3211],[115.3819,-8.317],[115.3853,-8.3146],[115.3847,-8.3262],[115.3923,-8.3261],[115.3917,-8.335],[115.3887,-8.3413],[115.3901,-8.3494],[115.3936,-8.3518],[115.379,-8.353],[115.3771,-8.371],[115.376,-8.3736],[115.37,-8.3743],[115.3696,-8.3769],[115.3718,-8.3784],[115.3715,-8.3814],[115.3749,-8.3868],[115.3731,-8.3887],[115.374,-8.3899],[115.3721,-8.3903],[115.3748,-8.3935],[115.3698,-8.4017],[115.3706,-8.4035],[115.3694,-8.4042],[115.3679,-8.4161],[115.3729,-8.4286],[115.372,-8.4369],[115.3751,-8.4467],[115.3739,-8.451],[115.3699,-8.4514],[115.3687,-8.4534],[115.3667,-8.4611],[115.3625,-8.4646],[115.3599,-8.4732],[115.3615,-8.482],[115.3639,-8.4834],[115.3637,-8.488],[115.3582,-8.4926],[115.3562,-8.4996],[115.3568,-8.5053],[115.3535,-8.5098],[115.3572,-8.5165],[115.3576,-8.5209],[115.3484,-8.5235]]]]}},{"type":"Feature","properties":{"GID_3":"IDN.2.2.2_1","GID_0":"IDN","COUNTRY":"Indonesia","GID_1":"IDN.2_1","NAME_1":"Bali","NL_NAME_1":"NA","GID_2":"IDN.2.2_1","NAME_2":"Bangli","NL_NAME_2":"NA","NAME_3":"Kintamani","VARNAME_3":"NA","NL_NAME_3":"NA","TYPE_3":"Kecamatan","ENGTYPE_3":"Sub-district","CC_3":"5106040","HASC_3":"NA"},"geometry":{"type":"MultiPolygon","coordinates":[[[[115.409,-8.3233],[115.4092,-8.3348],[115.4106,-8.3378],[115.4058,-8.3411],[115.4025,-8.341],[115.4034,-8.3449],[115.3989,-8.3448],[115.3979,-8.3505],[115.399,-8.3563],[115.3956,-8.357],[115.3939,-8.352],[115.3901,-8.3494],[115.3887,-8.3413],[115.3917,-8.335],[115.3923,-8.3261],[115.3847,-8.3262],[115.3853,-8.3146],[115.3819,-8.317],[115.3815,-8.3211],[115.3779,-8.3224],[115.379,-8.3121],[115.3778,-8.3097],[115.3739,-8.3087],[115.3754,-8.3013],[115.3735,-8.3034],[115.3587,-8.2997],[115.3579,-8.3044],[115.349,-8.3182],[115.3466,-8.3338],[115.3393,-8.3323],[115.3381,-8.329],[115.3394,-8.3215],[115.3344,-8.3206],[115.3332,-8.3237],[115.3343,-8.3342],[115.3338,-8.3371],[115.3319,-8.338],[115.331,-8.3456],[115.3273,-8.3383],[115.3284,-8.3306],[115.3224,-8.3283],[115.3164,-8.3366],[115.3152,-8.3296],[115.3082,-8.3278],[115.304,-8.3345],[115.2939,-8.3325],[115.2943,-8.3282],[115.2914,-8.3246],[115.291,-8.3162],[115.2845,-8.3136],[115.2772,-8.3199],[115.271,-8.3226],[115.2625,-8.3329],[115.2644,-8.3245],[115.2628,-8.3191],[115.2589,-8.3151],[115.251,-8.3145],[115.2475,-8.3081],[115.2478,-8.3019],[115.2435,-8.2952],[115.2462,-8.2871],[115.2463,-8.2823],[115.2446,-8.2809],[115.2503,-8.2703],[115.2512,-8.2625],[115.2458,-8.2536],[115.2416,-8.2513],[115.2388,-8.244],[115.2325,-8.2417],[115.2324,-8.2395],[115.2372,-8.2329],[115.2432,-8.2112],[115.2452,-8.1949],[115.2424,-8.1876],[115.2447,-8.1825],[115.2452,-8.1723],[115.2464,-8.1718],[115.2513,-8.1771],[115.2549,-8.1786],[115.266,-8.1652],[115.2712,-8.1664],[115.276,-8.1617],[115.2799,-8.1609],[115.2816,-8.1644],[115.281,-8.1673],[115.2853,-8.1708],[115.289,-8.1709],[115.293,-8.1688],[115.301,-8.1734],[115.3061,-8.174],[115.3046,-8.1688],[115.3119,-8.164],[115.3164,-8.1573],[115.3172,-8.1479],[115.3235,-8.1447],[115.3334,-8.1563],[115.3373,-8.1506],[115.3389,-8.143],[115.3516,-8.1516],[115.3595,-8.1461],[115.3628,-8.1458],[115.3605,-8.1531],[115.3618,-8.1541],[115.3677,-8.1526],[115.3681,-8.1546],[115.3647,-8.1611],[115.3678,-8.1665],[115.3711,-8.1687],[115.375,-8.1636],[115.3781,-8.1652],[115.3811,-8.1681],[115.3792,-8.1709],[115.3816,-8.1736],[115.391,-8.1783],[115.39,-8.1858],[115.3995,-8.1892],[115.4285,-8.1885],[115.43,-8.1826],[115.4352,-8.1804],[115.4399,-8.1852],[115.4419,-8.1852],[115.4416,-8.1871],[115.4444,-8.1894],[115.448,-8.1893],[115.4521,-8.1941],[115.4538,-8.1987],[115.4465,-8.2043],[115.4432,-8.212],[115.4384,-8.2182],[115.445,-8.2255],[115.445,-8.2338],[115.4487,-8.2397],[115.4475,-8.2425],[115.4483,-8.2459],[115.4575,-8.2421],[115.457,-8.2465],[115.4536,-8.252],[115.4494,-8.2526],[115.4398,-8.2625],[115.4302,-8.2672],[115.4287,-8.2734],[115.4317,-8.2761],[115.4264,-8.2845],[115.4224,-8.3026],[115.4188,-8.3057],[115.4214,-8.313],[115.4161,-8.3155],[115.4177,-8.3203],[115.4131,-8.3225],[115.409,-8.322],[115.409,-8.3233]]]]}},{"type":"Feature","properties":{"GID_3":"IDN.2.2.3_1","GID_0":"IDN","COUNTRY":"Indonesia","GID_1":"IDN.2_1","NAME_1":"Bali","NL_NAME_1":"NA","GID_2":"IDN.2.2_1","NAME_2":"Bangli","NL_NAME_2":"NA","NAME_3":"Susut","VARNAME_3":"NA","NL_NAME_3":"NA","TYPE_3":"Kecamatan","ENGTYPE_3":"Sub-district","CC_3":"5106010","HASC_3":"NA"},"geometry":{"type":"MultiPolygon","coordinates":[[[[115.3478,-8.4526],[115.3457,-8.4537],[115.3462,-8.4565],[115.3424,-8.4638],[115.346,-8.4885],[115.3407,-8.5019],[115.341,-8.5081],[115.3364,-8.5123],[115.3347,-8.5184],[115.3291,-8.5131],[115.3298,-8.5104],[115.3324,-8.5095],[115.3297,-8.508],[115.3273,-8.4942],[115.3242,-8.4907],[115.3278,-8.4846],[115.3277,-8.4773],[115.3249,-8.469],[115.3272,-8.4652],[115.3252,-8.4619],[115.325,-8.4573],[115.3233,-8.456],[115.3239,-8.4497],[115.3206,-8.4447],[115.3208,-8.4404],[115.3182,-8.4394],[115.3175,-8.4342],[115.3228,-8.4287],[115.3308,-8.4142],[115.3306,-8.4034],[115.3367,-8.3849],[115.3371,-8.38],[115.3347,-8.38],[115.3333,-8.3775],[115.3362,-8.3738],[115.3366,-8.3663],[115.3334,-8.3659],[115.3321,-8.3705],[115.3291,-8.3736],[115.3285,-8.3649],[115.3257,-8.3644],[115.3256,-8.3624],[115.3303,-8.3579],[115.331,-8.3456],[115.3374,-8.3446],[115.3411,-8.3393],[115.3476,-8.3414],[115.3476,-8.3375],[115.3549,-8.337],[115.353,-8.3413],[115.3578,-8.3535],[115.3578,-8.3605],[115.3554,-8.3626],[115.355,-8.3653],[115.3598,-8.3733],[115.3605,-8.3865],[115.3623,-8.3898],[115.3574,-8.4182],[115.3547,-8.4295],[115.3522,-8.433],[115.3536,-8.4399],[115.352,-8.4419],[115.3525,-8.446],[115.3478,-8.4526]]]]}},{"type":"Feature","properties":{"GID_3":"IDN.2.2.4_1","GID_0":"IDN","COUNTRY":"Indonesia","GID_1":"IDN.2_1","NAME_1":"Bali","NL_NAME_1":"NA","GID_2":"IDN.2.2_1","NAME_2":"Bangli","NL_NAME_2":"NA","NAME_3":"Tembuku","VARNAME_3":"NA","NL_NAME_3":"NA","TYPE_3":"Kecamatan","ENGTYPE_3":"Sub-district","CC_3":"5106030","HASC_3":"NA"},"geometry":{"type":"MultiPolygon","coordinates":[[[[115.3636,-8.4834],[115.3615,-8.482],[115.3599,-8.4732],[115.3624,-8.4649],[115.3667,-8.4611],[115.3699,-8.4514],[115.3737,-8.4512],[115.3751,-8.4467],[115.372,-8.4369],[115.3729,-8.4286],[115.3679,-8.4161],[115.3694,-8.4042],[115.3706,-8.4035],[115.3698,-8.4017],[115.3748,-8.3935],[115.3721,-8.3903],[115.374,-8.3899],[115.3731,-8.3887],[115.3749,-8.3868],[115.3715,-8.3814],[115.3718,-8.3784],[115.3696,-8.3769],[115.37,-8.3743],[115.376,-8.3736],[115.3771,-8.371],[115.379,-8.353],[115.3936,-8.3518],[115.3941,-8.3554],[115.3965,-8.3584],[115.3972,-8.3654],[115.404,-8.3763],[115.4035,-8.3807],[115.4081,-8.3852],[115.4068,-8.3885],[115.4088,-8.3958],[115.4121,-8.3993],[115.4152,-8.4002],[115.4165,-8.4035],[115.4133,-8.4186],[115.415,-8.4211],[115.4135,-8.4292],[115.4146,-8.434],[115.4112,-8.4363],[115.4133,-8.4381],[115.4107,-8.4412],[115.4117,-8.4426],[115.4058,-8.452],[115.4035,-8.4521],[115.4042,-8.4547],[115.4028,-8.4546],[115.4025,-8.4564],[115.3959,-8.4553],[115.3951,-8.4581],[115.3857,-8.467],[115.384,-8.4619],[115.3763,-8.4603],[115.3752,-8.4613],[115.3708,-8.4703],[115.3663,-8.4753],[115.3688,-8.4792],[115.3651,-8.4837],[115.3636,-8.4834]]]]}},{"type":"Feature","properties":{"GID_3":"IDN.2.3.1_1","GID_0":"IDN","COUNTRY":"Indonesia","GID_1":"IDN.2_1","NAME_1":"Bali","NL_NAME_1":"NA","GID_2":"IDN.2.3_1","NAME_2":"Buleleng","NL_NAME_2":"NA","NAME_3":"Banjar","VARNAME_3":"NA","NL_NAME_3":"NA","TYPE_3":"Kecamatan","ENGTYPE_3":"Sub-district","CC_3":"5108040","HASC_3":"NA"},"geometry":{"type":"MultiPolygon","coordinates":[[[[115.1072,-8.2592],[115.1065,-8.2647],[115.1089,-8.2687],[115.1064,-8.2783],[115.1107,-8.2793],[115.1121,-8.2811],[115.1091,-8.2863],[115.1087,-8.2987],[115.1029,-8.2983],[115.1012,-8.3071],[115.0937,-8.3065],[115.0875,-8.3109],[115.0732,-8.3119],[115.0724,-8.3043],[115.0644,-8.3015],[115.0646,-8.2945],[115.0608,-8.2936],[115.0577,-8.2888],[115.0441,-8.2805],[115.0441,-8.2782],[115.0408,-8.2753],[115.0345,-8.2718],[115.027,-8.2726],[115.0246,-8.27],[115.0212,-8.2694],[115.0204,-8.2675],[115.0138,-8.2661],[115.0094,-8.267],[115.0054,-8.2651],[115.0064,-8.2624],[115.0132,-8.2603],[115.0112,-8.2567],[115.0016,-8.2523],[114.9996,-8.2527],[114.9982,-8.2461],[114.994,-8.2428],[114.9897,-8.2419],[114.9823,-8.2357],[114.9785,-8.2359],[114.9766,-8.2418],[114.9741,-8.2388],[114.9705,-8.2388],[114.9687,-8.2372],[114.9617,-8.2267],[114.9527,-8.2184],[114.9539,-8.2152],[114.9593,-8.2103],[114.9592,-8.2037],[114.9649,-8.1953],[114.961,-8.1881],[114.9617,-8.1867],[114.9588,-8.1847],[114.9615,-8.1828],[114.9862,-8.1805],[114.9933,-8.1767],[115.0006,-8.1761],[115.0054,-8.1733],[115.0098,-8.166],[115.0169,-8.1655],[115.0251,-8.1621],[115.0282,-8.1688],[115.0314,-8.1703],[115.0319,-8.1748],[115.0292,-8.1786],[115.0354,-8.1834],[115.035,-8.1871],[115.038,-8.1929],[115.039,-8.2006],[115.0507,-8.2073],[115.0554,-8.2137],[115.0607,-8.2152],[115.0691,-8.2301],[115.0746,-8.2323],[115.0788,-8.2287],[115.0796,-8.224],[115.0848,-8.2204],[115.0864,-8.2238],[115.0974,-8.2248],[115.1007,-8.2348],[115.1006,-8.2464],[115.1031,-8.251],[115.1065,-8.2531],[115.1072,-8.2592]]]]}},{"type":"Feature","properties":{"GID_3":"IDN.2.3.2_1","GID_0":"IDN","COUNTRY":"Indonesia","GID_1":"IDN.2_1","NAME_1":"Bali","NL_NAME_1":"NA","GID_2":"IDN.2.3_1","NAME_2":"Buleleng","NL_NAME_2":"NA","NAME_3":"Buleleng","VARNAME_3":"NA","NL_NAME_3":"NA","TYPE_3":"Kecamatan","ENGTYPE_3":"Sub-district","CC_3":"5108060","HASC_3":"NA"},"geometry":{"type":"MultiPolygon","coordinates":[[[[115.027,-8.1671],[115.0242,-8.1618],[115.0282,-8.1549],[115.0487,-8.144],[115.0513,-8.1382],[115.0584,-8.1321],[115.0652,-8.1216],[115.0732,-8.1166],[115.0778,-8.1098],[115.0851,-8.1047],[115.0943,-8.1012],[115.1168,-8.0815],[115.1178,-8.0831],[115.1167,-8.0873],[115.1202,-8.0928],[115.1205,-8.0999],[115.1225,-8.1051],[115.1249,-8.1061],[115.1274,-8.1139],[115.1346,-8.1152],[115.1385,-8.1195],[115.1398,-8.1258],[115.146,-8.1292],[115.1482,-8.134],[115.1502,-8.1331],[115.1522,-8.1405],[115.1509,-8.1408],[115.1525,-8.1437],[115.1552,-8.1436],[115.1546,-8.1481],[115.1572,-8.154],[115.1564,-8.1618],[115.1482,-8.1628],[115.1448,-8.1538],[115.1406,-8.155],[115.1403,-8.1524],[115.1284,-8.1438],[115.1255,-8.1444],[115.125,-8.1496],[115.1269,-8.1508],[115.125,-8.1541],[115.1207,-8.1514],[115.119,-8.1474],[115.1125,-8.1483],[115.1097,-8.1462],[115.1066,-8.1403],[115.1083,-8.1375],[115.1051,-8.133],[115.097,-8.1352],[115.0963,-8.1376],[115.0907,-8.1302],[115.0881,-8.1296],[115.0835,-8.1312],[115.0744,-8.1313],[115.0719,-8.1353],[115.0623,-8.1397],[115.0616,-8.1419],[115.0642,-8.1463],[115.0596,-8.1525],[115.0616,-8.1555],[115.0567,-8.1568],[115.0567,-8.1609],[115.0501,-8.1654],[115.0479,-8.1626],[115.0448,-8.1622],[115.04,-8.1661],[115.0393,-8.1644],[115.0358,-8.1644],[115.029,-8.1695],[115.027,-8.1671]]]]}},{"type":"Feature","properties":{"GID_3":"IDN.2.3.3_1","GID_0":"IDN","COUNTRY":"Indonesia","GID_1":"IDN.2_1","NAME_1":"Bali","NL_NAME_1":"NA","GID_2":"IDN.2.3_1","NAME_2":"Buleleng","NL_NAME_2":"NA","NAME_3":"Busungbiu","VARNAME_3":"NA","NL_NAME_3":"NA","TYPE_3":"Kecamatan","ENGTYPE_3":"Sub-district","CC_3":"5108030","HASC_3":"NA"},"geometry":{"type":"MultiPolygon","coordinates":[[[[114.9354,-8.3581],[114.9342,-8.3593],[114.9351,-8.361],[114.9336,-8.3609],[114.9316,-8.3638],[114.9329,-8.3648],[114.9311,-8.367],[114.9287,-8.3769],[114.9331,-8.3807],[114.9317,-8.3832],[114.9234,-8.3833],[114.9025,-8.3753],[114.9019,-8.3715],[114.8981,-8.3652],[114.8967,-8.3576],[114.8874,-8.3518],[114.8844,-8.3467],[114.8782,-8.3443],[114.872,-8.3381],[114.864,-8.3353],[114.8608,-8.3407],[114.8585,-8.3415],[114.8511,-8.3366],[114.8479,-8.3373],[114.8519,-8.3337],[114.8526,-8.3273],[114.8573,-8.3239],[114.8604,-8.3185],[114.8688,-8.3122],[114.8773,-8.3022],[114.8915,-8.2936],[114.8915,-8.2894],[114.889,-8.2854],[114.8917,-8.2825],[114.9083,-8.2832],[114.9142,-8.2864],[114.9195,-8.2844],[114.9231,-8.2795],[114.9312,-8.2803],[114.9443,-8.2962],[114.9465,-8.2855],[114.9433,-8.2709],[114.9395,-8.2659],[114.9397,-8.2624],[114.9467,-8.2588],[114.9482,-8.2516],[114.9454,-8.2495],[114.9467,-8.2478],[114.9486,-8.2464],[114.9524,-8.2487],[114.9539,-8.2475],[114.9522,-8.2419],[114.9538,-8.2434],[114.9565,-8.2427],[114.9567,-8.2451],[114.9593,-8.2471],[114.9694,-8.2482],[114.9743,-8.2525],[114.9748,-8.2546],[114.9791,-8.2556],[114.9809,-8.2578],[114.987,-8.2574],[114.9952,-8.2631],[115.0021,-8.2635],[115.0094,-8.267],[115.0138,-8.2661],[115.0204,-8.2675],[115.0212,-8.2694],[115.0246,-8.27],[115.027,-8.2726],[115.0356,-8.2722],[115.0439,-8.2781],[115.0441,-8.2805],[115.0493,-8.2845],[115.0592,-8.29],[115.0608,-8.2936],[115.0646,-8.2945],[115.0647,-8.302],[115.0726,-8.3046],[115.0732,-8.3119],[115.0638,-8.3097],[115.0592,-8.3104],[115.0492,-8.3064],[115.0441,-8.307],[115.033,-8.3009],[115.0278,-8.2999],[115.0245,-8.3007],[115.0207,-8.3082],[115.0143,-8.3062],[115.01,-8.3117],[115.0069,-8.3066],[114.9987,-8.3032],[114.9962,-8.2994],[114.991,-8.2986],[114.9863,-8.2894],[114.985,-8.2904],[114.9781,-8.2882],[114.9815,-8.2957],[114.9809,-8.2978],[114.9737,-8.3031],[114.9651,-8.3056],[114.9627,-8.3101],[114.9645,-8.3118],[114.9625,-8.3129],[114.9604,-8.3211],[114.9583,-8.3236],[114.9605,-8.3315],[114.9554,-8.338],[114.9557,-8.3454],[114.952,-8.3508],[114.9525,-8.3551],[114.9506,-8.3564],[114.9501,-8.3605],[114.9472,-8.3617],[114.9419,-8.3586],[114.9417,-8.3597],[114.9354,-8.3568],[114.9354,-8.3581]]]]}},{"type":"Feature","properties":{"GID_3":"IDN.2.3.4_1","GID_0":"IDN","COUNTRY":"Indonesia","GID_1":"IDN.2_1","NAME_1":"Bali","NL_NAME_1":"NA","GID_2":"IDN.2.3_1","NAME_2":"Buleleng","NL_NAME_2":"NA","NAME_3":"Gerokgak","VARNAME_3":"NA","NL_NAME_3":"NA","TYPE_3":"Kecamatan","ENGTYPE_3":"Sub-district","CC_3":"5108010","HASC_3":"NA"},"geometry":{"type":"MultiPolygon","coordinates":[[[[114.8727,-8.2036],[114.8755,-8.2035],[114.8755,-8.2123],[114.8858,-8.2367],[114.8802,-8.247],[114.8763,-8.2517],[114.8722,-8.2536],[114.8694,-8.2606],[114.8719,-8.2705],[114.8679,-8.2769],[114.8722,-8.2845],[114.8722,-8.2877],[114.8683,-8.2916],[114.862,-8.2933],[114.856,-8.2989],[114.8494,-8.3],[114.8366,-8.3077],[114.824,-8.3176],[114.8209,-8.3174],[114.8187,-8.3132],[114.8206,-8.3015],[114.8159,-8.2895],[114.8171,-8.2818],[114.8131,-8.2791],[114.8136,-8.2715],[114.8108,-8.2663],[114.8118,-8.2637],[114.816,-8.2643],[114.8166,-8.26],[114.808,-8.2523],[114.8019,-8.2514],[114.7987,-8.2527],[114.7956,-8.2566],[114.785,-8.2543],[114.7832,-8.256],[114.7832,-8.2595],[114.7783,-8.2604],[114.7761,-8.2631],[114.771,-8.2602],[114.7708,-8.2553],[114.7662,-8.2534],[114.7629,-8.2491],[114.7585,-8.2412],[114.7559,-8.2319],[114.7516,-8.2289],[114.7481,-8.2237],[114.7276,-8.217],[114.7031,-8.1985],[114.701,-8.1988],[114.6913,-8.2095],[114.6907,-8.2195],[114.6843,-8.2317],[114.674,-8.2233],[114.6675,-8.2224],[114.6525,-8.226],[114.6467,-8.2203],[114.6376,-8.2173],[114.6325,-8.2134],[114.6267,-8.199],[114.6206,-8.1904],[114.6186,-8.1839],[114.6137,-8.1844],[114.6043,-8.1775],[114.6016,-8.1785],[114.5958,-8.1763],[114.5912,-8.1774],[114.59,-8.1734],[114.5882,-8.1765],[114.5853,-8.1775],[114.5825,-8.1818],[114.5727,-8.1896],[114.5624,-8.1919],[114.5532,-8.1978],[114.532,-8.1912],[114.5194,-8.2049],[114.5167,-8.2054],[114.5096,-8.2053],[114.5059,-8.1999],[114.5001,-8.1987],[114.4943,-8.1936],[114.4808,-8.1972],[114.4589,-8.1937],[114.457,-8.1925],[114.4559,-8.1875],[114.4563,-8.1765],[114.459,-8.1718],[114.4662,-8.1686],[114.4682,-8.166],[114.463,-8.1624],[114.4601,-8.1632],[114.4592,-8.1602],[114.4519,-8.1611],[114.4452,-8.1573],[114.4447,-8.1487],[114.4466,-8.1442],[114.4438,-8.1329],[114.4327,-8.1191],[114.435,-8.108],[114.4344,-8.1029],[114.4363,-8.0973],[114.4452,-8.0933],[114.4518,-8.0926],[114.48,-8.0962],[114.4837,-8.0962],[114.4877,-8.0937],[114.4938,-8.0957],[114.5021,-8.1047],[114.5058,-8.1116],[114.5115,-8.1162],[114.5232,-8.1339],[114.5235,-8.1384],[114.5173,-8.1449],[114.5197,-8.1455],[114.5178,-8.1499],[114.5187,-8.1519],[114.5232,-8.1548],[114.5314,-8.1512],[114.5399,-8.1431],[114.5406,-8.1407],[114.5454,-8.1392],[114.5507,-8.1335],[114.5559,-8.1312],[114.5589,-8.1335],[114.5585,-8.138],[114.5621,-8.1406],[114.563,-8.1436],[114.5669,-8.1403],[114.5684,-8.141],[114.57,-8.1383],[114.5676,-8.1367],[114.5617,-8.1364],[114.5621,-8.1323],[114.5676,-8.1291],[114.5691,-8.1298],[114.5689,-8.1268],[114.5713,-8.127],[114.574,-8.1238],[114.5792,-8.1215],[114.5867,-8.1197],[114.5919,-8.1205],[114.5952,-8.1233],[114.593,-8.1307],[114.5937,-8.1375],[114.5956,-8.1393],[114.5996,-8.136],[114.6012,-8.1384],[114.6038,-8.1385],[114.6077,-8.1336],[114.6131,-8.1321],[114.6125,-8.1279],[114.6164,-8.1258],[114.6175,-8.1228],[114.6201,-8.1267],[114.63,-8.128],[114.6338,-8.1306],[114.6396,-8.1382],[114.6447,-8.1353],[114.6439,-8.1317],[114.6458,-8.131],[114.6559,-8.1437],[114.6605,-8.1445],[114.663,-8.1427],[114.6661,-8.1458],[114.6734,-8.1475],[114.6792,-8.1465],[114.6815,-8.1444],[114.6937,-8.1443],[114.7022,-8.1509],[114.7111,-8.1555],[114.7134,-8.1549],[114.7161,-8.1504],[114.7152,-8.1546],[114.7169,-8.1562],[114.7354,-8.1605],[114.7417,-8.1656],[114.7503,-8.1694],[114.7572,-8.1694],[114.7678,-8.1733],[114.7799,-8.1742],[114.8041,-8.1822],[114.8095,-8.1862],[114.8172,-8.1851],[114.8186,-8.1886],[114.8234,-8.1923],[114.8284,-8.1917],[114.8326,-8.1874],[114.833,-8.192],[114.8362,-8.194],[114.8399,-8.1935],[114.8417,-8.1907],[114.8524,-8.1951],[114.8612,-8.1966],[114.8707,-8.196],[114.8717,-8.2039],[114.8727,-8.2036]]],[[[114.62,-8.1187],[114.6202,-8.1185],[114.6206,-8.1185],[114.6203,-8.1189],[114.62,-8.1187]]],[[[114.6099,-8.1224],[114.6097,-8.1222],[114.6099,-8.1217],[114.6103,-8.1228],[114.6099,-8.1224]]],[[[114.5925,-8.1185],[114.592,-8.1185],[114.5922,-8.1181],[114.5927,-8.1181],[114.5925,-8.1185]]],[[[114.6206,-8.1169],[114.619,-8.1158],[114.6172,-8.1149],[114.6201,-8.1158],[114.6214,-8.117],[114.6206,-8.1169]]],[[[114.6161,-8.1148],[114.6162,-8.1146],[114.6166,-8.1146],[114.6164,-8.1152],[114.6161,-8.1148]]],[[[114.5219,-8.0928],[114.527,-8.0925],[114.5284,-8.0954],[114.5239,-8.0986],[114.5179,-8.1002],[114.5028,-8.096],[114.5023,-8.0944],[114.5145,-8.0919],[114.5219,-8.0928]]]]}},{"type":"Feature","properties":{"GID_3":"IDN.2.3.5_1","GID_0":"IDN","COUNTRY":"Indonesia","GID_1":"IDN.2_1","NAME_1":"Bali","NL_NAME_1":"NA","GID_2":"IDN.2.3_1","NAME_2":"Buleleng","NL_NAME_2":"NA","NAME_3":"Kubutambahan","VARNAME_3":"NA","NL_NAME_3":"NA","TYPE_3":"Kecamatan","ENGTYPE_3":"Sub-district","CC_3":"5108080","HASC_3":"NA"},"geometry":{"type":"MultiPolygon","coordinates":[[[[115.2298,-8.2439],[115.2248,-8.2426],[115.2182,-8.2462],[115.2083,-8.2478],[115.1971,-8.2451],[115.1842,-8.2449],[115.1921,-8.2334],[115.1959,-8.2315],[115.2087,-8.2189],[115.2181,-8.2066],[115.2194,-8.1996],[115.2184,-8.1942],[115.2233,-8.185],[115.2238,-8.1787],[115.2229,-8.1765],[115.213,-8.1706],[115.21,-8.1651],[115.2098,-8.1607],[115.2071,-8.1574],[115.1929,-8.1501],[115.1926,-8.1455],[115.1859,-8.1402],[115.1848,-8.1363],[115.1825,-8.1355],[115.1815,-8.1243],[115.1782,-8.1212],[115.1778,-8.118],[115.1725,-8.1136],[115.1714,-8.1141],[115.1711,-8.1126],[115.1687,-8.1138],[115.1684,-8.1077],[115.1638,-8.106],[115.1649,-8.0948],[115.1632,-8.0936],[115.1646,-8.093],[115.1644,-8.091],[115.1657,-8.0894],[115.171,-8.0907],[115.1739,-8.0899],[115.1657,-8.0778],[115.1681,-8.076],[115.1683,-8.0696],[115.1726,-8.0673],[115.1733,-8.063],[115.1863,-8.062],[115.2047,-8.0735],[115.2354,-8.0833],[115.2443,-8.0832],[115.2532,-8.0859],[115.256,-8.0922],[115.2519,-8.1004],[115.2551,-8.1071],[115.2539,-8.1131],[115.2575,-8.1224],[115.2625,-8.1266],[115.2594,-8.1299],[115.2571,-8.1387],[115.2612,-8.1405],[115.2636,-8.1442],[115.2655,-8.1507],[115.2644,-8.154],[115.2667,-8.1594],[115.2662,-8.1651],[115.2549,-8.1786],[115.2513,-8.1771],[115.2464,-8.1718],[115.2446,-8.1731],[115.2447,-8.1825],[115.2424,-8.1876],[115.2452,-8.1949],[115.2432,-8.2112],[115.237,-8.2336],[115.2324,-8.2395],[115.2326,-8.2419],[115.2298,-8.2439]]]]}},{"type":"Feature","properties":{"GID_3":"IDN.2.3.6_1","GID_0":"IDN","COUNTRY":"Indonesia","GID_1":"IDN.2_1","NAME_1":"Bali","NL_NAME_1":"NA","GID_2":"IDN.2.3_1","NAME_2":"Buleleng","NL_NAME_2":"NA","NAME_3":"Sawan","VARNAME_3":"NA","NL_NAME_3":"NA","TYPE_3":"Kecamatan","ENGTYPE_3":"Sub-district","CC_3":"5108070","HASC_3":"NA"},"geometry":{"type":"MultiPolygon","coordinates":[[[[115.1835,-8.2454],[115.1741,-8.2389],[115.1647,-8.223],[115.1699,-8.2153],[115.1707,-8.2045],[115.174,-8.1966],[115.1797,-8.1881],[115.1731,-8.1856],[115.167,-8.1741],[115.1596,-8.1673],[115.1592,-8.1649],[115.1559,-8.1636],[115.1572,-8.154],[115.1546,-8.1481],[115.1552,-8.1436],[115.1525,-8.1437],[115.1509,-8.1408],[115.1522,-8.1405],[115.1502,-8.1331],[115.1482,-8.134],[115.146,-8.1292],[115.1398,-8.1258],[115.1385,-8.1195],[115.1346,-8.1152],[115.1274,-8.1139],[115.1247,-8.1059],[115.1225,-8.1051],[115.1205,-8.0999],[115.1202,-8.0928],[115.1167,-8.0873],[115.1172,-8.0815],[115.1235,-8.0814],[115.1319,-8.0785],[115.1469,-8.0695],[115.1592,-8.0641],[115.1733,-8.063],[115.1726,-8.0673],[115.1683,-8.0696],[115.1681,-8.076],[115.1657,-8.0778],[115.1739,-8.0899],[115.171,-8.0907],[115.1657,-8.0894],[115.1644,-8.091],[115.1646,-8.093],[115.1632,-8.0936],[115.1649,-8.0948],[115.1638,-8.106],[115.1684,-8.1077],[115.1687,-8.1138],[115.1711,-8.1126],[115.1714,-8.1141],[115.1725,-8.1136],[115.1778,-8.118],[115.1782,-8.1212],[115.1815,-8.1243],[115.1825,-8.1355],[115.1848,-8.1363],[115.1859,-8.1402],[115.1926,-8.1455],[115.1929,-8.1501],[115.2071,-8.1574],[115.2098,-8.1607],[115.21,-8.1651],[115.213,-8.1706],[115.2237,-8.1782],[115.2233,-8.185],[115.2184,-8.1942],[115.2194,-8.1996],[115.2181,-8.2066],[115.2087,-8.2189],[115.1959,-8.2315],[115.1921,-8.2334],[115.1835,-8.2454]]]]}},{"type":"Feature","properties":{"GID_3":"IDN.2.3.7_1","GID_0":"IDN","COUNTRY":"Indonesia","GID_1":"IDN.2_1","NAME_1":"Bali","NL_NAME_1":"NA","GID_2":"IDN.2.3_1","NAME_2":"Buleleng","NL_NAME_2":"NA","NAME_3":"Seririt","VARNAME_3":"NA","NL_NAME_3":"NA","TYPE_3":"Kecamatan","ENGTYPE_3":"Sub-district","CC_3":"5108020","HASC_3":"NA"},"geometry":{"type":"MultiPolygon","coordinates":[[[[114.8899,-8.2948],[114.8873,-8.2951],[114.8773,-8.3022],[114.8688,-8.3122],[114.8604,-8.3185],[114.8573,-8.3239],[114.8526,-8.3273],[114.8519,-8.3337],[114.8479,-8.3373],[114.8426,-8.3352],[114.8389,-8.3378],[114.8309,-8.3341],[114.8241,-8.3329],[114.8222,-8.325],[114.8253,-8.3161],[114.8487,-8.3004],[114.856,-8.2989],[114.862,-8.2933],[114.8683,-8.2916],[114.8725,-8.2869],[114.8679,-8.2769],[114.8719,-8.2705],[114.8694,-8.2606],[114.8722,-8.2536],[114.8763,-8.2517],[114.8802,-8.247],[114.8858,-8.2367],[114.8755,-8.2123],[114.8755,-8.2035],[114.8745,-8.2026],[114.8717,-8.2039],[114.8707,-8.196],[114.8785,-8.1947],[114.8929,-8.1884],[114.9032,-8.188],[114.907,-8.1826],[114.9155,-8.1842],[114.9284,-8.181],[114.9363,-8.1835],[114.9615,-8.1828],[114.9588,-8.1853],[114.9617,-8.1867],[114.961,-8.1881],[114.9649,-8.1953],[114.9592,-8.2037],[114.9593,-8.2103],[114.9539,-8.2152],[114.9531,-8.2191],[114.9568,-8.221],[114.9705,-8.2388],[114.9741,-8.2388],[114.9766,-8.2418],[114.9785,-8.2359],[114.9823,-8.2357],[114.9897,-8.2419],[114.994,-8.2428],[114.9982,-8.2461],[114.9996,-8.2527],[115.0016,-8.2523],[115.0109,-8.2566],[115.0132,-8.2603],[115.0064,-8.2624],[115.0054,-8.2651],[114.9952,-8.2631],[114.987,-8.2574],[114.9809,-8.2578],[114.9791,-8.2556],[114.9748,-8.2546],[114.9743,-8.2525],[114.9694,-8.2482],[114.9593,-8.2471],[114.9567,-8.2451],[114.9565,-8.2427],[114.9538,-8.2434],[114.9522,-8.2419],[114.9539,-8.2475],[114.9524,-8.2487],[114.9486,-8.2464],[114.9467,-8.2478],[114.9454,-8.2495],[114.9482,-8.2516],[114.9467,-8.2588],[114.9397,-8.2624],[114.9395,-8.2659],[114.9433,-8.2709],[114.9465,-8.2855],[114.9443,-8.2962],[114.9339,-8.2851],[114.9322,-8.2808],[114.9231,-8.2795],[114.9195,-8.2844],[114.9142,-8.2864],[114.9083,-8.2832],[114.8917,-8.2825],[114.889,-8.2854],[114.8919,-8.2915],[114.8899,-8.2948]]]]}},{"type":"Feature","properties":{"GID_3":"IDN.2.3.8_1","GID_0":"IDN","COUNTRY":"Indonesia","GID_1":"IDN.2_1","NAME_1":"Bali","NL_NAME_1":"NA","GID_2":"IDN.2.3_1","NAME_2":"Buleleng","NL_NAME_2":"NA","NAME_3":"Sukasada","VARNAME_3":"NA","NL_NAME_3":"NA","TYPE_3":"Kecamatan","ENGTYPE_3":"Sub-district","CC_3":"5108050","HASC_3":"NA"},"geometry":{"type":"MultiPolygon","coordinates":[[[[115.1094,-8.2961],[115.1091,-8.2863],[115.1121,-8.2807],[115.1064,-8.2783],[115.1089,-8.2687],[115.1065,-8.2647],[115.1066,-8.2534],[115.1031,-8.251],[115.1006,-8.2464],[115.1012,-8.2387],[115.0977,-8.2253],[115.0864,-8.2238],[115.0848,-8.2204],[115.0796,-8.224],[115.0788,-8.2287],[115.0746,-8.2323],[115.0691,-8.2301],[115.0607,-8.2152],[115.0554,-8.2137],[115.0507,-8.2073],[115.039,-8.2006],[115.038,-8.1929],[115.035,-8.1871],[115.0354,-8.1834],[115.0292,-8.1786],[115.0321,-8.1733],[115.0312,-8.17],[115.029,-8.1695],[115.0339,-8.1653],[115.0391,-8.1643],[115.04,-8.1661],[115.0448,-8.1622],[115.0479,-8.1626],[115.0501,-8.1654],[115.0567,-8.1609],[115.0565,-8.157],[115.0616,-8.1555],[115.0596,-8.1525],[115.0642,-8.1463],[115.0614,-8.1407],[115.0719,-8.1353],[115.0748,-8.1312],[115.0904,-8.13],[115.0963,-8.1376],[115.097,-8.1352],[115.1045,-8.1326],[115.1083,-8.1375],[115.1066,-8.1403],[115.1097,-8.1462],[115.1125,-8.1483],[115.119,-8.1474],[115.1207,-8.1514],[115.125,-8.1541],[115.1269,-8.1508],[115.125,-8.1496],[115.1255,-8.1444],[115.1284,-8.1438],[115.1403,-8.1524],[115.1406,-8.155],[115.1448,-8.1538],[115.1482,-8.1628],[115.1564,-8.1618],[115.1559,-8.1636],[115.1592,-8.1649],[115.1596,-8.1673],[115.1673,-8.1744],[115.173,-8.1855],[115.1797,-8.1881],[115.174,-8.1966],[115.1707,-8.2045],[115.1699,-8.2153],[115.1647,-8.223],[115.1695,-8.2321],[115.177,-8.2417],[115.1742,-8.2419],[115.1639,-8.2547],[115.1473,-8.2607],[115.1435,-8.2661],[115.1352,-8.2698],[115.1258,-8.2925],[115.1253,-8.2953],[115.1265,-8.2956],[115.124,-8.3078],[115.1184,-8.3067],[115.1108,-8.3009],[115.1087,-8.2987],[115.1094,-8.2961]]]]}},{"type":"Feature","properties":{"GID_3":"IDN.2.3.9_1","GID_0":"IDN","COUNTRY":"Indonesia","GID_1":"IDN.2_1","NAME_1":"Bali","NL_NAME_1":"NA","GID_2":"IDN.2.3_1","NAME_2":"Buleleng","NL_NAME_2":"NA","NAME_3":"Tejakula","VARNAME_3":"NA","NL_NAME_3":"NA","TYPE_3":"Kecamatan","ENGTYPE_3":"Sub-district","CC_3":"5108090","HASC_3":"NA"},"geometry":{"type":"MultiPolygon","coordinates":[[[[115.435,-8.1805],[115.43,-8.1826],[115.4285,-8.1885],[115.3995,-8.1892],[115.39,-8.1858],[115.391,-8.1783],[115.3816,-8.1736],[115.3792,-8.1709],[115.3811,-8.1681],[115.3781,-8.1652],[115.375,-8.1636],[115.3711,-8.1687],[115.3678,-8.1665],[115.3647,-8.1611],[115.3681,-8.1546],[115.3677,-8.1526],[115.3618,-8.1541],[115.3605,-8.1531],[115.3628,-8.1458],[115.3595,-8.1461],[115.3516,-8.1516],[115.3389,-8.143],[115.3373,-8.1506],[115.3334,-8.1563],[115.3235,-8.1447],[115.3172,-8.1479],[115.3164,-8.1573],[115.3119,-8.164],[115.3046,-8.1688],[115.3061,-8.174],[115.301,-8.1734],[115.293,-8.1688],[115.289,-8.1709],[115.2853,-8.1708],[115.281,-8.1673],[115.2816,-8.1644],[115.2799,-8.1609],[115.276,-8.1617],[115.2712,-8.1664],[115.2662,-8.1651],[115.2667,-8.1594],[115.2644,-8.154],[115.2655,-8.1507],[115.2636,-8.1442],[115.2612,-8.1405],[115.2571,-8.1387],[115.2594,-8.1299],[115.2625,-8.1266],[115.2575,-8.1224],[115.2539,-8.1131],[115.2551,-8.1071],[115.2519,-8.1004],[115.256,-8.0922],[115.253,-8.0861],[115.2648,-8.088],[115.2767,-8.0965],[115.2946,-8.1047],[115.3088,-8.1061],[115.3238,-8.113],[115.3391,-8.1115],[115.3458,-8.1192],[115.358,-8.1283],[115.3747,-8.1315],[115.3798,-8.1347],[115.39,-8.1359],[115.4047,-8.143],[115.4161,-8.1521],[115.4215,-8.152],[115.4371,-8.1558],[115.4533,-8.1622],[115.4569,-8.1654],[115.4488,-8.171],[115.443,-8.1729],[115.4419,-8.1777],[115.4363,-8.1814],[115.435,-8.1805]]]]}},{"type":"Feature","properties":{"GID_3":"IDN.2.4.1_1","GID_0":"IDN","COUNTRY":"Indonesia","GID_1":"IDN.2_1","NAME_1":"Bali","NL_NAME_1":"NA","GID_2":"IDN.2.4_1","NAME_2":"Denpasar","NL_NAME_2":"NA","NAME_3":"DenpasarBarat","VARNAME_3":"NA","NL_NAME_3":"NA","TYPE_3":"Kecamatan","ENGTYPE_3":"Sub-district","CC_3":"5171030","HASC_3":"NA"},"geometry":{"type":"MultiPolygon","coordinates":[[[[115.182,-8.7048],[115.1812,-8.6999],[115.1762,-8.6961],[115.1795,-8.6951],[115.1799,-8.6923],[115.1778,-8.6917],[115.1756,-8.6832],[115.1737,-8.6832],[115.1797,-8.6749],[115.1746,-8.6609],[115.1776,-8.6584],[115.178,-8.6608],[115.1806,-8.6601],[115.1798,-8.6589],[115.182,-8.6531],[115.1806,-8.6298],[115.1823,-8.6287],[115.1823,-8.6244],[115.1807,-8.6233],[115.1798,-8.6162],[115.1877,-8.6152],[115.1889,-8.6172],[115.1861,-8.6225],[115.1902,-8.6276],[115.191,-8.6323],[115.1954,-8.6351],[115.1932,-8.6368],[115.1948,-8.6454],[115.1942,-8.6491],[115.1921,-8.6512],[115.2186,-8.6562],[115.2182,-8.6612],[115.2214,-8.6613],[115.2216,-8.6641],[115.2196,-8.674],[115.2179,-8.6739],[115.2168,-8.6794],[115.2132,-8.6798],[115.2131,-8.6817],[115.2114,-8.6823],[115.2063,-8.6813],[115.199,-8.6867],[115.1979,-8.6894],[115.1922,-8.6896],[115.1893,-8.6961],[115.1866,-8.7096],[115.182,-8.7048]]]]}},{"type":"Feature","properties":{"GID_3":"IDN.2.4.2_1","GID_0":"IDN","COUNTRY":"Indonesia","GID_1":"IDN.2_1","NAME_1":"Bali","NL_NAME_1":"NA","GID_2":"IDN.2.4_1","NAME_2":"Denpasar","NL_NAME_2":"NA","NAME_3":"DenpasarSelatan","VARNAME_3":"NA","NL_NAME_3":"NA","TYPE_3":"Kecamatan","ENGTYPE_3":"Sub-district","CC_3":"5171010","HASC_3":"NA"},"geometry":{"type":"MultiPolygon","coordinates":[[[[115.2281,-8.7262],[115.2298,-8.7272],[115.2298,-8.7242],[115.2365,-8.7214],[115.2392,-8.7215],[115.2447,-8.7252],[115.2446,-8.7296],[115.2411,-8.7269],[115.2394,-8.7277],[115.2423,-8.731],[115.2394,-8.7322],[115.2401,-8.7342],[115.2366,-8.7363],[115.2378,-8.7376],[115.2408,-8.7347],[115.2445,-8.7341],[115.2448,-8.7309],[115.2491,-8.7284],[115.2467,-8.7362],[115.244,-8.7369],[115.2439,-8.7396],[115.2394,-8.7435],[115.2363,-8.7438],[115.2322,-8.7398],[115.2285,-8.739],[115.2299,-8.7374],[115.2293,-8.7352],[115.2276,-8.7418],[115.2337,-8.7442],[115.2351,-8.7466],[115.2302,-8.7502],[115.2293,-8.7526],[115.2179,-8.7471],[115.2208,-8.7352],[115.2223,-8.7343],[115.2217,-8.7319],[115.2274,-8.7273],[115.2242,-8.7256],[115.2208,-8.7271],[115.2138,-8.7268],[115.2117,-8.7364],[115.2138,-8.7381],[115.2122,-8.7448],[115.2109,-8.745],[115.2119,-8.7469],[115.206,-8.746],[115.208,-8.7383],[115.206,-8.7379],[115.2066,-8.7359],[115.2109,-8.7364],[115.2116,-8.7334],[115.2091,-8.7304],[115.2048,-8.7293],[115.205,-8.7329],[115.2014,-8.732],[115.1995,-8.7341],[115.1974,-8.7338],[115.1961,-8.7382],[115.1926,-8.7366],[115.1904,-8.7377],[115.1875,-8.7355],[115.1863,-8.7322],[115.1875,-8.7319],[115.1868,-8.7217],[115.1848,-8.7218],[115.1875,-8.7183],[115.1857,-8.7092],[115.1866,-8.7096],[115.1893,-8.6961],[115.1922,-8.6896],[115.1979,-8.6894],[115.199,-8.6867],[115.2063,-8.6813],[115.2131,-8.6817],[115.2132,-8.6798],[115.2168,-8.6794],[115.2179,-8.6739],[115.2407,-8.6747],[115.2405,-8.6735],[115.2458,-8.6737],[115.2457,-8.6719],[115.2483,-8.6705],[115.2477,-8.6684],[115.2499,-8.6681],[115.2528,-8.6647],[115.2555,-8.6642],[115.2562,-8.6659],[115.2596,-8.6661],[115.2653,-8.677],[115.2642,-8.6819],[115.2673,-8.6931],[115.265,-8.7044],[115.2622,-8.708],[115.2531,-8.7129],[115.2456,-8.7109],[115.2391,-8.7173],[115.2279,-8.7198],[115.2246,-8.7225],[115.2281,-8.7262]]],[[[115.2327,-8.7228],[115.2328,-8.7226],[115.2328,-8.7227],[115.2327,-8.7228]]]]}},{"type":"Feature","properties":{"GID_3":"IDN.2.4.3_1","GID_0":"IDN","COUNTRY":"Indonesia","GID_1":"IDN.2_1","NAME_1":"Bali","NL_NAME_1":"NA","GID_2":"IDN.2.4_1","NAME_2":"Denpasar","NL_NAME_2":"NA","NAME_3":"DenpasarTimur","VARNAME_3":"NA","NL_NAME_3":"NA","TYPE_3":"Kecamatan","ENGTYPE_3":"Sub-district","CC_3":"5171020","HASC_3":"NA"},"geometry":{"type":"MultiPolygon","coordinates":[[[[115.2196,-8.6711],[115.2216,-8.6638],[115.2214,-8.6613],[115.2182,-8.6612],[115.2185,-8.6515],[115.2221,-8.6517],[115.2222,-8.6567],[115.2266,-8.656],[115.2267,-8.6492],[115.2245,-8.6492],[115.2248,-8.6458],[115.2281,-8.6461],[115.2308,-8.6388],[115.2346,-8.6397],[115.2324,-8.6354],[115.2334,-8.632],[115.2288,-8.6277],[115.2312,-8.6272],[115.2308,-8.6129],[115.2329,-8.6109],[115.2366,-8.6104],[115.2372,-8.6084],[115.2316,-8.599],[115.2283,-8.5976],[115.2281,-8.5927],[115.2353,-8.5917],[115.2365,-8.5982],[115.2385,-8.5992],[115.2374,-8.6026],[115.2423,-8.6031],[115.2439,-8.6112],[115.2557,-8.6229],[115.2561,-8.6283],[115.2603,-8.6363],[115.2645,-8.6374],[115.2658,-8.6414],[115.2693,-8.6414],[115.2715,-8.6471],[115.275,-8.6502],[115.267,-8.6565],[115.2608,-8.6673],[115.2562,-8.6659],[115.2555,-8.6642],[115.2528,-8.6647],[115.2499,-8.6681],[115.2477,-8.6684],[115.2483,-8.6705],[115.2457,-8.6719],[115.2458,-8.6737],[115.229,-8.675],[115.2196,-8.674],[115.2196,-8.6711]]]]}},{"type":"Feature","properties":{"GID_3":"IDN.2.4.4_1","GID_0":"IDN","COUNTRY":"Indonesia","GID_1":"IDN.2_1","NAME_1":"Bali","NL_NAME_1":"NA","GID_2":"IDN.2.4_1","NAME_2":"Denpasar","NL_NAME_2":"NA","NAME_3":"DenpasarUtara","VARNAME_3":"NA","NL_NAME_3":"NA","TYPE_3":"Kecamatan","ENGTYPE_3":"Sub-district","CC_3":"5171031","HASC_3":"NA"},"geometry":{"type":"MultiPolygon","coordinates":[[[[115.2308,-8.6255],[115.2312,-8.6272],[115.2288,-8.6277],[115.2334,-8.632],[115.2324,-8.6354],[115.2346,-8.6397],[115.2308,-8.6388],[115.2281,-8.6461],[115.2248,-8.6458],[115.2245,-8.6492],[115.2267,-8.6492],[115.2266,-8.656],[115.2222,-8.6567],[115.2217,-8.6516],[115.2185,-8.6515],[115.2186,-8.6562],[115.1921,-8.6512],[115.1942,-8.6491],[115.1948,-8.6454],[115.1932,-8.6368],[115.1954,-8.6351],[115.191,-8.6323],[115.1902,-8.6276],[115.1861,-8.6224],[115.1889,-8.6172],[115.1888,-8.6128],[115.1977,-8.612],[115.1964,-8.6061],[115.1999,-8.6064],[115.2092,-8.6001],[115.2099,-8.5979],[115.2128,-8.5983],[115.2146,-8.5962],[115.2225,-8.5964],[115.2238,-8.5976],[115.2262,-8.5956],[115.2256,-8.5928],[115.2281,-8.5927],[115.2283,-8.5976],[115.2316,-8.599],[115.2372,-8.6084],[115.2366,-8.6104],[115.2329,-8.6109],[115.2308,-8.6129],[115.2308,-8.6255]]]]}},{"type":"Feature","properties":{"GID_3":"IDN.2.5.1_1","GID_0":"IDN","COUNTRY":"Indonesia","GID_1":"IDN.2_1","NAME_1":"Bali","NL_NAME_1":"NA","GID_2":"IDN.2.5_1","NAME_2":"Gianyar","NL_NAME_2":"NA","NAME_3":"Blahbatuh","VARNAME_3":"NA","NL_NAME_3":"NA","TYPE_3":"Kecamatan","ENGTYPE_3":"Sub-district","CC_3":"5104020","HASC_3":"NA"},"geometry":{"type":"MultiPolygon","coordinates":[[[[115.3252,-8.5686],[115.3299,-8.5712],[115.3378,-8.5695],[115.3373,-8.5723],[115.3415,-8.5811],[115.3437,-8.5813],[115.346,-8.5848],[115.3492,-8.5819],[115.3518,-8.5854],[115.3499,-8.5909],[115.3466,-8.5947],[115.3296,-8.6037],[115.3232,-8.6101],[115.3224,-8.6135],[115.3164,-8.6156],[115.3132,-8.6131],[115.3113,-8.6085],[115.3084,-8.6092],[115.298,-8.6],[115.2979,-8.5979],[115.2894,-8.5919],[115.2883,-8.5862],[115.2905,-8.5842],[115.2893,-8.5815],[115.2911,-8.5743],[115.29,-8.5691],[115.2927,-8.5647],[115.292,-8.5502],[115.2899,-8.5471],[115.2912,-8.5442],[115.2893,-8.5427],[115.2925,-8.534],[115.287,-8.5292],[115.2881,-8.5263],[115.2843,-8.5229],[115.2864,-8.5217],[115.2871,-8.5182],[115.2982,-8.5183],[115.301,-8.5233],[115.3071,-8.5234],[115.3068,-8.5271],[115.3119,-8.5371],[115.3135,-8.5481],[115.3184,-8.5508],[115.3179,-8.552],[115.3224,-8.5548],[115.3258,-8.5596],[115.3252,-8.5686]]]]}},{"type":"Feature","properties":{"GID_3":"IDN.2.5.2_1","GID_0":"IDN","COUNTRY":"Indonesia","GID_1":"IDN.2_1","NAME_1":"Bali","NL_NAME_1":"NA","GID_2":"IDN.2.5_1","NAME_2":"Gianyar","NL_NAME_2":"NA","NAME_3":"Gianyar","VARNAME_3":"NA","NL_NAME_3":"NA","TYPE_3":"Kecamatan","ENGTYPE_3":"Sub-district","CC_3":"5104030","HASC_3":"NA"},"geometry":{"type":"MultiPolygon","coordinates":[[[[115.351,-8.5849],[115.3492,-8.5819],[115.346,-8.5848],[115.3437,-8.5813],[115.3415,-8.5811],[115.3373,-8.5723],[115.3378,-8.5695],[115.3299,-8.5712],[115.3252,-8.5687],[115.3258,-8.5596],[115.3224,-8.5548],[115.3179,-8.552],[115.3184,-8.5508],[115.3135,-8.5481],[115.3119,-8.5371],[115.3068,-8.5271],[115.3082,-8.52],[115.3036,-8.5141],[115.3032,-8.5084],[115.3081,-8.5015],[115.3068,-8.4966],[115.3091,-8.4883],[115.3026,-8.4695],[115.3111,-8.46],[115.3105,-8.4586],[115.3126,-8.4566],[115.311,-8.4553],[115.3131,-8.4547],[115.3145,-8.4499],[115.317,-8.4478],[115.3159,-8.4427],[115.3182,-8.4394],[115.3209,-8.4407],[115.3206,-8.4447],[115.3246,-8.4522],[115.3233,-8.456],[115.325,-8.4573],[115.3252,-8.4619],[115.3272,-8.4652],[115.3249,-8.469],[115.3277,-8.4773],[115.3278,-8.4846],[115.3242,-8.4907],[115.3273,-8.4942],[115.3297,-8.508],[115.3324,-8.5095],[115.3298,-8.5104],[115.3291,-8.5131],[115.3344,-8.5169],[115.3345,-8.5214],[115.3365,-8.5228],[115.3444,-8.5249],[115.3576,-8.5209],[115.3578,-8.5234],[115.3603,-8.5243],[115.3607,-8.5322],[115.3637,-8.5365],[115.3624,-8.5395],[115.3636,-8.545],[115.3612,-8.5484],[115.3637,-8.5498],[115.3648,-8.5575],[115.3666,-8.5597],[115.3651,-8.5618],[115.3683,-8.5618],[115.3677,-8.564],[115.3691,-8.5634],[115.3695,-8.5667],[115.371,-8.5667],[115.371,-8.575],[115.3619,-8.5775],[115.351,-8.5849]]]]}},{"type":"Feature","properties":{"GID_3":"IDN.2.5.3_1","GID_0":"IDN","COUNTRY":"Indonesia","GID_1":"IDN.2_1","NAME_1":"Bali","NL_NAME_1":"NA","GID_2":"IDN.2.5_1","NAME_2":"Gianyar","NL_NAME_2":"NA","NAME_3":"Payangan","VARNAME_3":"NA","NL_NAME_3":"NA","TYPE_3":"Kecamatan","ENGTYPE_3":"Sub-district","CC_3":"5104070","HASC_3":"NA"},"geometry":{"type":"MultiPolygon","coordinates":[[[[115.2403,-8.4635],[115.234,-8.4545],[115.2344,-8.4525],[115.2313,-8.4505],[115.2326,-8.4481],[115.2317,-8.4472],[115.2309,-8.4483],[115.2296,-8.4451],[115.2304,-8.437],[115.2318,-8.4357],[115.2311,-8.4336],[115.2326,-8.4327],[115.2335,-8.4282],[115.2307,-8.4259],[115.2305,-8.4192],[115.2283,-8.4165],[115.2285,-8.395],[115.2267,-8.3941],[115.2254,-8.3885],[115.2283,-8.384],[115.2313,-8.3841],[115.2317,-8.3788],[115.2353,-8.3741],[115.2345,-8.3696],[115.2333,-8.3695],[115.237,-8.365],[115.2344,-8.3578],[115.2375,-8.3541],[115.2403,-8.3459],[115.2421,-8.3455],[115.2416,-8.3429],[115.2436,-8.3429],[115.2446,-8.3407],[115.2478,-8.3414],[115.2493,-8.3383],[115.248,-8.3319],[115.2434,-8.3293],[115.2466,-8.325],[115.2449,-8.3219],[115.249,-8.3205],[115.2474,-8.3175],[115.251,-8.3145],[115.2589,-8.3151],[115.2641,-8.3221],[115.263,-8.3329],[115.271,-8.3226],[115.2772,-8.3199],[115.2845,-8.3136],[115.291,-8.3162],[115.2914,-8.3246],[115.2943,-8.3282],[115.2932,-8.331],[115.2948,-8.3327],[115.2941,-8.3421],[115.2918,-8.3471],[115.2854,-8.3525],[115.2843,-8.3578],[115.2789,-8.3639],[115.279,-8.3665],[115.2745,-8.3731],[115.2745,-8.3767],[115.2773,-8.3795],[115.2739,-8.3868],[115.2748,-8.3902],[115.2719,-8.396],[115.2725,-8.399],[115.2689,-8.4021],[115.271,-8.4096],[115.2682,-8.4121],[115.2678,-8.4177],[115.2655,-8.4214],[115.2691,-8.4234],[115.2713,-8.4197],[115.2763,-8.4205],[115.2777,-8.4219],[115.2765,-8.4279],[115.2774,-8.4293],[115.2754,-8.4311],[115.275,-8.4348],[115.2709,-8.4384],[115.2716,-8.4451],[115.269,-8.4466],[115.2629,-8.4459],[115.2615,-8.4456],[115.2624,-8.4431],[115.2587,-8.4429],[115.2595,-8.4552],[115.2559,-8.4622],[115.2559,-8.476],[115.2522,-8.4735],[115.2515,-8.4676],[115.2488,-8.4651],[115.2506,-8.4607],[115.2485,-8.4597],[115.2471,-8.4552],[115.2424,-8.4565],[115.2403,-8.4635]]]]}},{"type":"Feature","properties":{"GID_3":"IDN.2.5.4_1","GID_0":"IDN","COUNTRY":"Indonesia","GID_1":"IDN.2_1","NAME_1":"Bali","NL_NAME_1":"NA","GID_2":"IDN.2.5_1","NAME_2":"Gianyar","NL_NAME_2":"NA","NAME_3":"Sukawati","VARNAME_3":"NA","NL_NAME_3":"NA","TYPE_3":"Kecamatan","ENGTYPE_3":"Sub-district","CC_3":"5104010","HASC_3":"NA"},"geometry":{"type":"MultiPolygon","coordinates":[[[[115.2439,-8.6012],[115.2496,-8.585],[115.2493,-8.5744],[115.2449,-8.5642],[115.2449,-8.5583],[115.2415,-8.5561],[115.2391,-8.548],[115.2351,-8.5454],[115.234,-8.5413],[115.2441,-8.5403],[115.242,-8.5379],[115.2421,-8.5353],[115.2456,-8.5336],[115.2481,-8.5403],[115.2465,-8.5443],[115.2484,-8.546],[115.2487,-8.5495],[115.2543,-8.5513],[115.255,-8.5604],[115.2592,-8.5742],[115.2631,-8.576],[115.265,-8.579],[115.2682,-8.579],[115.268,-8.5614],[115.2791,-8.562],[115.2822,-8.5557],[115.2784,-8.544],[115.28,-8.5327],[115.2783,-8.5306],[115.2805,-8.523],[115.2778,-8.5199],[115.2791,-8.5165],[115.2881,-8.5263],[115.287,-8.5292],[115.2925,-8.534],[115.2893,-8.5427],[115.2912,-8.5442],[115.2899,-8.5471],[115.292,-8.5502],[115.2927,-8.5647],[115.29,-8.5691],[115.2911,-8.5743],[115.2893,-8.5815],[115.2905,-8.5842],[115.2883,-8.5862],[115.2894,-8.5919],[115.2979,-8.5979],[115.298,-8.6],[115.3084,-8.6092],[115.3113,-8.6085],[115.3132,-8.6131],[115.3169,-8.6157],[115.3029,-8.6241],[115.2982,-8.6322],[115.275,-8.6502],[115.2715,-8.6471],[115.2693,-8.6414],[115.2658,-8.6414],[115.2645,-8.6374],[115.2603,-8.6363],[115.2561,-8.6283],[115.2557,-8.6229],[115.2439,-8.6112],[115.2423,-8.6031],[115.2439,-8.6012]]]]}},{"type":"Feature","properties":{"GID_3":"IDN.2.5.5_1","GID_0":"IDN","COUNTRY":"Indonesia","GID_1":"IDN.2_1","NAME_1":"Bali","NL_NAME_1":"NA","GID_2":"IDN.2.5_1","NAME_2":"Gianyar","NL_NAME_2":"NA","NAME_3":"Tampaksiring","VARNAME_3":"NA","NL_NAME_3":"NA","TYPE_3":"Kecamatan","ENGTYPE_3":"Sub-district","CC_3":"5104040","HASC_3":"NA"},"geometry":{"type":"MultiPolygon","coordinates":[[[[115.2998,-8.5197],[115.2976,-8.5182],[115.2877,-8.5179],[115.2856,-8.5225],[115.2828,-8.5215],[115.2817,-8.5181],[115.2791,-8.5165],[115.2787,-8.5106],[115.2817,-8.4993],[115.2762,-8.4985],[115.2783,-8.4971],[115.2797,-8.4908],[115.2835,-8.4865],[115.2828,-8.4808],[115.2862,-8.4775],[115.2876,-8.4691],[115.292,-8.4637],[115.2928,-8.4594],[115.3003,-8.4524],[115.2978,-8.4453],[115.2988,-8.4408],[115.297,-8.4392],[115.2996,-8.4356],[115.299,-8.432],[115.3016,-8.4307],[115.3008,-8.4285],[115.3034,-8.4221],[115.3025,-8.4184],[115.3044,-8.4126],[115.3069,-8.4103],[115.3077,-8.4026],[115.3148,-8.3973],[115.3158,-8.3939],[115.3208,-8.3899],[115.3212,-8.3826],[115.3233,-8.38],[115.3227,-8.3727],[115.3257,-8.3644],[115.3285,-8.3649],[115.3291,-8.3736],[115.3321,-8.3705],[115.3334,-8.3659],[115.3366,-8.3663],[115.3362,-8.3738],[115.3333,-8.3775],[115.3347,-8.38],[115.3371,-8.38],[115.3367,-8.3849],[115.3306,-8.4034],[115.3308,-8.4142],[115.3228,-8.4287],[115.3176,-8.434],[115.3183,-8.4402],[115.3159,-8.4427],[115.317,-8.4478],[115.3145,-8.4499],[115.3131,-8.4547],[115.311,-8.4551],[115.3126,-8.4566],[115.3105,-8.4586],[115.3111,-8.46],[115.3026,-8.4695],[115.3091,-8.4883],[115.3068,-8.4966],[115.3081,-8.5015],[115.303,-8.509],[115.3036,-8.5141],[115.3084,-8.5208],[115.3071,-8.5234],[115.3017,-8.5234],[115.2998,-8.5197]]]]}},{"type":"Feature","properties":{"GID_3":"IDN.2.5.6_1","GID_0":"IDN","COUNTRY":"Indonesia","GID_1":"IDN.2_1","NAME_1":"Bali","NL_NAME_1":"NA","GID_2":"IDN.2.5_1","NAME_2":"Gianyar","NL_NAME_2":"NA","NAME_3":"Tegallalang","VARNAME_3":"NA","NL_NAME_3":"NA","TYPE_3":"Kecamatan","ENGTYPE_3":"Sub-district","CC_3":"5104060","HASC_3":"NA"},"geometry":{"type":"MultiPolygon","coordinates":[[[[115.2842,-8.4803],[115.2828,-8.4808],[115.2835,-8.4865],[115.2815,-8.4895],[115.2797,-8.4908],[115.2756,-8.4885],[115.2779,-8.4749],[115.2753,-8.4693],[115.2688,-8.4693],[115.2657,-8.4739],[115.2647,-8.4804],[115.2595,-8.4818],[115.2605,-8.4906],[115.256,-8.4958],[115.2565,-8.5021],[115.2546,-8.5048],[115.2536,-8.5008],[115.2562,-8.4914],[115.2559,-8.4843],[115.2543,-8.4821],[115.2564,-8.4777],[115.2566,-8.4723],[115.2552,-8.4657],[115.2595,-8.4552],[115.2587,-8.4429],[115.2624,-8.4431],[115.2615,-8.4456],[115.2629,-8.4459],[115.269,-8.4466],[115.2716,-8.4451],[115.2709,-8.4384],[115.275,-8.4348],[115.2754,-8.4311],[115.2774,-8.4293],[115.2765,-8.4279],[115.2777,-8.4219],[115.2763,-8.4205],[115.2713,-8.4197],[115.2691,-8.4234],[115.2655,-8.4214],[115.2678,-8.4177],[115.2682,-8.4121],[115.271,-8.4096],[115.2689,-8.4021],[115.2725,-8.399],[115.2719,-8.396],[115.2748,-8.3902],[115.2739,-8.3868],[115.2773,-8.3795],[115.2745,-8.3767],[115.2745,-8.3731],[115.279,-8.3665],[115.2789,-8.3639],[115.2843,-8.3578],[115.2854,-8.3525],[115.2918,-8.3471],[115.2941,-8.3421],[115.2948,-8.3326],[115.304,-8.3345],[115.3082,-8.3278],[115.3152,-8.3296],[115.3146,-8.332],[115.3167,-8.3365],[115.3224,-8.3283],[115.3246,-8.3288],[115.3285,-8.3307],[115.3273,-8.3381],[115.331,-8.3456],[115.3303,-8.3579],[115.3256,-8.3624],[115.3248,-8.3698],[115.3227,-8.3727],[115.3233,-8.38],[115.3212,-8.3826],[115.3208,-8.3899],[115.3158,-8.3939],[115.3148,-8.3973],[115.3077,-8.4026],[115.3069,-8.4103],[115.3044,-8.4126],[115.3025,-8.4184],[115.3034,-8.4221],[115.3008,-8.4285],[115.3016,-8.4307],[115.299,-8.432],[115.2996,-8.4356],[115.297,-8.4392],[115.2988,-8.4408],[115.2978,-8.4453],[115.3003,-8.4524],[115.2928,-8.4594],[115.292,-8.4637],[115.2872,-8.4699],[115.2862,-8.4775],[115.2842,-8.4803]]]]}},{"type":"Feature","properties":{"GID_3":"IDN.2.5.7_1","GID_0":"IDN","COUNTRY":"Indonesia","GID_1":"IDN.2_1","NAME_1":"Bali","NL_NAME_1":"NA","GID_2":"IDN.2.5_1","NAME_2":"Gianyar","NL_NAME_2":"NA","NAME_3":"Ubud","VARNAME_3":"NA","NL_NAME_3":"NA","TYPE_3":"Kecamatan","ENGTYPE_3":"Sub-district","CC_3":"5104050","HASC_3":"NA"},"geometry":{"type":"MultiPolygon","coordinates":[[[[115.2682,-8.562],[115.2685,-8.5785],[115.2652,-8.5791],[115.258,-8.5718],[115.2544,-8.5577],[115.2556,-8.5562],[115.2543,-8.5513],[115.2487,-8.5495],[115.2484,-8.546],[115.2465,-8.5443],[115.2481,-8.5403],[115.2456,-8.5336],[115.2421,-8.5353],[115.2422,-8.5382],[115.2445,-8.5399],[115.2433,-8.5409],[115.238,-8.5401],[115.234,-8.5413],[115.2335,-8.5393],[115.2311,-8.5383],[115.2329,-8.5363],[115.233,-8.5293],[115.2301,-8.5268],[115.2318,-8.5221],[115.2306,-8.5213],[115.2309,-8.5175],[115.2334,-8.5124],[115.2373,-8.511],[115.2379,-8.5029],[115.2403,-8.4999],[115.2432,-8.4994],[115.2432,-8.496],[115.2402,-8.4916],[115.2436,-8.4877],[115.2416,-8.486],[115.2449,-8.4777],[115.2421,-8.476],[115.2425,-8.4724],[115.2444,-8.4719],[115.2413,-8.4708],[115.2424,-8.4698],[115.2411,-8.4605],[115.2424,-8.4565],[115.2455,-8.4551],[115.2471,-8.4552],[115.2485,-8.4597],[115.2504,-8.4604],[115.2489,-8.4656],[115.2515,-8.4676],[115.2522,-8.4735],[115.2564,-8.4772],[115.2543,-8.4821],[115.2559,-8.4843],[115.2562,-8.4914],[115.2536,-8.5008],[115.2548,-8.505],[115.2565,-8.5021],[115.256,-8.4958],[115.2605,-8.4906],[115.2595,-8.4818],[115.2647,-8.4804],[115.2657,-8.4739],[115.2688,-8.4693],[115.2753,-8.4693],[115.278,-8.4751],[115.2753,-8.4878],[115.2797,-8.4908],[115.2786,-8.4965],[115.2762,-8.4987],[115.2817,-8.4993],[115.2798,-8.5033],[115.2778,-8.5195],[115.2805,-8.5227],[115.2783,-8.5306],[115.28,-8.5327],[115.2784,-8.544],[115.2823,-8.5552],[115.2791,-8.562],[115.2682,-8.562]]]]}},{"type":"Feature","properties":{"GID_3":"IDN.2.6.1_1","GID_0":"IDN","COUNTRY":"Indonesia","GID_1":"IDN.2_1","NAME_1":"Bali","NL_NAME_1":"NA","GID_2":"IDN.2.6_1","NAME_2":"Jembrana","NL_NAME_2":"NA","NAME_3":"Jembrana","VARNAME_3":"NA","NL_NAME_3":"NA","TYPE_3":"Kecamatan","ENGTYPE_3":"Sub-district","CC_3":"5101021","HASC_3":"NA"},"geometry":{"type":"MultiPolygon","coordinates":[[[[114.6393,-8.4065],[114.6228,-8.4076],[114.6056,-8.4036],[114.6047,-8.4003],[114.6235,-8.3944],[114.624,-8.389],[114.6223,-8.3879],[114.6238,-8.3861],[114.6194,-8.3813],[114.6203,-8.3795],[114.6166,-8.3796],[114.6178,-8.3765],[114.6158,-8.376],[114.623,-8.3677],[114.6242,-8.3647],[114.6235,-8.3546],[114.6257,-8.3515],[114.6242,-8.3467],[114.6262,-8.3309],[114.6219,-8.3255],[114.6217,-8.3217],[114.626,-8.3157],[114.6257,-8.31],[114.6278,-8.3044],[114.6269,-8.3023],[114.638,-8.289],[114.6413,-8.2794],[114.6404,-8.2681],[114.6422,-8.2608],[114.6449,-8.2586],[114.6445,-8.255],[114.6484,-8.2501],[114.6479,-8.2419],[114.6545,-8.2369],[114.6529,-8.237],[114.6518,-8.2343],[114.6534,-8.2301],[114.6525,-8.226],[114.6675,-8.2224],[114.6721,-8.2229],[114.6785,-8.226],[114.6843,-8.2317],[114.6883,-8.2447],[114.6775,-8.2521],[114.6863,-8.254],[114.6832,-8.2621],[114.6796,-8.2661],[114.6776,-8.2794],[114.6715,-8.2916],[114.6759,-8.299],[114.6738,-8.3138],[114.6766,-8.3214],[114.6747,-8.3221],[114.675,-8.3264],[114.6732,-8.3261],[114.6736,-8.3285],[114.6702,-8.3293],[114.6705,-8.3367],[114.6679,-8.3357],[114.6656,-8.3374],[114.6605,-8.3693],[114.6559,-8.3804],[114.6569,-8.3822],[114.6541,-8.3865],[114.6573,-8.3878],[114.6569,-8.3894],[114.6689,-8.3896],[114.6682,-8.4008],[114.6393,-8.4065]]]]}},{"type":"Feature","properties":{"GID_3":"IDN.2.6.2_1","GID_0":"IDN","COUNTRY":"Indonesia","GID_1":"IDN.2_1","NAME_1":"Bali","NL_NAME_1":"NA","GID_2":"IDN.2.6_1","NAME_2":"Jembrana","NL_NAME_2":"NA","NAME_3":"Melaya","VARNAME_3":"NA","NL_NAME_3":"NA","TYPE_3":"Kecamatan","ENGTYPE_3":"Sub-district","CC_3":"5101010","HASC_3":"NA"},"geometry":{"type":"MultiPolygon","coordinates":[[[[114.6321,-8.2123],[114.638,-8.2176],[114.649,-8.2217],[114.6523,-8.2263],[114.6477,-8.2305],[114.6419,-8.2315],[114.633,-8.2401],[114.6232,-8.2466],[114.6202,-8.2521],[114.6175,-8.2527],[114.6132,-8.2684],[114.6073,-8.2745],[114.6062,-8.2782],[114.6078,-8.2801],[114.6056,-8.2822],[114.6057,-8.2845],[114.6036,-8.2873],[114.5945,-8.2914],[114.5937,-8.2946],[114.5904,-8.2957],[114.5903,-8.2994],[114.5939,-8.307],[114.5921,-8.3119],[114.5895,-8.3138],[114.5884,-8.3188],[114.5767,-8.3244],[114.5692,-8.3226],[114.5654,-8.3253],[114.5627,-8.3239],[114.5623,-8.3258],[114.5581,-8.3216],[114.5563,-8.3242],[114.5541,-8.3242],[114.5537,-8.3278],[114.5553,-8.3294],[114.5532,-8.3308],[114.5513,-8.3294],[114.5464,-8.3326],[114.5429,-8.3296],[114.5405,-8.3304],[114.5391,-8.3291],[114.5366,-8.3318],[114.5343,-8.3317],[114.5354,-8.3338],[114.5325,-8.3343],[114.5316,-8.3325],[114.5299,-8.3339],[114.5236,-8.3338],[114.5201,-8.3299],[114.519,-8.3252],[114.5209,-8.3143],[114.5176,-8.3062],[114.5089,-8.3001],[114.4845,-8.2769],[114.4788,-8.2622],[114.4729,-8.2548],[114.4697,-8.2464],[114.4608,-8.2348],[114.4547,-8.2299],[114.4542,-8.2265],[114.4477,-8.2168],[114.4387,-8.1843],[114.4336,-8.1791],[114.4341,-8.1766],[114.4317,-8.1721],[114.4333,-8.166],[114.4374,-8.1607],[114.4393,-8.1602],[114.4388,-8.1639],[114.4417,-8.1653],[114.4449,-8.1631],[114.447,-8.1637],[114.4466,-8.1651],[114.4506,-8.1657],[114.4522,-8.1644],[114.4516,-8.1682],[114.4496,-8.1658],[114.442,-8.166],[114.4457,-8.1713],[114.4453,-8.1763],[114.4423,-8.1769],[114.442,-8.179],[114.4452,-8.18],[114.4472,-8.1789],[114.4502,-8.1721],[114.4522,-8.1726],[114.4517,-8.1738],[114.4541,-8.1728],[114.4482,-8.1789],[114.4523,-8.1772],[114.4596,-8.1665],[114.4597,-8.1701],[114.4563,-8.1765],[114.457,-8.1925],[114.4636,-8.1952],[114.476,-8.1956],[114.4808,-8.1972],[114.4943,-8.1936],[114.5001,-8.1987],[114.5059,-8.1999],[114.5096,-8.2053],[114.5137,-8.2057],[114.5194,-8.2049],[114.532,-8.1912],[114.5532,-8.1978],[114.5624,-8.1919],[114.5727,-8.1896],[114.5825,-8.1818],[114.5853,-8.1775],[114.5882,-8.1765],[114.59,-8.1734],[114.5912,-8.1774],[114.5958,-8.1763],[114.6016,-8.1785],[114.6043,-8.1775],[114.6137,-8.1844],[114.6186,-8.1839],[114.6206,-8.1904],[114.6267,-8.199],[114.6321,-8.2123]]]]}},{"type":"Feature","properties":{"GID_3":"IDN.2.6.3_1","GID_0":"IDN","COUNTRY":"Indonesia","GID_1":"IDN.2_1","NAME_1":"Bali","NL_NAME_1":"NA","GID_2":"IDN.2.6_1","NAME_2":"Jembrana","NL_NAME_2":"NA","NAME_3":"Menddoyo","VARNAME_3":"NA","NL_NAME_3":"NA","TYPE_3":"Kecamatan","ENGTYPE_3":"Sub-district","CC_3":"5101030","HASC_3":"NA"},"geometry":{"type":"MultiPolygon","coordinates":[[[[114.6926,-8.2079],[114.7027,-8.1984],[114.7276,-8.217],[114.7481,-8.2237],[114.7516,-8.2289],[114.7559,-8.2319],[114.7585,-8.2412],[114.7629,-8.2491],[114.7662,-8.2534],[114.7708,-8.2553],[114.7717,-8.2618],[114.7778,-8.2702],[114.781,-8.2721],[114.7798,-8.2762],[114.7817,-8.2808],[114.7792,-8.2845],[114.7798,-8.2884],[114.7772,-8.3022],[114.7702,-8.3138],[114.7711,-8.3216],[114.7695,-8.3241],[114.7711,-8.3279],[114.7697,-8.3316],[114.7717,-8.3387],[114.7693,-8.347],[114.7661,-8.3501],[114.7673,-8.3518],[114.7642,-8.3546],[114.7656,-8.3561],[114.7631,-8.3632],[114.7643,-8.3711],[114.7613,-8.3716],[114.7621,-8.376],[114.7597,-8.3781],[114.7605,-8.3795],[114.7579,-8.3845],[114.754,-8.3881],[114.7519,-8.3933],[114.7522,-8.3998],[114.7332,-8.3965],[114.7403,-8.396],[114.7376,-8.3888],[114.7417,-8.3836],[114.7397,-8.3829],[114.7401,-8.3753],[114.7388,-8.3754],[114.7363,-8.3716],[114.7324,-8.3731],[114.7299,-8.3683],[114.7355,-8.3603],[114.7348,-8.3576],[114.7382,-8.358],[114.7392,-8.3554],[114.7405,-8.3559],[114.7402,-8.3541],[114.7363,-8.3538],[114.7392,-8.3494],[114.7389,-8.3466],[114.7405,-8.3463],[114.739,-8.3372],[114.7401,-8.3353],[114.7417,-8.3357],[114.7418,-8.3341],[114.74,-8.3334],[114.7413,-8.3329],[114.7405,-8.3276],[114.7428,-8.3237],[114.7411,-8.3231],[114.739,-8.3178],[114.7395,-8.3149],[114.7341,-8.3104],[114.7346,-8.3073],[114.7333,-8.306],[114.7334,-8.3037],[114.7368,-8.3002],[114.7351,-8.2777],[114.7332,-8.2722],[114.7304,-8.2715],[114.7302,-8.2675],[114.7284,-8.2665],[114.7231,-8.2502],[114.7146,-8.2425],[114.7133,-8.2375],[114.7068,-8.2279],[114.7058,-8.2208],[114.6996,-8.2165],[114.6984,-8.2129],[114.6926,-8.2079]]]]}},{"type":"Feature","properties":{"GID_3":"IDN.2.6.4_1","GID_0":"IDN","COUNTRY":"Indonesia","GID_1":"IDN.2_1","NAME_1":"Bali","NL_NAME_1":"NA","GID_2":"IDN.2.6_1","NAME_2":"Jembrana","NL_NAME_2":"NA","NAME_3":"Mendoyo","VARNAME_3":"NA","NL_NAME_3":"NA","TYPE_3":"Kecamatan","ENGTYPE_3":"Sub-district","CC_3":"5101030","HASC_3":"NA"},"geometry":{"type":"MultiPolygon","coordinates":[[[[114.679,-8.3991],[114.6682,-8.4008],[114.6689,-8.3896],[114.6569,-8.3894],[114.6573,-8.3878],[114.6541,-8.3865],[114.6569,-8.3822],[114.6559,-8.3804],[114.6605,-8.3693],[114.6656,-8.3374],[114.6679,-8.3357],[114.6705,-8.3367],[114.6702,-8.3293],[114.6736,-8.3285],[114.6732,-8.3261],[114.675,-8.3264],[114.6747,-8.3221],[114.6766,-8.3214],[114.6738,-8.3138],[114.6759,-8.299],[114.6715,-8.2916],[114.6776,-8.2794],[114.6796,-8.2661],[114.6862,-8.2554],[114.6859,-8.2533],[114.6775,-8.2521],[114.6822,-8.2477],[114.6882,-8.2457],[114.6843,-8.2317],[114.6907,-8.2195],[114.691,-8.2107],[114.6926,-8.2079],[114.6984,-8.2129],[114.6996,-8.2165],[114.7058,-8.2208],[114.7068,-8.2279],[114.7133,-8.2375],[114.7146,-8.2425],[114.7231,-8.2502],[114.7284,-8.2665],[114.7302,-8.2675],[114.7304,-8.2715],[114.7332,-8.2722],[114.7351,-8.2777],[114.7368,-8.3002],[114.7334,-8.3037],[114.7333,-8.306],[114.7346,-8.3073],[114.7341,-8.3104],[114.7395,-8.3149],[114.739,-8.3178],[114.7411,-8.3231],[114.7428,-8.3237],[114.7405,-8.3276],[114.7413,-8.3329],[114.74,-8.3334],[114.7418,-8.3341],[114.7417,-8.3357],[114.7401,-8.3353],[114.739,-8.3372],[114.7405,-8.3463],[114.7389,-8.3466],[114.7392,-8.3494],[114.7363,-8.3538],[114.7402,-8.3541],[114.7405,-8.3559],[114.7392,-8.3554],[114.7382,-8.358],[114.7348,-8.3576],[114.7355,-8.3603],[114.7331,-8.365],[114.7306,-8.3659],[114.7299,-8.3693],[114.7324,-8.3731],[114.7363,-8.3716],[114.7388,-8.3754],[114.7401,-8.3753],[114.7397,-8.3829],[114.7417,-8.3836],[114.7376,-8.3888],[114.7395,-8.3965],[114.7354,-8.3954],[114.679,-8.3991]]],[[[114.8278,-8.334],[114.8337,-8.336],[114.8324,-8.3428],[114.8224,-8.3521],[114.8191,-8.3563],[114.8192,-8.3586],[114.818,-8.3584],[114.8189,-8.36],[114.8165,-8.361],[114.8155,-8.3648],[114.8124,-8.3672],[114.8132,-8.3731],[114.8103,-8.374],[114.8115,-8.376],[114.8107,-8.3781],[114.812,-8.3782],[114.8072,-8.3871],[114.808,-8.394],[114.8063,-8.3957],[114.8104,-8.3968],[114.8046,-8.4015],[114.8043,-8.4161],[114.7901,-8.4091],[114.7523,-8.3997],[114.7519,-8.3933],[114.754,-8.3881],[114.7579,-8.3845],[114.7605,-8.3795],[114.7597,-8.3781],[114.7621,-8.376],[114.7613,-8.3716],[114.7643,-8.3711],[114.7631,-8.3632],[114.7656,-8.3561],[114.7642,-8.3546],[114.7673,-8.3518],[114.7661,-8.3501],[114.7693,-8.347],[114.7717,-8.3387],[114.7697,-8.3316],[114.7711,-8.3279],[114.7695,-8.3241],[114.7711,-8.3216],[114.7702,-8.3138],[114.7772,-8.3022],[114.7798,-8.2884],[114.7792,-8.2845],[114.7817,-8.2808],[114.7798,-8.2762],[114.781,-8.2721],[114.7766,-8.2688],[114.771,-8.2602],[114.7761,-8.2631],[114.7783,-8.2604],[114.7832,-8.2595],[114.7832,-8.256],[114.785,-8.2543],[114.7956,-8.2566],[114.7987,-8.2527],[114.8027,-8.2514],[114.808,-8.2523],[114.8166,-8.26],[114.816,-8.2643],[114.8118,-8.2637],[114.8108,-8.2663],[114.8136,-8.2715],[114.8131,-8.2791],[114.8171,-8.2818],[114.8164,-8.2928],[114.8187,-8.2943],[114.8206,-8.3015],[114.8188,-8.3154],[114.8209,-8.3174],[114.8248,-8.3177],[114.8222,-8.325],[114.8241,-8.3329],[114.8278,-8.334]]]]}},{"type":"Feature","properties":{"GID_3":"IDN.2.6.5_1","GID_0":"IDN","COUNTRY":"Indonesia","GID_1":"IDN.2_1","NAME_1":"Bali","NL_NAME_1":"NA","GID_2":"IDN.2.6_1","NAME_2":"Jembrana","NL_NAME_2":"NA","NAME_3":"Negara","VARNAME_3":"NA","NL_NAME_3":"NA","TYPE_3":"Kecamatan","ENGTYPE_3":"Sub-district","CC_3":"5101020","HASC_3":"NA"},"geometry":{"type":"MultiPolygon","coordinates":[[[[114.6238,-8.3914],[114.6232,-8.3949],[114.6069,-8.4004],[114.6052,-8.3998],[114.5975,-8.4033],[114.5815,-8.3983],[114.5806,-8.394],[114.5737,-8.3858],[114.5757,-8.3843],[114.565,-8.3719],[114.5562,-8.3661],[114.5561,-8.3636],[114.5467,-8.3554],[114.5446,-8.3472],[114.5236,-8.3345],[114.5316,-8.3325],[114.5325,-8.3343],[114.5354,-8.3338],[114.5343,-8.3317],[114.5366,-8.3318],[114.5391,-8.3291],[114.5405,-8.3304],[114.5429,-8.3296],[114.5464,-8.3326],[114.5513,-8.3294],[114.5532,-8.3308],[114.5553,-8.3294],[114.5537,-8.3278],[114.5541,-8.3242],[114.5563,-8.3242],[114.5581,-8.3216],[114.5623,-8.3258],[114.5627,-8.3239],[114.5654,-8.3253],[114.572,-8.3224],[114.5767,-8.3244],[114.5868,-8.3205],[114.5939,-8.307],[114.5903,-8.2994],[114.5904,-8.2957],[114.5937,-8.2946],[114.5945,-8.2914],[114.6036,-8.2873],[114.6057,-8.2845],[114.6056,-8.2822],[114.6078,-8.2801],[114.6062,-8.2782],[114.6073,-8.2745],[114.6132,-8.2684],[114.6175,-8.2527],[114.6202,-8.2521],[114.6232,-8.2466],[114.633,-8.2401],[114.6419,-8.2315],[114.6477,-8.2305],[114.6524,-8.2257],[114.6534,-8.2301],[114.6518,-8.2343],[114.6529,-8.237],[114.6545,-8.2369],[114.6479,-8.2419],[114.6484,-8.2501],[114.6445,-8.255],[114.6449,-8.2586],[114.6422,-8.2608],[114.6404,-8.2681],[114.6413,-8.2794],[114.638,-8.289],[114.6269,-8.3023],[114.6278,-8.3044],[114.6257,-8.31],[114.626,-8.3157],[114.6217,-8.3217],[114.6219,-8.3255],[114.6262,-8.3309],[114.6242,-8.3467],[114.6257,-8.3515],[114.6235,-8.3546],[114.6242,-8.3647],[114.623,-8.3677],[114.6158,-8.376],[114.6178,-8.3765],[114.6166,-8.3796],[114.6203,-8.3795],[114.6194,-8.3813],[114.6238,-8.3861],[114.6223,-8.3879],[114.624,-8.389],[114.6238,-8.3914]]]]}},{"type":"Feature","properties":{"GID_3":"IDN.2.6.6_1","GID_0":"IDN","COUNTRY":"Indonesia","GID_1":"IDN.2_1","NAME_1":"Bali","NL_NAME_1":"NA","GID_2":"IDN.2.6_1","NAME_2":"Jembrana","NL_NAME_2":"NA","NAME_3":"Pekutatan","VARNAME_3":"NA","NL_NAME_3":"NA","TYPE_3":"Kecamatan","ENGTYPE_3":"Sub-district","CC_3":"5101040","HASC_3":"NA"},"geometry":{"type":"MultiPolygon","coordinates":[[[[114.8866,-8.4522],[114.8835,-8.45],[114.8779,-8.45],[114.8564,-8.4421],[114.8512,-8.4378],[114.8495,-8.439],[114.8351,-8.4352],[114.825,-8.4348],[114.8178,-8.4309],[114.8158,-8.4251],[114.8055,-8.4203],[114.8039,-8.4108],[114.8044,-8.4023],[114.8058,-8.3994],[114.8075,-8.4003],[114.8103,-8.3973],[114.8099,-8.396],[114.8063,-8.3957],[114.808,-8.394],[114.8072,-8.3871],[114.812,-8.3782],[114.8107,-8.3781],[114.8115,-8.376],[114.8103,-8.374],[114.8132,-8.3731],[114.8124,-8.3672],[114.8155,-8.3648],[114.8165,-8.361],[114.8189,-8.36],[114.818,-8.3584],[114.8192,-8.3586],[114.8191,-8.3563],[114.8224,-8.3521],[114.8318,-8.3439],[114.8338,-8.3359],[114.8389,-8.3378],[114.8426,-8.3352],[114.8471,-8.3375],[114.8511,-8.3366],[114.8585,-8.3415],[114.8608,-8.3407],[114.864,-8.3353],[114.872,-8.3381],[114.8782,-8.3443],[114.8844,-8.3467],[114.8874,-8.3518],[114.8967,-8.3576],[114.8981,-8.3652],[114.9019,-8.3715],[114.9025,-8.3753],[114.9234,-8.3833],[114.9291,-8.3827],[114.9297,-8.3868],[114.9337,-8.3905],[114.9334,-8.3995],[114.9307,-8.4015],[114.9288,-8.4067],[114.9272,-8.4072],[114.9224,-8.42],[114.9254,-8.4251],[114.9252,-8.4319],[114.9239,-8.4329],[114.9269,-8.4369],[114.9235,-8.4436],[114.9251,-8.4484],[114.9164,-8.4579],[114.9171,-8.4595],[114.9156,-8.4602],[114.9175,-8.4625],[114.914,-8.4672],[114.9065,-8.4616],[114.8866,-8.4522]]]]}},{"type":"Feature","properties":{"GID_3":"IDN.2.7.1_1","GID_0":"IDN","COUNTRY":"Indonesia","GID_1":"IDN.2_1","NAME_1":"Bali","NL_NAME_1":"NA","GID_2":"IDN.2.7_1","NAME_2":"Karangasem","NL_NAME_2":"NA","NAME_3":"Abang","VARNAME_3":"NA","NL_NAME_3":"NA","TYPE_3":"Kecamatan","ENGTYPE_3":"Sub-district","CC_3":"5107050","HASC_3":"NA"},"geometry":{"type":"MultiPolygon","coordinates":[[[[115.6092,-8.423],[115.6054,-8.4262],[115.6004,-8.4141],[115.5945,-8.4159],[115.5894,-8.4152],[115.5832,-8.4222],[115.5795,-8.4221],[115.5724,-8.4094],[115.5694,-8.4073],[115.5697,-8.391],[115.5631,-8.3842],[115.563,-8.3773],[115.5618,-8.3758],[115.5533,-8.3751],[115.5479,-8.371],[115.5504,-8.3683],[115.5567,-8.3702],[115.5711,-8.3692],[115.5801,-8.3629],[115.573,-8.3646],[115.5673,-8.3641],[115.5588,-8.3566],[115.5429,-8.3553],[115.5183,-8.344],[115.5238,-8.3456],[115.5387,-8.3458],[115.5562,-8.3384],[115.5566,-8.3359],[115.5614,-8.3328],[115.5616,-8.3313],[115.5688,-8.3301],[115.5729,-8.3271],[115.5787,-8.3282],[115.5799,-8.3308],[115.5904,-8.3286],[115.6012,-8.3217],[115.6031,-8.3191],[115.6028,-8.313],[115.6046,-8.3102],[115.6186,-8.3003],[115.6202,-8.3064],[115.6288,-8.3231],[115.6348,-8.3262],[115.6418,-8.3333],[115.6569,-8.335],[115.6606,-8.3385],[115.6642,-8.3374],[115.6696,-8.3428],[115.6814,-8.3469],[115.6831,-8.3501],[115.6869,-8.3512],[115.6913,-8.3558],[115.6982,-8.3585],[115.7032,-8.3699],[115.7108,-8.3778],[115.7102,-8.3831],[115.712,-8.3902],[115.7109,-8.3924],[115.712,-8.3936],[115.7101,-8.3945],[115.7099,-8.3967],[115.6938,-8.3925],[115.6863,-8.3887],[115.6814,-8.3898],[115.678,-8.3944],[115.661,-8.3974],[115.6552,-8.3941],[115.6486,-8.3955],[115.6433,-8.3923],[115.6389,-8.3959],[115.6364,-8.4017],[115.6261,-8.4138],[115.625,-8.418],[115.6218,-8.4192],[115.6158,-8.4168],[115.6112,-8.4176],[115.6092,-8.423]]]]}},{"type":"Feature","properties":{"GID_3":"IDN.2.7.2_1","GID_0":"IDN","COUNTRY":"Indonesia","GID_1":"IDN.2_1","NAME_1":"Bali","NL_NAME_1":"NA","GID_2":"IDN.2.7_1","NAME_2":"Karangasem","NL_NAME_2":"NA","NAME_3":"Bebandem","VARNAME_3":"NA","NL_NAME_3":"NA","TYPE_3":"Kecamatan","ENGTYPE_3":"Sub-district","CC_3":"5107060","HASC_3":"NA"},"geometry":{"type":"MultiPolygon","coordinates":[[[[115.5745,-8.4401],[115.5771,-8.4422],[115.5875,-8.4451],[115.5961,-8.4526],[115.5911,-8.4568],[115.5926,-8.4609],[115.5918,-8.4629],[115.5823,-8.4686],[115.5802,-8.4676],[115.5803,-8.4648],[115.5782,-8.4615],[115.574,-8.4602],[115.5715,-8.4575],[115.5692,-8.4514],[115.563,-8.4519],[115.5601,-8.4445],[115.5572,-8.445],[115.5529,-8.4529],[115.5477,-8.4522],[115.5412,-8.4564],[115.532,-8.4555],[115.5247,-8.4568],[115.5209,-8.4617],[115.5185,-8.4625],[115.5179,-8.4518],[115.5156,-8.4498],[115.5155,-8.4472],[115.5098,-8.4444],[115.5191,-8.4399],[115.5203,-8.4374],[115.5177,-8.4284],[115.5187,-8.4205],[115.5108,-8.4122],[115.5042,-8.4113],[115.5004,-8.4056],[115.5047,-8.3995],[115.5063,-8.3922],[115.5041,-8.3817],[115.5062,-8.3748],[115.5051,-8.3626],[115.5069,-8.3427],[115.5155,-8.3422],[115.5429,-8.3553],[115.5588,-8.3566],[115.5673,-8.3641],[115.573,-8.3646],[115.5801,-8.3629],[115.5784,-8.3651],[115.5684,-8.3698],[115.5567,-8.3702],[115.5504,-8.3683],[115.548,-8.3696],[115.5486,-8.372],[115.5533,-8.3751],[115.5623,-8.3762],[115.5631,-8.3842],[115.5697,-8.391],[115.5694,-8.4073],[115.5724,-8.4094],[115.5795,-8.4221],[115.584,-8.4238],[115.5886,-8.4304],[115.5832,-8.4364],[115.5785,-8.4363],[115.5745,-8.4401]],[[115.5569,-8.4446],[115.5565,-8.4443],[115.5571,-8.4447],[115.5569,-8.4446]]]]}},{"type":"Feature","properties":{"GID_3":"IDN.2.7.3_1","GID_0":"IDN","COUNTRY":"Indonesia","GID_1":"IDN.2_1","NAME_1":"Bali","NL_NAME_1":"NA","GID_2":"IDN.2.7_1","NAME_2":"Karangasem","NL_NAME_2":"NA","NAME_3":"Karangasem","VARNAME_3":"NA","NL_NAME_3":"NA","TYPE_3":"Kecamatan","ENGTYPE_3":"Sub-district","CC_3":"5107040","HASC_3":"NA"},"geometry":{"type":"MultiPolygon","coordinates":[[[[115.6141,-8.4927],[115.6127,-8.4951],[115.6139,-8.4986],[115.6124,-8.4983],[115.6102,-8.5031],[115.6126,-8.5063],[115.6062,-8.5036],[115.6049,-8.5057],[115.5937,-8.5099],[115.5813,-8.5177],[115.5808,-8.5151],[115.5642,-8.5087],[115.5707,-8.5006],[115.5736,-8.4889],[115.5774,-8.4863],[115.5827,-8.476],[115.5858,-8.4739],[115.5839,-8.4679],[115.5921,-8.4625],[115.5911,-8.4568],[115.5961,-8.4526],[115.5875,-8.4451],[115.5771,-8.4422],[115.574,-8.4399],[115.5785,-8.4363],[115.5832,-8.4364],[115.5883,-8.431],[115.5824,-8.4227],[115.5888,-8.4156],[115.5945,-8.4159],[115.6004,-8.4141],[115.6027,-8.4214],[115.6067,-8.4262],[115.6112,-8.4176],[115.6158,-8.4168],[115.6218,-8.4192],[115.625,-8.418],[115.6261,-8.4138],[115.6364,-8.4017],[115.6389,-8.3959],[115.6433,-8.3923],[115.6486,-8.3955],[115.6552,-8.3941],[115.661,-8.3974],[115.6717,-8.3966],[115.678,-8.3944],[115.6814,-8.3898],[115.6863,-8.3887],[115.6938,-8.3925],[115.7099,-8.3967],[115.7113,-8.4007],[115.7091,-8.4044],[115.7051,-8.4101],[115.7005,-8.413],[115.7004,-8.418],[115.6969,-8.4187],[115.6936,-8.4268],[115.6904,-8.4282],[115.6886,-8.4322],[115.6719,-8.4451],[115.6637,-8.447],[115.6545,-8.4537],[115.6465,-8.4558],[115.6367,-8.4609],[115.6332,-8.4702],[115.6179,-8.4834],[115.6141,-8.4927]]]]}},{"type":"Feature","properties":{"GID_3":"IDN.2.7.4_1","GID_0":"IDN","COUNTRY":"Indonesia","GID_1":"IDN.2_1","NAME_1":"Bali","NL_NAME_1":"NA","GID_2":"IDN.2.7_1","NAME_2":"Karangasem","NL_NAME_2":"NA","NAME_3":"Kubu","VARNAME_3":"NA","NL_NAME_3":"NA","TYPE_3":"Kecamatan","ENGTYPE_3":"Sub-district","CC_3":"5107080","HASC_3":"NA"},"geometry":{"type":"MultiPolygon","coordinates":[[[[115.5618,-8.3321],[115.5566,-8.3359],[115.5562,-8.3384],[115.5387,-8.3458],[115.5238,-8.3456],[115.5155,-8.3422],[115.5015,-8.3418],[115.5005,-8.3436],[115.4971,-8.3436],[115.4892,-8.3393],[115.4796,-8.3312],[115.4751,-8.3223],[115.472,-8.3198],[115.472,-8.3164],[115.4691,-8.3146],[115.471,-8.3102],[115.4683,-8.3094],[115.4652,-8.3127],[115.4622,-8.3127],[115.4613,-8.3095],[115.459,-8.3112],[115.4553,-8.3076],[115.451,-8.3079],[115.4507,-8.305],[115.4482,-8.3049],[115.4448,-8.3018],[115.4405,-8.2896],[115.4325,-8.2813],[115.4296,-8.2802],[115.4318,-8.2757],[115.4286,-8.2728],[115.4302,-8.2672],[115.4398,-8.2625],[115.4494,-8.2526],[115.4536,-8.252],[115.4574,-8.2451],[115.4575,-8.2421],[115.4483,-8.2459],[115.4475,-8.2425],[115.4487,-8.2397],[115.445,-8.2338],[115.445,-8.2255],[115.4384,-8.2182],[115.4432,-8.212],[115.4465,-8.2043],[115.4539,-8.1985],[115.448,-8.1893],[115.4444,-8.1894],[115.4416,-8.1871],[115.4419,-8.1852],[115.4399,-8.1852],[115.4363,-8.1814],[115.4419,-8.1777],[115.443,-8.1729],[115.4573,-8.1662],[115.4597,-8.1704],[115.4708,-8.1781],[115.4837,-8.1795],[115.4904,-8.1875],[115.5006,-8.1923],[115.5094,-8.2052],[115.5582,-8.2313],[115.5809,-8.2549],[115.59,-8.268],[115.5941,-8.277],[115.6046,-8.2841],[115.6092,-8.2922],[115.6188,-8.3001],[115.6042,-8.3106],[115.6027,-8.3136],[115.6031,-8.3191],[115.5989,-8.3242],[115.5957,-8.3242],[115.5888,-8.3291],[115.5799,-8.3308],[115.5787,-8.3282],[115.5729,-8.3271],[115.5688,-8.3301],[115.5637,-8.3303],[115.5618,-8.3321]]]]}},{"type":"Feature","properties":{"GID_3":"IDN.2.7.5_1","GID_0":"IDN","COUNTRY":"Indonesia","GID_1":"IDN.2_1","NAME_1":"Bali","NL_NAME_1":"NA","GID_2":"IDN.2.7_1","NAME_2":"Karangasem","NL_NAME_2":"NA","NAME_3":"Manggis","VARNAME_3":"NA","NL_NAME_3":"NA","TYPE_3":"Kecamatan","ENGTYPE_3":"Sub-district","CC_3":"5107030","HASC_3":"NA"},"geometry":{"type":"MultiPolygon","coordinates":[[[[115.5105,-8.5217],[115.5152,-8.5297],[115.5137,-8.5303],[115.5149,-8.5334],[115.5138,-8.5346],[115.5121,-8.5309],[115.5085,-8.5329],[115.5107,-8.5359],[115.5093,-8.5366],[115.5096,-8.5405],[115.4791,-8.5509],[115.4807,-8.5445],[115.4749,-8.537],[115.4763,-8.52],[115.4698,-8.5128],[115.4692,-8.509],[115.4629,-8.5037],[115.4677,-8.5],[115.4659,-8.4977],[115.4676,-8.4887],[115.4658,-8.4806],[115.469,-8.4777],[115.4704,-8.4733],[115.4668,-8.4677],[115.4674,-8.465],[115.4706,-8.4657],[115.4718,-8.4627],[115.4764,-8.4636],[115.4831,-8.469],[115.4824,-8.4725],[115.487,-8.4735],[115.4864,-8.4781],[115.4902,-8.4788],[115.4909,-8.472],[115.4933,-8.4683],[115.4982,-8.4651],[115.5044,-8.4679],[115.5205,-8.462],[115.5247,-8.4568],[115.532,-8.4555],[115.5412,-8.4564],[115.5477,-8.4522],[115.5529,-8.4529],[115.5572,-8.445],[115.5601,-8.4445],[115.563,-8.4519],[115.5694,-8.4515],[115.5715,-8.4575],[115.574,-8.4602],[115.5784,-8.4617],[115.5803,-8.4677],[115.5814,-8.4688],[115.584,-8.4679],[115.5858,-8.4731],[115.5774,-8.4863],[115.5734,-8.4892],[115.5707,-8.5006],[115.5642,-8.5087],[115.5536,-8.5048],[115.5452,-8.5054],[115.5383,-8.5007],[115.5346,-8.5002],[115.5222,-8.5038],[115.5126,-8.5091],[115.5089,-8.5127],[115.5077,-8.5179],[115.5105,-8.5217]]],[[[115.5568,-8.4446],[115.5566,-8.4446],[115.5565,-8.4443],[115.5571,-8.4447],[115.5568,-8.4446]]]]}},{"type":"Feature","properties":{"GID_3":"IDN.2.7.6_1","GID_0":"IDN","COUNTRY":"Indonesia","GID_1":"IDN.2_1","NAME_1":"Bali","NL_NAME_1":"NA","GID_2":"IDN.2.7_1","NAME_2":"Karangasem","NL_NAME_2":"NA","NAME_3":"Rendang","VARNAME_3":"NA","NL_NAME_3":"NA","TYPE_3":"Kecamatan","ENGTYPE_3":"Sub-district","CC_3":"5107010","HASC_3":"NA"},"geometry":{"type":"MultiPolygon","coordinates":[[[[115.4165,-8.467],[115.4136,-8.4699],[115.4138,-8.4736],[115.4118,-8.4726],[115.4063,-8.4741],[115.4043,-8.4779],[115.403,-8.4761],[115.3973,-8.4805],[115.3902,-8.4827],[115.3946,-8.4715],[115.4032,-8.4619],[115.4019,-8.4607],[115.4028,-8.4546],[115.4042,-8.4547],[115.4035,-8.4521],[115.4058,-8.452],[115.4055,-8.4506],[115.4084,-8.4488],[115.4093,-8.4446],[115.4117,-8.4426],[115.4107,-8.4412],[115.4133,-8.4388],[115.4112,-8.4363],[115.4146,-8.434],[115.4135,-8.4292],[115.415,-8.4211],[115.4133,-8.4186],[115.4165,-8.4035],[115.4152,-8.4002],[115.4121,-8.3993],[115.4088,-8.3958],[115.4068,-8.3885],[115.4081,-8.3852],[115.4035,-8.3807],[115.404,-8.3763],[115.3972,-8.3654],[115.3956,-8.357],[115.399,-8.3563],[115.3979,-8.3505],[115.3989,-8.3448],[115.4034,-8.3449],[115.4025,-8.341],[115.4058,-8.3411],[115.4106,-8.3378],[115.4092,-8.3348],[115.409,-8.322],[115.4147,-8.3222],[115.4181,-8.3198],[115.4158,-8.316],[115.4216,-8.312],[115.4185,-8.3077],[115.4188,-8.3057],[115.4224,-8.3026],[115.4264,-8.2845],[115.4296,-8.2802],[115.4395,-8.2883],[115.4448,-8.3018],[115.4482,-8.3049],[115.4507,-8.305],[115.451,-8.3079],[115.4553,-8.3076],[115.459,-8.3112],[115.4613,-8.3095],[115.462,-8.3125],[115.4642,-8.313],[115.4683,-8.3094],[115.471,-8.3102],[115.4691,-8.3146],[115.472,-8.3164],[115.472,-8.3198],[115.4751,-8.3223],[115.4796,-8.3312],[115.4937,-8.3421],[115.4803,-8.3667],[115.4797,-8.3704],[115.4724,-8.3811],[115.468,-8.3831],[115.4671,-8.389],[115.4646,-8.393],[115.4612,-8.3971],[115.4584,-8.3972],[115.4535,-8.4015],[115.4499,-8.4083],[115.4458,-8.4098],[115.4429,-8.4138],[115.4423,-8.4176],[115.4391,-8.4183],[115.4388,-8.4271],[115.4452,-8.4324],[115.4428,-8.4332],[115.4386,-8.4388],[115.4396,-8.4409],[115.4365,-8.4424],[115.4378,-8.444],[115.4366,-8.4457],[115.4339,-8.4465],[115.4274,-8.4553],[115.4239,-8.4576],[115.4235,-8.4621],[115.4165,-8.467]]]]}},{"type":"Feature","properties":{"GID_3":"IDN.2.7.7_1","GID_0":"IDN","COUNTRY":"Indonesia","GID_1":"IDN.2_1","NAME_1":"Bali","NL_NAME_1":"NA","GID_2":"IDN.2.7_1","NAME_2":"Karangasem","NL_NAME_2":"NA","NAME_3":"Selat","VARNAME_3":"NA","NL_NAME_3":"NA","TYPE_3":"Kecamatan","ENGTYPE_3":"Sub-district","CC_3":"5107070","HASC_3":"NA"},"geometry":{"type":"MultiPolygon","coordinates":[[[[115.5122,-8.4424],[115.5098,-8.4444],[115.5155,-8.4472],[115.5156,-8.4498],[115.5179,-8.4518],[115.5185,-8.4625],[115.5044,-8.4679],[115.4977,-8.4653],[115.4909,-8.472],[115.4894,-8.4789],[115.4862,-8.4778],[115.4868,-8.4733],[115.4824,-8.4725],[115.4831,-8.469],[115.4817,-8.467],[115.4785,-8.4662],[115.4764,-8.4636],[115.4718,-8.4627],[115.472,-8.4562],[115.4689,-8.4533],[115.4673,-8.4481],[115.463,-8.4498],[115.4614,-8.4478],[115.4536,-8.4479],[115.4522,-8.4458],[115.4493,-8.4485],[115.448,-8.4459],[115.4398,-8.446],[115.4364,-8.4426],[115.4396,-8.4409],[115.4386,-8.4388],[115.4428,-8.4332],[115.4452,-8.4324],[115.4388,-8.4271],[115.4391,-8.4183],[115.4423,-8.4176],[115.4429,-8.4138],[115.4458,-8.4098],[115.4499,-8.4083],[115.4535,-8.4015],[115.4584,-8.3972],[115.4612,-8.3971],[115.4646,-8.393],[115.4671,-8.389],[115.468,-8.3831],[115.4724,-8.3811],[115.4797,-8.3704],[115.4803,-8.3667],[115.4937,-8.3421],[115.4981,-8.3438],[115.5005,-8.3436],[115.5015,-8.3418],[115.5069,-8.3427],[115.5051,-8.3626],[115.5062,-8.3748],[115.5041,-8.3817],[115.5063,-8.3922],[115.5047,-8.3995],[115.5004,-8.4056],[115.5042,-8.4113],[115.5108,-8.4122],[115.5187,-8.4205],[115.5177,-8.4284],[115.5204,-8.4372],[115.5191,-8.4399],[115.5122,-8.4424]]]]}},{"type":"Feature","properties":{"GID_3":"IDN.2.7.8_1","GID_0":"IDN","COUNTRY":"Indonesia","GID_1":"IDN.2_1","NAME_1":"Bali","NL_NAME_1":"NA","GID_2":"IDN.2.7_1","NAME_2":"Karangasem","NL_NAME_2":"NA","NAME_3":"Sidemen","VARNAME_3":"NA","NL_NAME_3":"NA","TYPE_3":"Kecamatan","ENGTYPE_3":"Sub-district","CC_3":"5107020","HASC_3":"NA"},"geometry":{"type":"MultiPolygon","coordinates":[[[[115.4221,-8.5221],[115.4149,-8.5243],[115.4128,-8.5236],[115.4098,-8.5301],[115.4065,-8.5244],[115.4083,-8.5201],[115.4057,-8.514],[115.4147,-8.5092],[115.4154,-8.5076],[115.4139,-8.5049],[115.415,-8.5023],[115.412,-8.4982],[115.4097,-8.487],[115.4114,-8.4854],[115.4106,-8.4836],[115.4119,-8.4817],[115.4105,-8.4797],[115.4131,-8.4787],[115.4144,-8.4747],[115.4136,-8.4699],[115.4174,-8.4654],[115.4235,-8.4621],[115.4239,-8.4576],[115.4274,-8.4553],[115.4339,-8.4465],[115.4372,-8.4448],[115.448,-8.4459],[115.4493,-8.4485],[115.4522,-8.4458],[115.4536,-8.4479],[115.4614,-8.4478],[115.463,-8.4498],[115.4673,-8.4481],[115.4726,-8.4596],[115.4707,-8.4655],[115.4674,-8.465],[115.4666,-8.4671],[115.4704,-8.4733],[115.469,-8.4777],[115.4658,-8.4806],[115.4676,-8.4887],[115.4659,-8.4977],[115.4677,-8.5],[115.4629,-8.5037],[115.4584,-8.5032],[115.4485,-8.508],[115.4342,-8.519],[115.4285,-8.5193],[115.4221,-8.5221]]]]}},{"type":"Feature","properties":{"GID_3":"IDN.2.8.1_1","GID_0":"IDN","COUNTRY":"Indonesia","GID_1":"IDN.2_1","NAME_1":"Bali","NL_NAME_1":"NA","GID_2":"IDN.2.8_1","NAME_2":"Klungkung","NL_NAME_2":"NA","NAME_3":"Banjarangkan","VARNAME_3":"NA","NL_NAME_3":"NA","TYPE_3":"Kecamatan","ENGTYPE_3":"Sub-district","CC_3":"5105020","HASC_3":"NA"},"geometry":{"type":"MultiPolygon","coordinates":[[[[115.3711,-8.5736],[115.371,-8.5667],[115.3695,-8.5667],[115.3691,-8.5634],[115.3677,-8.564],[115.3683,-8.5618],[115.3651,-8.5618],[115.3666,-8.5597],[115.3648,-8.5575],[115.3637,-8.5498],[115.3612,-8.5484],[115.3636,-8.545],[115.3624,-8.5395],[115.3637,-8.5365],[115.3607,-8.5322],[115.3605,-8.5246],[115.3577,-8.5232],[115.3572,-8.5165],[115.3535,-8.5098],[115.3568,-8.5053],[115.3562,-8.4996],[115.3582,-8.4926],[115.3637,-8.4882],[115.3672,-8.4902],[115.3702,-8.4883],[115.3733,-8.489],[115.3726,-8.4993],[115.3744,-8.5022],[115.375,-8.5083],[115.3828,-8.5178],[115.3864,-8.5199],[115.3856,-8.5238],[115.3876,-8.5251],[115.3843,-8.5286],[115.3845,-8.5301],[115.391,-8.5316],[115.3895,-8.5348],[115.3962,-8.5447],[115.3969,-8.5494],[115.3944,-8.5563],[115.3947,-8.5607],[115.3925,-8.5622],[115.3947,-8.5681],[115.3906,-8.5718],[115.3919,-8.5753],[115.3711,-8.575],[115.3711,-8.5736]]]]}},{"type":"Feature","properties":{"GID_3":"IDN.2.8.2_1","GID_0":"IDN","COUNTRY":"Indonesia","GID_1":"IDN.2_1","NAME_1":"Bali","NL_NAME_1":"NA","GID_2":"IDN.2.8_1","NAME_2":"Klungkung","NL_NAME_2":"NA","NAME_3":"Banjarankan","VARNAME_3":"NA","NL_NAME_3":"NA","TYPE_3":"Kecamatan","ENGTYPE_3":"Sub-district","CC_3":"5105020","HASC_3":"NA"},"geometry":{"type":"MultiPolygon","coordinates":[[[[115.3746,-8.5064],[115.3723,-8.4963],[115.3737,-8.4945],[115.3733,-8.489],[115.3702,-8.4883],[115.3672,-8.4902],[115.3637,-8.4882],[115.3639,-8.4836],[115.3688,-8.479],[115.3663,-8.4753],[115.3763,-8.4603],[115.384,-8.4619],[115.3857,-8.467],[115.3951,-8.4581],[115.3959,-8.4553],[115.4025,-8.4564],[115.4019,-8.4611],[115.4032,-8.4619],[115.3946,-8.4715],[115.3933,-8.4769],[115.39,-8.4816],[115.389,-8.488],[115.3828,-8.4996],[115.3851,-8.5024],[115.388,-8.5026],[115.3855,-8.5066],[115.3892,-8.5103],[115.3891,-8.5129],[115.3911,-8.513],[115.3906,-8.5159],[115.3897,-8.5152],[115.3864,-8.5199],[115.3828,-8.5178],[115.3746,-8.5064]]]]}},{"type":"Feature","properties":{"GID_3":"IDN.2.8.3_1","GID_0":"IDN","COUNTRY":"Indonesia","GID_1":"IDN.2_1","NAME_1":"Bali","NL_NAME_1":"NA","GID_2":"IDN.2.8_1","NAME_2":"Klungkung","NL_NAME_2":"NA","NAME_3":"Dawan","VARNAME_3":"NA","NL_NAME_3":"NA","TYPE_3":"Kecamatan","ENGTYPE_3":"Sub-district","CC_3":"5105040","HASC_3":"NA"},"geometry":{"type":"MultiPolygon","coordinates":[[[[115.4703,-8.5133],[115.4765,-8.5204],[115.4749,-8.537],[115.4807,-8.5445],[115.4791,-8.5509],[115.4629,-8.5556],[115.447,-8.5713],[115.4346,-8.5746],[115.434,-8.5717],[115.4333,-8.5729],[115.4304,-8.5708],[115.4295,-8.5716],[115.4265,-8.5554],[115.4171,-8.5463],[115.4114,-8.5435],[115.4098,-8.5301],[115.4127,-8.5237],[115.4172,-8.5239],[115.4285,-8.5193],[115.4341,-8.5191],[115.4475,-8.5087],[115.4584,-8.5032],[115.4659,-8.5056],[115.4692,-8.509],[115.4703,-8.5133]]]]}},{"type":"Feature","properties":{"GID_3":"IDN.2.8.4_1","GID_0":"IDN","COUNTRY":"Indonesia","GID_1":"IDN.2_1","NAME_1":"Bali","NL_NAME_1":"NA","GID_2":"IDN.2.8_1","NAME_2":"Klungkung","NL_NAME_2":"NA","NAME_3":"Klungkung","VARNAME_3":"NA","NL_NAME_3":"NA","TYPE_3":"Kecamatan","ENGTYPE_3":"Sub-district","CC_3":"5105030","HASC_3":"NA"},"geometry":{"type":"MultiPolygon","coordinates":[[[[115.3912,-8.5729],[115.3908,-8.5715],[115.3947,-8.5681],[115.3925,-8.5622],[115.3947,-8.5607],[115.3967,-8.5479],[115.3925,-8.5375],[115.3895,-8.5348],[115.391,-8.5316],[115.3843,-8.5294],[115.3876,-8.5251],[115.3857,-8.5239],[115.3854,-8.5204],[115.3891,-8.5175],[115.3897,-8.5152],[115.3906,-8.5159],[115.3912,-8.5132],[115.3891,-8.5129],[115.3892,-8.5103],[115.3856,-8.5068],[115.388,-8.5026],[115.3851,-8.5024],[115.3828,-8.4996],[115.3906,-8.483],[115.3973,-8.4805],[115.403,-8.4761],[115.4043,-8.4779],[115.4063,-8.4741],[115.4121,-8.4726],[115.4144,-8.4747],[115.4131,-8.4787],[115.4105,-8.4797],[115.4119,-8.4817],[115.4106,-8.4836],[115.4114,-8.4854],[115.4097,-8.487],[115.412,-8.4982],[115.415,-8.5023],[115.4139,-8.5049],[115.4154,-8.5076],[115.4147,-8.5092],[115.4057,-8.514],[115.4083,-8.5201],[115.4065,-8.5244],[115.4111,-8.5338],[115.4114,-8.5435],[115.414,-8.5441],[115.4248,-8.5529],[115.4275,-8.5576],[115.4295,-8.5716],[115.4304,-8.5708],[115.4333,-8.5729],[115.434,-8.5717],[115.4346,-8.5746],[115.4029,-8.5775],[115.3919,-8.5753],[115.3912,-8.5729]]]]}},{"type":"Feature","properties":{"GID_3":"IDN.2.8.5_1","GID_0":"IDN","COUNTRY":"Indonesia","GID_1":"IDN.2_1","NAME_1":"Bali","NL_NAME_1":"NA","GID_2":"IDN.2.8_1","NAME_2":"Klungkung","NL_NAME_2":"NA","NAME_3":"Nusapenida","VARNAME_3":"NA","NL_NAME_3":"NA","TYPE_3":"Kecamatan","ENGTYPE_3":"Sub-district","CC_3":"5105010","HASC_3":"NA"},"geometry":{"type":"MultiPolygon","coordinates":[[[[115.5814,-8.8171],[115.5814,-8.8172],[115.581,-8.8172],[115.5811,-8.8169],[115.5814,-8.8171]]],[[[115.529,-8.7997],[115.5288,-8.7998],[115.5287,-8.7997],[115.529,-8.7996],[115.529,-8.7997]]],[[[115.5282,-8.7991],[115.5284,-8.799],[115.5284,-8.7991],[115.5283,-8.7992],[115.5282,-8.7991]]],[[[115.528,-8.7992],[115.5279,-8.7991],[115.5281,-8.799],[115.5281,-8.7992],[115.528,-8.7992]]],[[[115.5947,-8.8163],[115.5944,-8.8168],[115.5944,-8.8154],[115.5946,-8.8155],[115.5947,-8.8163]]],[[[115.6292,-8.7798],[115.6297,-8.7802],[115.6298,-8.7804],[115.6291,-8.7803],[115.6292,-8.7798]]],[[[115.6195,-8.7788],[115.6198,-8.7791],[115.6198,-8.7793],[115.619,-8.7785],[115.6195,-8.7788]]],[[[115.6298,-8.7775],[115.629,-8.7764],[115.6291,-8.776],[115.6305,-8.7766],[115.6294,-8.779],[115.6298,-8.7775]]],[[[115.5976,-8.8102],[115.5932,-8.8126],[115.5946,-8.815],[115.5896,-8.8166],[115.5905,-8.8183],[115.5871,-8.8195],[115.5827,-8.8182],[115.5774,-8.8126],[115.5687,-8.8129],[115.5668,-8.8091],[115.5621,-8.8079],[115.5581,-8.8041],[115.5559,-8.805],[115.5531,-8.8035],[115.5511,-8.8047],[115.5512,-8.8025],[115.5471,-8.8001],[115.5407,-8.7991],[115.5392,-8.8009],[115.5392,-8.7986],[115.535,-8.7973],[115.5287,-8.7994],[115.5281,-8.7945],[115.5234,-8.7916],[115.524,-8.7905],[115.5238,-8.7882],[115.5216,-8.7846],[115.512,-8.7789],[115.5107,-8.7764],[115.5024,-8.7765],[115.499,-8.7728],[115.4973,-8.7732],[115.4969,-8.7706],[115.4934,-8.7731],[115.4902,-8.7692],[115.4887,-8.7703],[115.4872,-8.7687],[115.4851,-8.769],[115.4865,-8.7672],[115.4861,-8.7607],[115.482,-8.7609],[115.4816,-8.758],[115.4792,-8.7552],[115.4759,-8.7547],[115.4754,-8.7519],[115.4709,-8.7537],[115.4729,-8.7506],[115.4676,-8.7484],[115.4664,-8.7464],[115.4562,-8.7488],[115.4513,-8.7483],[115.4509,-8.745],[115.4553,-8.7423],[115.4528,-8.7411],[115.4555,-8.7371],[115.4524,-8.7366],[115.4527,-8.7338],[115.4468,-8.7335],[115.4517,-8.7292],[115.4475,-8.7266],[115.4477,-8.7221],[115.4494,-8.7225],[115.4491,-8.721],[115.4515,-8.7191],[115.4536,-8.72],[115.4526,-8.718],[115.456,-8.7194],[115.4548,-8.7172],[115.4591,-8.7166],[115.4574,-8.7118],[115.4616,-8.7089],[115.4627,-8.7065],[115.465,-8.7067],[115.464,-8.7053],[115.4655,-8.6994],[115.4718,-8.6964],[115.4725,-8.691],[115.477,-8.6868],[115.4865,-8.6838],[115.4895,-8.6744],[115.4918,-8.6728],[115.5037,-8.673],[115.5189,-8.6775],[115.5301,-8.6776],[115.5455,-8.6747],[115.5514,-8.6721],[115.5602,-8.6716],[115.569,-8.6752],[115.5792,-8.6859],[115.5849,-8.7057],[115.5914,-8.7143],[115.595,-8.7162],[115.5963,-8.7239],[115.6103,-8.7353],[115.6141,-8.7421],[115.6212,-8.7488],[115.6253,-8.7571],[115.625,-8.7602],[115.6232,-8.7597],[115.6274,-8.7654],[115.6286,-8.77],[115.6264,-8.7713],[115.6285,-8.7726],[115.6221,-8.7732],[115.6214,-8.7761],[115.6206,-8.775],[115.6188,-8.7761],[115.619,-8.7784],[115.6181,-8.7774],[115.6172,-8.7793],[115.616,-8.7784],[115.6156,-8.7821],[115.6106,-8.784],[115.6093,-8.7894],[115.606,-8.7912],[115.6073,-8.7951],[115.6059,-8.795],[115.6047,-8.7986],[115.6072,-8.8028],[115.6056,-8.8046],[115.6074,-8.8079],[115.5999,-8.8079],[115.5976,-8.8102]]],[[[115.6276,-8.7757],[115.6252,-8.7766],[115.6226,-8.7743],[115.6292,-8.7751],[115.6276,-8.7757]]],[[[115.5264,-8.8032],[115.5265,-8.8039],[115.5254,-8.8046],[115.5255,-8.8026],[115.5264,-8.8032]]],[[[115.5271,-8.7995],[115.5281,-8.7998],[115.5273,-8.8006],[115.5268,-8.8003],[115.5271,-8.7995]]],[[[115.5236,-8.7901],[115.5236,-8.7903],[115.5234,-8.7905],[115.5233,-8.79],[115.5236,-8.7901]]],[[[115.4838,-8.7723],[115.4845,-8.7726],[115.4845,-8.7729],[115.4837,-8.7726],[115.4838,-8.7723]]],[[[115.4868,-8.7698],[115.4872,-8.77],[115.4873,-8.7706],[115.4865,-8.7701],[115.4868,-8.7698]]],[[[115.4786,-8.7579],[115.4787,-8.7583],[115.4785,-8.759],[115.4779,-8.7583],[115.4786,-8.7579]]],[[[115.4733,-8.7537],[115.473,-8.7546],[115.4723,-8.7542],[115.4731,-8.7537],[115.4733,-8.7537]]],[[[115.4923,-8.7734],[115.492,-8.7735],[115.492,-8.7732],[115.4922,-8.7732],[115.4923,-8.7734]]],[[[115.4517,-8.7504],[115.4515,-8.7503],[115.4516,-8.7502],[115.4518,-8.7503],[115.4517,-8.7504]]],[[[115.4546,-8.7378],[115.4547,-8.7377],[115.4548,-8.7377],[115.4548,-8.7378],[115.4546,-8.7378]]],[[[115.4562,-8.7142],[115.4565,-8.7141],[115.4567,-8.715],[115.4559,-8.7149],[115.4562,-8.7142]]],[[[115.463,-8.6937],[115.4602,-8.6985],[115.451,-8.7061],[115.4493,-8.7057],[115.4482,-8.7089],[115.4465,-8.7102],[115.4445,-8.7091],[115.4441,-8.7123],[115.4403,-8.712],[115.4406,-8.7092],[115.4387,-8.7101],[115.4392,-8.7081],[115.4371,-8.7085],[115.4414,-8.7007],[115.4489,-8.6976],[115.4503,-8.695],[115.4577,-8.6909],[115.4595,-8.688],[115.4607,-8.689],[115.4658,-8.6872],[115.463,-8.6937]]],[[[115.4683,-8.6662],[115.4727,-8.6705],[115.472,-8.6753],[115.4698,-8.6786],[115.4618,-8.6834],[115.4604,-8.6864],[115.4562,-8.688],[115.4509,-8.6938],[115.4373,-8.6946],[115.4333,-8.691],[115.4315,-8.6923],[115.4291,-8.6911],[115.4299,-8.6894],[115.4279,-8.6887],[115.4292,-8.6867],[115.4273,-8.683],[115.4315,-8.6818],[115.4325,-8.6831],[115.4352,-8.6795],[115.4367,-8.6814],[115.4455,-8.6793],[115.448,-8.6675],[115.4506,-8.6633],[115.4683,-8.6662]]]]}},{"type":"Feature","properties":{"GID_3":"IDN.2.9.1_1","GID_0":"IDN","COUNTRY":"Indonesia","GID_1":"IDN.2_1","NAME_1":"Bali","NL_NAME_1":"NA","GID_2":"IDN.2.9_1","NAME_2":"Tabanan","NL_NAME_2":"NA","NAME_3":"Baturiti","VARNAME_3":"NA","NL_NAME_3":"NA","TYPE_3":"Kecamatan","ENGTYPE_3":"Sub-district","CC_3":"5102060","HASC_3":"NA"},"geometry":{"type":"MultiPolygon","coordinates":[[[[115.1987,-8.4506],[115.1982,-8.4457],[115.1878,-8.4427],[115.1878,-8.4383],[115.1858,-8.438],[115.1823,-8.4337],[115.1806,-8.4287],[115.1811,-8.4263],[115.1836,-8.4249],[115.1875,-8.4118],[115.19,-8.4104],[115.1906,-8.408],[115.1906,-8.4031],[115.1859,-8.3918],[115.1824,-8.3915],[115.1814,-8.3857],[115.1799,-8.3856],[115.1749,-8.3706],[115.1726,-8.3713],[115.1746,-8.3775],[115.1727,-8.3862],[115.1734,-8.3904],[115.1661,-8.3902],[115.1678,-8.3792],[115.1662,-8.3753],[115.1648,-8.3752],[115.1616,-8.3683],[115.1534,-8.3593],[115.1513,-8.3531],[115.1457,-8.3484],[115.1432,-8.3417],[115.1354,-8.2976],[115.1253,-8.2953],[115.1352,-8.2698],[115.1435,-8.2661],[115.1473,-8.2607],[115.1639,-8.2547],[115.1752,-8.2416],[115.1799,-8.2423],[115.1855,-8.247],[115.1871,-8.2644],[115.1846,-8.271],[115.1924,-8.283],[115.1973,-8.2877],[115.1973,-8.2899],[115.2016,-8.2935],[115.2018,-8.2971],[115.2089,-8.3134],[115.2071,-8.323],[115.209,-8.3273],[115.2122,-8.3299],[115.2119,-8.3319],[115.2023,-8.3338],[115.2035,-8.3497],[115.1981,-8.3578],[115.2019,-8.3728],[115.2089,-8.379],[115.2096,-8.3836],[115.2078,-8.3862],[115.21,-8.3884],[115.2107,-8.3914],[115.2094,-8.3932],[115.2119,-8.401],[115.21,-8.4118],[115.2135,-8.4193],[115.2137,-8.4248],[115.2158,-8.4269],[115.2161,-8.4358],[115.2182,-8.4387],[115.2155,-8.441],[115.2138,-8.4493],[115.2117,-8.4513],[115.2049,-8.4474],[115.2055,-8.445],[115.2031,-8.444],[115.2019,-8.444],[115.1998,-8.4512],[115.1987,-8.4506]],[[115.1704,-8.3651],[115.1722,-8.3695],[115.1747,-8.3698],[115.1722,-8.3632],[115.1704,-8.3651]]]]}},{"type":"Feature","properties":{"GID_3":"IDN.2.9.2_1","GID_0":"IDN","COUNTRY":"Indonesia","GID_1":"IDN.2_1","NAME_1":"Bali","NL_NAME_1":"NA","GID_2":"IDN.2.9_1","NAME_2":"Tabanan","NL_NAME_2":"NA","NAME_3":"Kediri","VARNAME_3":"NA","NL_NAME_3":"NA","TYPE_3":"Kecamatan","ENGTYPE_3":"Sub-district","CC_3":"5102040","HASC_3":"NA"},"geometry":{"type":"MultiPolygon","coordinates":[[[[115.1126,-8.6186],[115.1072,-8.6233],[115.0994,-8.6362],[115.0866,-8.6204],[115.0832,-8.6081],[115.0714,-8.5947],[115.0716,-8.5883],[115.0776,-8.5868],[115.0823,-8.5882],[115.0881,-8.5807],[115.0975,-8.578],[115.1009,-8.5735],[115.102,-8.5741],[115.1104,-8.5692],[115.1126,-8.5725],[115.1144,-8.5695],[115.1213,-8.568],[115.1214,-8.5615],[115.1243,-8.5588],[115.1246,-8.5553],[115.1289,-8.5526],[115.1259,-8.5495],[115.1313,-8.5477],[115.1333,-8.5485],[115.1348,-8.5439],[115.1357,-8.5447],[115.1388,-8.54],[115.1376,-8.5286],[115.1445,-8.5142],[115.1512,-8.5173],[115.149,-8.5254],[115.1509,-8.5261],[115.1526,-8.5311],[115.163,-8.5386],[115.1639,-8.5326],[115.1651,-8.5333],[115.1619,-8.5513],[115.153,-8.5728],[115.1534,-8.578],[115.1504,-8.5797],[115.1495,-8.5822],[115.1502,-8.5908],[115.1491,-8.5918],[115.1533,-8.5893],[115.1514,-8.5924],[115.1551,-8.593],[115.1567,-8.5972],[115.156,-8.6004],[115.1501,-8.6017],[115.1502,-8.6069],[115.1486,-8.606],[115.1442,-8.6107],[115.1408,-8.6106],[115.1414,-8.6127],[115.1397,-8.615],[115.1339,-8.6128],[115.138,-8.6112],[115.137,-8.6091],[115.129,-8.6083],[115.1196,-8.6112],[115.1177,-8.6157],[115.1126,-8.6186]]]]}},{"type":"Feature","properties":{"GID_3":"IDN.2.9.3_1","GID_0":"IDN","COUNTRY":"Indonesia","GID_1":"IDN.2_1","NAME_1":"Bali","NL_NAME_1":"NA","GID_2":"IDN.2.9_1","NAME_2":"Tabanan","NL_NAME_2":"NA","NAME_3":"Kerambitan","VARNAME_3":"NA","NL_NAME_3":"NA","TYPE_3":"Kecamatan","ENGTYPE_3":"Sub-district","CC_3":"5102020","HASC_3":"NA"},"geometry":{"type":"MultiPolygon","coordinates":[[[[115.0806,-8.555],[115.0791,-8.5552],[115.0782,-8.5589],[115.0749,-8.5622],[115.0752,-8.5648],[115.073,-8.5672],[115.0744,-8.57],[115.0724,-8.5719],[115.0698,-8.5705],[115.0688,-8.5715],[115.0712,-8.5749],[115.07,-8.5784],[115.0657,-8.5787],[115.0612,-8.5825],[115.0533,-8.5766],[115.0515,-8.577],[115.0518,-8.5753],[115.0317,-8.5595],[115.034,-8.5588],[115.0362,-8.5607],[115.0385,-8.5591],[115.0418,-8.5597],[115.0485,-8.5549],[115.0516,-8.5566],[115.0523,-8.5545],[115.0554,-8.5538],[115.0574,-8.5495],[115.0593,-8.55],[115.0626,-8.5461],[115.0673,-8.5449],[115.0688,-8.541],[115.0715,-8.5409],[115.0702,-8.5383],[115.073,-8.5369],[115.0739,-8.5344],[115.0703,-8.5319],[115.0722,-8.5308],[115.0728,-8.5276],[115.071,-8.523],[115.0766,-8.5073],[115.0748,-8.5046],[115.0775,-8.5035],[115.0754,-8.5017],[115.0781,-8.5005],[115.0765,-8.499],[115.0782,-8.4983],[115.0782,-8.4966],[115.0765,-8.4961],[115.0782,-8.4947],[115.0786,-8.4904],[115.0811,-8.4898],[115.0804,-8.4876],[115.0823,-8.488],[115.0833,-8.4852],[115.0893,-8.4822],[115.0898,-8.4794],[115.0921,-8.4788],[115.0938,-8.4759],[115.0951,-8.4763],[115.098,-8.471],[115.0991,-8.4726],[115.1025,-8.4709],[115.1021,-8.4727],[115.1039,-8.4734],[115.1096,-8.4726],[115.1142,-8.4779],[115.1199,-8.4805],[115.1197,-8.4834],[115.1177,-8.4837],[115.116,-8.4879],[115.1158,-8.4994],[115.1135,-8.5006],[115.1114,-8.5052],[115.111,-8.5114],[115.1137,-8.5195],[115.1182,-8.514],[115.1204,-8.5138],[115.1217,-8.5151],[115.1215,-8.5209],[115.1173,-8.5264],[115.1157,-8.5315],[115.1092,-8.5363],[115.108,-8.5448],[115.1043,-8.5499],[115.0963,-8.5545],[115.0806,-8.555]]]]}},{"type":"Feature","properties":{"GID_3":"IDN.2.9.4_1","GID_0":"IDN","COUNTRY":"Indonesia","GID_1":"IDN.2_1","NAME_1":"Bali","NL_NAME_1":"NA","GID_2":"IDN.2.9_1","NAME_2":"Tabanan","NL_NAME_2":"NA","NAME_3":"Marga","VARNAME_3":"NA","NL_NAME_3":"NA","TYPE_3":"Kecamatan","ENGTYPE_3":"Sub-district","CC_3":"5102050","HASC_3":"NA"},"geometry":{"type":"MultiPolygon","coordinates":[[[[115.1641,-8.5343],[115.163,-8.5386],[115.1526,-8.5311],[115.1509,-8.5261],[115.149,-8.5254],[115.1512,-8.5173],[115.1445,-8.5142],[115.1541,-8.4893],[115.1531,-8.4791],[115.1555,-8.4717],[115.1557,-8.4672],[115.1539,-8.4655],[115.1547,-8.4577],[115.1566,-8.4575],[115.1578,-8.447],[115.16,-8.4447],[115.1598,-8.4374],[115.1654,-8.4263],[115.1689,-8.4228],[115.1712,-8.4154],[115.1697,-8.4082],[115.1703,-8.3994],[115.1661,-8.3911],[115.1734,-8.3904],[115.1727,-8.3862],[115.1746,-8.3775],[115.1726,-8.3713],[115.1749,-8.3706],[115.1799,-8.3856],[115.1814,-8.3857],[115.1824,-8.3915],[115.1859,-8.3918],[115.191,-8.4045],[115.19,-8.4104],[115.1876,-8.4114],[115.1854,-8.4161],[115.1836,-8.4249],[115.1806,-8.4276],[115.1817,-8.4329],[115.1858,-8.438],[115.1878,-8.4383],[115.1883,-8.442],[115.1872,-8.4454],[115.184,-8.4457],[115.1842,-8.4474],[115.1827,-8.4473],[115.1828,-8.4487],[115.1787,-8.4517],[115.174,-8.4632],[115.1802,-8.4656],[115.1766,-8.4871],[115.1829,-8.4884],[115.1825,-8.4994],[115.1778,-8.5044],[115.1772,-8.5099],[115.1723,-8.5172],[115.171,-8.5257],[115.1678,-8.5323],[115.1639,-8.5326],[115.1641,-8.5343]]],[[[115.1954,-8.4897],[115.1956,-8.4828],[115.1991,-8.4723],[115.1969,-8.4619],[115.1994,-8.4577],[115.199,-8.4526],[115.2019,-8.444],[115.2031,-8.444],[115.2055,-8.445],[115.2049,-8.4474],[115.2117,-8.4513],[115.2119,-8.4537],[115.2104,-8.4561],[115.2111,-8.4578],[115.2067,-8.4609],[115.2075,-8.4634],[115.2031,-8.4701],[115.2044,-8.4821],[115.2033,-8.488],[115.2023,-8.4894],[115.1954,-8.4897]]],[[[115.1724,-8.3636],[115.1749,-8.3678],[115.1741,-8.37],[115.1706,-8.3664],[115.1703,-8.3641],[115.1724,-8.3636]]]]}},{"type":"Feature","properties":{"GID_3":"IDN.2.9.5_1","GID_0":"IDN","COUNTRY":"Indonesia","GID_1":"IDN.2_1","NAME_1":"Bali","NL_NAME_1":"NA","GID_2":"IDN.2.9_1","NAME_2":"Tabanan","NL_NAME_2":"NA","NAME_3":"Penebel","VARNAME_3":"NA","NL_NAME_3":"NA","TYPE_3":"Kecamatan","ENGTYPE_3":"Sub-district","CC_3":"5102070","HASC_3":"NA"},"geometry":{"type":"MultiPolygon","coordinates":[[[[115.1136,-8.5188],[115.1111,-8.5119],[115.1112,-8.506],[115.1135,-8.5006],[115.1158,-8.4994],[115.116,-8.4879],[115.1177,-8.4837],[115.1197,-8.4834],[115.1199,-8.4805],[115.1142,-8.4779],[115.1096,-8.4726],[115.1039,-8.4734],[115.1021,-8.4727],[115.1021,-8.4708],[115.0991,-8.4726],[115.098,-8.471],[115.0951,-8.4763],[115.0921,-8.476],[115.0941,-8.4698],[115.0926,-8.4658],[115.0938,-8.4635],[115.0915,-8.458],[115.093,-8.4568],[115.0908,-8.4541],[115.092,-8.4532],[115.0883,-8.445],[115.09,-8.4352],[115.0854,-8.4227],[115.0834,-8.4207],[115.0821,-8.4215],[115.0822,-8.4161],[115.0804,-8.4159],[115.0812,-8.4122],[115.078,-8.4014],[115.0799,-8.3976],[115.0798,-8.3932],[115.0842,-8.3865],[115.0829,-8.3765],[115.0839,-8.3741],[115.0825,-8.3724],[115.0858,-8.3499],[115.0829,-8.3454],[115.0824,-8.3406],[115.0861,-8.334],[115.0931,-8.3339],[115.0965,-8.3309],[115.0976,-8.3274],[115.105,-8.3213],[115.1052,-8.3147],[115.1014,-8.3101],[115.101,-8.3036],[115.1029,-8.2983],[115.1092,-8.2989],[115.1184,-8.3067],[115.124,-8.3078],[115.1265,-8.2956],[115.1354,-8.2976],[115.1425,-8.3392],[115.1457,-8.3484],[115.1513,-8.3531],[115.1534,-8.3593],[115.1616,-8.3683],[115.1674,-8.3778],[115.1661,-8.3911],[115.1703,-8.3994],[115.1697,-8.4082],[115.1712,-8.4147],[115.1689,-8.4228],[115.1605,-8.4352],[115.16,-8.4447],[115.1577,-8.4474],[115.1556,-8.4464],[115.1548,-8.4415],[115.1521,-8.4438],[115.1465,-8.4666],[115.1434,-8.4692],[115.1423,-8.4735],[115.1375,-8.4738],[115.1371,-8.4719],[115.1344,-8.4704],[115.1355,-8.4656],[115.1311,-8.4661],[115.1289,-8.4685],[115.1246,-8.4821],[115.1251,-8.4943],[115.1226,-8.5099],[115.1204,-8.5138],[115.1182,-8.514],[115.1151,-8.5188],[115.1136,-8.5188]]]]}},{"type":"Feature","properties":{"GID_3":"IDN.2.9.6_1","GID_0":"IDN","COUNTRY":"Indonesia","GID_1":"IDN.2_1","NAME_1":"Bali","NL_NAME_1":"NA","GID_2":"IDN.2.9_1","NAME_2":"Tabanan","NL_NAME_2":"NA","NAME_3":"Pupuan","VARNAME_3":"NA","NL_NAME_3":"NA","TYPE_3":"Kecamatan","ENGTYPE_3":"Sub-district","CC_3":"5102080","HASC_3":"NA"},"geometry":{"type":"MultiPolygon","coordinates":[[[[115.0091,-8.4218],[115.0065,-8.4242],[115.0074,-8.4262],[115.005,-8.4325],[114.9977,-8.4232],[114.9969,-8.4165],[114.9952,-8.4151],[114.9995,-8.4047],[114.996,-8.3929],[114.9869,-8.3919],[114.9851,-8.3936],[114.9835,-8.3984],[114.9812,-8.4001],[114.9804,-8.4089],[114.9822,-8.412],[114.9802,-8.415],[114.975,-8.4103],[114.9743,-8.4065],[114.9712,-8.4029],[114.9684,-8.4026],[114.9674,-8.3999],[114.9624,-8.3971],[114.9575,-8.3974],[114.9556,-8.4018],[114.9493,-8.4054],[114.9478,-8.4122],[114.9485,-8.4205],[114.9421,-8.422],[114.9411,-8.4251],[114.9367,-8.429],[114.9335,-8.4444],[114.9302,-8.4476],[114.9251,-8.4482],[114.9237,-8.447],[114.924,-8.4413],[114.9263,-8.4403],[114.9269,-8.4369],[114.9239,-8.4329],[114.9252,-8.4319],[114.9254,-8.4251],[114.9224,-8.42],[114.9272,-8.4072],[114.9288,-8.4067],[114.9307,-8.4015],[114.9334,-8.3995],[114.9341,-8.3915],[114.9291,-8.3852],[114.9291,-8.3827],[114.9317,-8.3832],[114.9331,-8.3804],[114.9287,-8.3769],[114.9311,-8.367],[114.9329,-8.3648],[114.9316,-8.3638],[114.9336,-8.3609],[114.9352,-8.361],[114.9342,-8.3593],[114.9354,-8.3568],[114.9472,-8.3617],[114.9501,-8.3605],[114.9506,-8.3564],[114.9525,-8.3551],[114.952,-8.3508],[114.9557,-8.3454],[114.9554,-8.338],[114.9605,-8.3315],[114.9583,-8.3236],[114.9604,-8.3211],[114.9625,-8.3129],[114.9645,-8.3118],[114.9627,-8.3101],[114.9651,-8.3056],[114.9737,-8.3031],[114.9809,-8.2978],[114.9815,-8.2957],[114.9781,-8.2882],[114.985,-8.2904],[114.9863,-8.2894],[114.991,-8.2986],[114.9962,-8.2994],[114.9987,-8.3032],[115.0069,-8.3066],[115.01,-8.3117],[115.0143,-8.3062],[115.0207,-8.3082],[115.0245,-8.3007],[115.0278,-8.2999],[115.033,-8.3009],[115.0441,-8.307],[115.0492,-8.3064],[115.0592,-8.3104],[115.0638,-8.3097],[115.0708,-8.3118],[115.0847,-8.3114],[115.0937,-8.3065],[115.1012,-8.3071],[115.1014,-8.3101],[115.1053,-8.3153],[115.1047,-8.3219],[115.0976,-8.3274],[115.0965,-8.3309],[115.0931,-8.3339],[115.0861,-8.334],[115.0824,-8.3406],[115.0824,-8.3437],[115.0778,-8.3495],[115.0778,-8.3558],[115.0749,-8.3657],[115.0696,-8.3707],[115.0666,-8.3786],[115.0581,-8.3879],[115.0563,-8.3933],[115.0431,-8.4045],[115.0409,-8.4047],[115.0393,-8.4099],[115.0369,-8.4097],[115.0366,-8.4196],[115.0326,-8.4239],[115.0313,-8.433],[115.0299,-8.4337],[115.0282,-8.4393],[115.0286,-8.4429],[115.0234,-8.4403],[115.0227,-8.4362],[115.0254,-8.4317],[115.0244,-8.4305],[115.0198,-8.426],[115.0091,-8.4218]]]]}},{"type":"Feature","properties":{"GID_3":"IDN.2.9.9_1","GID_0":"IDN","COUNTRY":"Indonesia","GID_1":"IDN.2_1","NAME_1":"Bali","NL_NAME_1":"NA","GID_2":"IDN.2.9_1","NAME_2":"Tabanan","NL_NAME_2":"NA","NAME_3":"Selemadeg","VARNAME_3":"NA","NL_NAME_3":"NA","TYPE_3":"Kecamatan","ENGTYPE_3":"Sub-district","CC_3":"5102010","HASC_3":"NA"},"geometry":{"type":"MultiPolygon","coordinates":[[[[115.0016,-8.5152],[115.0061,-8.5175],[115.0145,-8.5118],[115.0186,-8.5148],[115.018,-8.5116],[115.0195,-8.5086],[115.018,-8.507],[115.0202,-8.5074],[115.0196,-8.5044],[115.0228,-8.501],[115.0207,-8.4993],[115.024,-8.4965],[115.0214,-8.4922],[115.0261,-8.4894],[115.0237,-8.4833],[115.0271,-8.4814],[115.0283,-8.477],[115.0313,-8.4764],[115.0309,-8.4732],[115.0331,-8.4713],[115.0317,-8.4681],[115.0322,-8.4601],[115.0297,-8.459],[115.0311,-8.4565],[115.0293,-8.4556],[115.0292,-8.4502],[115.0277,-8.4495],[115.0264,-8.444],[115.0289,-8.4424],[115.0282,-8.4393],[115.0299,-8.4337],[115.0313,-8.433],[115.0326,-8.4239],[115.0366,-8.4196],[115.0369,-8.4097],[115.0393,-8.4099],[115.0409,-8.4047],[115.0431,-8.4045],[115.0563,-8.3933],[115.0581,-8.3879],[115.0666,-8.3786],[115.0696,-8.3707],[115.0749,-8.3657],[115.0778,-8.3558],[115.0778,-8.3495],[115.0824,-8.3437],[115.0858,-8.3499],[115.0825,-8.3724],[115.0836,-8.3765],[115.0809,-8.3764],[115.0785,-8.3844],[115.0777,-8.3946],[115.0724,-8.417],[115.0678,-8.421],[115.0672,-8.4244],[115.0618,-8.425],[115.0594,-8.4308],[115.0607,-8.4336],[115.0592,-8.4366],[115.0606,-8.4387],[115.0597,-8.4492],[115.0554,-8.4551],[115.0515,-8.4657],[115.0496,-8.4656],[115.0532,-8.4741],[115.0501,-8.478],[115.0482,-8.4873],[115.0498,-8.4893],[115.0467,-8.4912],[115.046,-8.4954],[115.0434,-8.4968],[115.0442,-8.4997],[115.0421,-8.5],[115.0424,-8.5016],[115.049,-8.5041],[115.0457,-8.5069],[115.0471,-8.5089],[115.0456,-8.5149],[115.0439,-8.5155],[115.0447,-8.5171],[115.04,-8.5141],[115.0358,-8.5213],[115.036,-8.5253],[115.0284,-8.5307],[115.0266,-8.5334],[115.0272,-8.5363],[115.0225,-8.5356],[115.0233,-8.5382],[115.0213,-8.54],[115.0115,-8.5411],[115.0106,-8.5428],[115.01,-8.5409],[115.0079,-8.5424],[114.9998,-8.5371],[114.9977,-8.5374],[114.9984,-8.5345],[114.9963,-8.5335],[114.9952,-8.5276],[114.982,-8.5157],[114.9758,-8.5132],[114.9708,-8.5057],[114.9799,-8.5013],[114.9882,-8.5092],[114.9956,-8.5116],[114.995,-8.5169],[114.9999,-8.5187],[114.9995,-8.5162],[115.0016,-8.5152]]]]}},{"type":"Feature","properties":{"GID_3":"IDN.2.9.7_1","GID_0":"IDN","COUNTRY":"Indonesia","GID_1":"IDN.2_1","NAME_1":"Bali","NL_NAME_1":"NA","GID_2":"IDN.2.9_1","NAME_2":"Tabanan","NL_NAME_2":"NA","NAME_3":"SelemadegBarat","VARNAME_3":"NA","NL_NAME_3":"NA","TYPE_3":"Kecamatan","ENGTYPE_3":"Sub-district","CC_3":"5102012","HASC_3":"NA"},"geometry":{"type":"MultiPolygon","coordinates":[[[[115.0002,-8.5156],[114.9999,-8.5187],[114.995,-8.5169],[114.9956,-8.5116],[114.9882,-8.5092],[114.9799,-8.5013],[114.9712,-8.5057],[114.9597,-8.5015],[114.9582,-8.4986],[114.9538,-8.4974],[114.9493,-8.4936],[114.9443,-8.4861],[114.9323,-8.4756],[114.9146,-8.4659],[114.9175,-8.462],[114.9157,-8.4593],[114.9171,-8.4595],[114.9164,-8.4579],[114.9187,-8.4569],[114.9201,-8.4527],[114.9216,-8.4528],[114.9251,-8.448],[114.9302,-8.4476],[114.9335,-8.4444],[114.9371,-8.4284],[114.9411,-8.4251],[114.9421,-8.422],[114.9485,-8.4205],[114.9478,-8.4122],[114.9493,-8.4054],[114.9556,-8.4018],[114.9575,-8.3974],[114.9624,-8.3971],[114.9674,-8.3999],[114.9684,-8.4026],[114.9712,-8.4029],[114.9743,-8.4065],[114.975,-8.4103],[114.9802,-8.415],[114.9822,-8.412],[114.9804,-8.4089],[114.9812,-8.4001],[114.9835,-8.3984],[114.9851,-8.3936],[114.9869,-8.3919],[114.996,-8.3929],[114.9995,-8.4047],[114.9952,-8.4151],[114.9969,-8.4165],[114.9971,-8.422],[115.0001,-8.4264],[115.005,-8.4325],[115.0074,-8.4262],[115.0065,-8.4242],[115.0095,-8.421],[115.0208,-8.4266],[115.0254,-8.4317],[115.0227,-8.4362],[115.0234,-8.4403],[115.0273,-8.4429],[115.0264,-8.4446],[115.0277,-8.4495],[115.0292,-8.4502],[115.0293,-8.4556],[115.0311,-8.4565],[115.0297,-8.459],[115.0322,-8.4601],[115.0317,-8.4681],[115.0331,-8.4713],[115.0309,-8.4732],[115.0313,-8.4764],[115.0283,-8.477],[115.0271,-8.4814],[115.0237,-8.4833],[115.0261,-8.4894],[115.0214,-8.4922],[115.024,-8.4965],[115.0207,-8.4993],[115.0228,-8.501],[115.0196,-8.5044],[115.0202,-8.5074],[115.018,-8.507],[115.0195,-8.5086],[115.018,-8.5116],[115.0186,-8.5148],[115.0145,-8.5118],[115.0061,-8.5175],[115.0002,-8.5156]]]]}},{"type":"Feature","properties":{"GID_3":"IDN.2.9.8_1","GID_0":"IDN","COUNTRY":"Indonesia","GID_1":"IDN.2_1","NAME_1":"Bali","NL_NAME_1":"NA","GID_2":"IDN.2.9_1","NAME_2":"Tabanan","NL_NAME_2":"NA","NAME_3":"SelemadegTimur","VARNAME_3":"NA","NL_NAME_3":"NA","TYPE_3":"Kecamatan","ENGTYPE_3":"Sub-district","CC_3":"5102011","HASC_3":"NA"},"geometry":{"type":"MultiPolygon","coordinates":[[[[115.0484,-8.5551],[115.0418,-8.5597],[115.0385,-8.5591],[115.0362,-8.5607],[115.034,-8.5588],[115.0317,-8.5595],[115.0158,-8.5486],[115.0133,-8.5484],[115.0137,-8.547],[115.0106,-8.5428],[115.0115,-8.5411],[115.0213,-8.54],[115.0233,-8.5382],[115.0225,-8.5356],[115.0272,-8.5363],[115.0266,-8.5334],[115.0284,-8.5307],[115.036,-8.5253],[115.0358,-8.5213],[115.04,-8.5141],[115.0447,-8.5171],[115.0439,-8.5155],[115.0456,-8.5149],[115.0471,-8.5089],[115.0457,-8.5069],[115.049,-8.5041],[115.0424,-8.5016],[115.0421,-8.5],[115.0442,-8.4997],[115.0434,-8.4968],[115.046,-8.4954],[115.0467,-8.4912],[115.0498,-8.4893],[115.0482,-8.4873],[115.0501,-8.478],[115.0532,-8.4741],[115.0496,-8.4656],[115.0515,-8.4657],[115.0554,-8.4551],[115.0597,-8.4492],[115.0606,-8.4387],[115.0592,-8.4366],[115.0607,-8.4336],[115.0594,-8.4308],[115.0618,-8.425],[115.0672,-8.4244],[115.0678,-8.421],[115.0724,-8.417],[115.0777,-8.3946],[115.0785,-8.3844],[115.0809,-8.3764],[115.0828,-8.3765],[115.0842,-8.3865],[115.0798,-8.3932],[115.0781,-8.4026],[115.0812,-8.4122],[115.0804,-8.4159],[115.0822,-8.4161],[115.0821,-8.4215],[115.0834,-8.4207],[115.0854,-8.4227],[115.09,-8.4352],[115.0883,-8.445],[115.092,-8.4532],[115.0908,-8.4541],[115.093,-8.4568],[115.0915,-8.458],[115.0938,-8.4635],[115.0926,-8.4658],[115.0941,-8.4698],[115.0921,-8.476],[115.0934,-8.4767],[115.0898,-8.4794],[115.0893,-8.4822],[115.0833,-8.4852],[115.0823,-8.488],[115.0804,-8.4876],[115.0811,-8.4898],[115.0786,-8.4904],[115.0782,-8.4947],[115.0765,-8.4959],[115.0783,-8.497],[115.0765,-8.499],[115.0781,-8.5005],[115.0754,-8.5021],[115.0775,-8.5035],[115.0748,-8.5046],[115.0766,-8.5073],[115.071,-8.523],[115.0728,-8.5276],[115.0722,-8.5308],[115.0703,-8.5319],[115.0739,-8.5344],[115.073,-8.5369],[115.0702,-8.5383],[115.0715,-8.5409],[115.0688,-8.541],[115.0673,-8.5449],[115.0626,-8.5461],[115.0593,-8.55],[115.0574,-8.5495],[115.0554,-8.5538],[115.0523,-8.5545],[115.0516,-8.5566],[115.0484,-8.5551]]]]}},{"type":"Feature","properties":{"GID_3":"IDN.2.9.10_1","GID_0":"IDN","COUNTRY":"Indonesia","GID_1":"IDN.2_1","NAME_1":"Bali","NL_NAME_1":"NA","GID_2":"IDN.2.9_1","NAME_2":"Tabanan","NL_NAME_2":"NA","NAME_3":"Tabanan","VARNAME_3":"NA","NL_NAME_3":"NA","TYPE_3":"Kecamatan","ENGTYPE_3":"Sub-district","CC_3":"5102030","HASC_3":"NA"},"geometry":{"type":"MultiPolygon","coordinates":[[[[115.0875,-8.5814],[115.0823,-8.5882],[115.0776,-8.5868],[115.0718,-8.588],[115.0715,-8.5931],[115.0603,-8.5827],[115.0657,-8.5787],[115.07,-8.5784],[115.0712,-8.5749],[115.0688,-8.5715],[115.0698,-8.5705],[115.0724,-8.5719],[115.0744,-8.57],[115.073,-8.5672],[115.0791,-8.5552],[115.0963,-8.5545],[115.1057,-8.5485],[115.108,-8.5448],[115.1091,-8.5365],[115.1157,-8.5315],[115.1173,-8.5264],[115.1215,-8.5209],[115.1217,-8.5151],[115.1202,-8.5134],[115.1241,-8.5044],[115.1246,-8.4821],[115.1289,-8.4685],[115.1311,-8.4661],[115.1355,-8.4656],[115.1344,-8.4704],[115.1371,-8.4719],[115.1375,-8.4738],[115.1423,-8.4735],[115.1434,-8.4692],[115.1465,-8.4666],[115.1521,-8.4438],[115.1548,-8.4415],[115.1556,-8.4464],[115.1577,-8.4474],[115.1579,-8.4523],[115.1566,-8.4575],[115.1547,-8.4577],[115.1539,-8.4655],[115.1557,-8.4672],[115.1555,-8.4717],[115.1531,-8.4791],[115.1541,-8.4893],[115.1475,-8.5076],[115.138,-8.5273],[115.1369,-8.5317],[115.1388,-8.54],[115.1357,-8.5447],[115.1348,-8.5439],[115.1333,-8.5485],[115.1313,-8.5477],[115.1259,-8.5495],[115.1289,-8.5526],[115.1246,-8.5553],[115.1243,-8.5588],[115.1214,-8.5615],[115.1213,-8.568],[115.1144,-8.5695],[115.1126,-8.5725],[115.1104,-8.5692],[115.1085,-8.5699],[115.102,-8.5741],[115.1009,-8.5735],[115.0975,-8.578],[115.0957,-8.5775],[115.0937,-8.5799],[115.0924,-8.5787],[115.0875,-8.5814]]]]}}]}