{"type":"FeatureCollection","features":[{"type":"Feature","properties":{"GID_4":"IDN.2.1.1.1_1","GID_0":"IDN","COUNTRY":"Indonesia","GID_1":"IDN.2_1","NAME_1":"Bali","GID_2":"IDN.2.1_1","NAME_2":"Badung","GID_3":"IDN.2.1.1_1","NAME_3":"Abiansemal","NAME_4":"Abiansemal","VARNAME_4":"NA","TYPE_4":"Desa","ENGTYPE_4":"Village","CC_4":"5103050009"},"geometry":{"type":"MultiPolygon","coordinates":[[[[115.2096,-8.5199],[115.2137,-8.5164],[115.2219,-8.5173],[115.2196,-8.5239],[115.2218,-8.5314],[115.2212,-8.5359],[115.2162,-8.5376],[115.2179,-8.5402],[115.2158,-8.5426],[115.2187,-8.5442],[115.2162,-8.55],[115.2109,-8.5593],[115.2057,-8.5623],[115.2088,-8.5523],[115.2089,-8.5439],[115.2111,-8.5404],[115.2085,-8.5298],[115.2101,-8.5248],[115.2096,-8.5199]]]]}},{"type":"Feature","properties":{"GID_4":"IDN.2.1.1.2_1","GID_0":"IDN","COUNTRY":"Indonesia","GID_1":"IDN.2_1","NAME_1":"Bali","GID_2":"IDN.2.1_1","NAME_2":"Badung","GID_3":"IDN.2.1.1_1","NAME_3":"Abiansemal","NAME_4":"Angantaka","VARNAME_4":"NA","TYPE_4":"Desa","ENGTYPE_4":"Village","CC_4":"5103050004"},"geometry":{"type":"MultiPolygon","coordinates":[[[[115.2468,-8.5914],[115.2395,-8.5908],[115.2378,-8.5848],[115.2335,-8.5848],[115.2327,-8.5797],[115.2366,-8.5782],[115.2362,-8.5765],[115.2383,-8.5752],[115.2493,-8.5744],[115.2496,-8.585],[115.2468,-8.5914]]]]}},{"type":"Feature","properties":{"GID_4":"IDN.2.1.1.3_1","GID_0":"IDN","COUNTRY":"Indonesia","GID_1":"IDN.2_1","NAME_1":"Bali","GID_2":"IDN.2.1_1","NAME_2":"Badung","GID_3":"IDN.2.1.1_1","NAME_3":"Abiansemal","NAME_4":"Ayunan","VARNAME_4":"NA","TYPE_4":"Desa","ENGTYPE_4":"Village","CC_4":"5103050011"},"geometry":{"type":"MultiPolygon","coordinates":[[[[115.2008,-8.4952],[115.2027,-8.5119],[115.2018,-8.5187],[115.1998,-8.5227],[115.1976,-8.5231],[115.1943,-8.5205],[115.1951,-8.5156],[115.1987,-8.5111],[115.197,-8.5071],[115.1981,-8.5043],[115.1954,-8.4897],[115.2023,-8.4894],[115.2008,-8.4952]]]]}},{"type":"Feature","properties":{"GID_4":"IDN.2.1.1.4_1","GID_0":"IDN","COUNTRY":"Indonesia","GID_1":"IDN.2_1","NAME_1":"Bali","GID_2":"IDN.2.1_1","NAME_2":"Badung","GID_3":"IDN.2.1.1_1","NAME_3":"Abiansemal","NAME_4":"Blahkiuh","VARNAME_4":"NA","TYPE_4":"Desa","ENGTYPE_4":"Village","CC_4":"5103050012"},"geometry":{"type":"MultiPolygon","coordinates":[[[[115.2222,-8.5199],[115.2227,-8.5195],[115.2223,-8.52],[115.2222,-8.5199]]],[[[115.2172,-8.5164],[115.2137,-8.5164],[115.2108,-8.5196],[115.2064,-8.5208],[115.2011,-8.5198],[115.2026,-8.504],[115.2008,-8.4952],[115.2165,-8.4972],[115.218,-8.508],[115.2207,-8.5105],[115.2219,-8.5173],[115.2172,-8.5164]]]]}},{"type":"Feature","properties":{"GID_4":"IDN.2.1.1.5_1","GID_0":"IDN","COUNTRY":"Indonesia","GID_1":"IDN.2_1","NAME_1":"Bali","GID_2":"IDN.2.1_1","NAME_2":"Badung","GID_3":"IDN.2.1.1_1","NAME_3":"Abiansemal","NAME_4":"Bongkasa","VARNAME_4":"NA","TYPE_4":"Desa","ENGTYPE_4":"Village","CC_4":"5103050014"},"geometry":{"type":"MultiPolygon","coordinates":[[[[115.2218,-8.5314],[115.2198,-8.5232],[115.2255,-8.5156],[115.2257,-8.5094],[115.2279,-8.5039],[115.2297,-8.5031],[115.2309,-8.4979],[115.2348,-8.4963],[115.2379,-8.4874],[115.2396,-8.4884],[115.2374,-8.4963],[115.243,-8.4972],[115.2432,-8.4994],[115.2403,-8.4999],[115.2379,-8.5029],[115.2373,-8.511],[115.2334,-8.5124],[115.231,-8.5171],[115.2317,-8.5228],[115.2299,-8.5252],[115.2299,-8.5287],[115.2259,-8.5282],[115.2218,-8.5314]]]]}},{"type":"Feature","properties":{"GID_4":"IDN.2.1.1.6_1","GID_0":"IDN","COUNTRY":"Indonesia","GID_1":"IDN.2_1","NAME_1":"Bali","GID_2":"IDN.2.1_1","NAME_2":"Badung","GID_3":"IDN.2.1.1_1","NAME_3":"Abiansemal","NAME_4":"BongkasaPertiwi","VARNAME_4":"NA","TYPE_4":"Desa","ENGTYPE_4":"Village","CC_4":"5103050018"},"geometry":{"type":"MultiPolygon","coordinates":[[[[115.243,-8.4972],[115.2374,-8.4963],[115.2396,-8.4884],[115.2379,-8.4874],[115.2394,-8.4838],[115.239,-8.4783],[115.2372,-8.478],[115.2377,-8.4713],[115.2309,-8.457],[115.2352,-8.4567],[115.2385,-8.4595],[115.2389,-8.4623],[115.2423,-8.4651],[115.2414,-8.4712],[115.2444,-8.4716],[115.2417,-8.4744],[115.2449,-8.4777],[115.2416,-8.486],[115.2436,-8.4877],[115.2402,-8.4916],[115.243,-8.4972]]]]}},{"type":"Feature","properties":{"GID_4":"IDN.2.1.1.7_1","GID_0":"IDN","COUNTRY":"Indonesia","GID_1":"IDN.2_1","NAME_1":"Bali","GID_2":"IDN.2.1_1","NAME_2":"Badung","GID_3":"IDN.2.1.1_1","NAME_3":"Abiansemal","NAME_4":"Darmasaba","VARNAME_4":"NA","TYPE_4":"Desa","ENGTYPE_4":"Village","CC_4":"5103050001"},"geometry":{"type":"MultiPolygon","coordinates":[[[[115.2046,-8.5689],[115.2065,-8.5762],[115.2084,-8.5771],[115.2081,-8.5805],[115.212,-8.5839],[115.218,-8.5851],[115.221,-8.5912],[115.2256,-8.5928],[115.2262,-8.5956],[115.2247,-8.5971],[115.2146,-8.5962],[115.2035,-8.6028],[115.2036,-8.5989],[115.2018,-8.598],[115.2014,-8.5949],[115.2019,-8.5879],[115.1965,-8.585],[115.1955,-8.577],[115.198,-8.5707],[115.2024,-8.5696],[115.2038,-8.5662],[115.2046,-8.5689]]]]}},{"type":"Feature","properties":{"GID_4":"IDN.2.1.1.8_1","GID_0":"IDN","COUNTRY":"Indonesia","GID_1":"IDN.2_1","NAME_1":"Bali","GID_2":"IDN.2.1_1","NAME_2":"Badung","GID_3":"IDN.2.1.1_1","NAME_3":"Abiansemal","NAME_4":"DauhYehCani","VARNAME_4":"NA","TYPE_4":"Desa","ENGTYPE_4":"Village","CC_4":"5103050010"},"geometry":{"type":"MultiPolygon","coordinates":[[[[115.2096,-8.5199],[115.2101,-8.5248],[115.2085,-8.5298],[115.2109,-8.5382],[115.2105,-8.5419],[115.207,-8.5372],[115.2013,-8.5341],[115.2004,-8.5317],[115.1955,-8.5304],[115.1978,-8.5261],[115.1975,-8.5232],[115.1998,-8.5227],[115.2011,-8.5198],[115.2046,-8.5209],[115.2096,-8.5199]]]]}},{"type":"Feature","properties":{"GID_4":"IDN.2.1.1.9_1","GID_0":"IDN","COUNTRY":"Indonesia","GID_1":"IDN.2_1","NAME_1":"Bali","GID_2":"IDN.2.1_1","NAME_2":"Badung","GID_3":"IDN.2.1.1_1","NAME_3":"Abiansemal","NAME_4":"Jagapati","VARNAME_4":"NA","TYPE_4":"Desa","ENGTYPE_4":"Village","CC_4":"5103050003"},"geometry":{"type":"MultiPolygon","coordinates":[[[[115.2335,-8.5848],[115.2378,-8.5848],[115.2395,-8.5908],[115.2468,-8.5914],[115.2462,-8.5963],[115.2426,-8.6031],[115.2373,-8.6023],[115.2385,-8.5992],[115.2365,-8.5982],[115.2359,-8.5928],[115.2339,-8.5918],[115.2323,-8.5881],[115.2325,-8.5846],[115.2335,-8.5848]]]]}},{"type":"Feature","properties":{"GID_4":"IDN.2.1.1.10_1","GID_0":"IDN","COUNTRY":"Indonesia","GID_1":"IDN.2_1","NAME_1":"Bali","GID_2":"IDN.2.1_1","NAME_2":"Badung","GID_3":"IDN.2.1.1_1","NAME_3":"Abiansemal","NAME_4":"Mambal","VARNAME_4":"NA","TYPE_4":"Desa","ENGTYPE_4":"Village","CC_4":"5103050008"},"geometry":{"type":"MultiPolygon","coordinates":[[[[115.2109,-8.5593],[115.2186,-8.5449],[115.2158,-8.5426],[115.2179,-8.5402],[115.2162,-8.5376],[115.2212,-8.5359],[115.2214,-8.5318],[115.225,-8.5285],[115.2294,-8.5291],[115.2301,-8.5268],[115.233,-8.5293],[115.2329,-8.5363],[115.2255,-8.5429],[115.2218,-8.5573],[115.2109,-8.5593]]]]}},{"type":"Feature","properties":{"GID_4":"IDN.2.1.1.11_1","GID_0":"IDN","COUNTRY":"Indonesia","GID_1":"IDN.2_1","NAME_1":"Bali","GID_2":"IDN.2.1_1","NAME_2":"Badung","GID_3":"IDN.2.1.1_1","NAME_3":"Abiansemal","NAME_4":"MekarBhuwana","VARNAME_4":"NA","TYPE_4":"Desa","ENGTYPE_4":"Village","CC_4":"5103050007"},"geometry":{"type":"MultiPolygon","coordinates":[[[[115.2218,-8.5573],[115.2255,-8.5429],[115.2311,-8.5383],[115.2335,-8.5393],[115.2351,-8.5454],[115.2391,-8.548],[115.2415,-8.5561],[115.2449,-8.5583],[115.2393,-8.5605],[115.2324,-8.5536],[115.2321,-8.557],[115.2246,-8.5555],[115.2218,-8.5573]]]]}},{"type":"Feature","properties":{"GID_4":"IDN.2.1.1.12_1","GID_0":"IDN","COUNTRY":"Indonesia","GID_1":"IDN.2_1","NAME_1":"Bali","GID_2":"IDN.2.1_1","NAME_2":"Badung","GID_3":"IDN.2.1.1_1","NAME_3":"Abiansemal","NAME_4":"Punggul","VARNAME_4":"NA","TYPE_4":"Desa","ENGTYPE_4":"Village","CC_4":"5103050013"},"geometry":{"type":"MultiPolygon","coordinates":[[[[115.2221,-8.5199],[115.2214,-8.5122],[115.218,-8.508],[115.216,-8.5003],[115.218,-8.4947],[115.2163,-8.4889],[115.2173,-8.487],[115.2215,-8.4874],[115.2245,-8.5007],[115.2277,-8.5044],[115.2255,-8.5156],[115.2221,-8.5199]]]]}},{"type":"Feature","properties":{"GID_4":"IDN.2.1.1.13_1","GID_0":"IDN","COUNTRY":"Indonesia","GID_1":"IDN.2_1","NAME_1":"Bali","GID_2":"IDN.2.1_1","NAME_2":"Badung","GID_3":"IDN.2.1.1_1","NAME_3":"Abiansemal","NAME_4":"Sangeh","VARNAME_4":"NA","TYPE_4":"Desa","ENGTYPE_4":"Village","CC_4":"5103050017"},"geometry":{"type":"MultiPolygon","coordinates":[[[[115.2008,-8.4952],[115.2044,-8.4821],[115.203,-8.4706],[115.2075,-8.4634],[115.2067,-8.4609],[115.2088,-8.4602],[115.2155,-8.4626],[115.2175,-8.4665],[115.2162,-8.4707],[115.2182,-8.4707],[115.2176,-8.4776],[115.2136,-8.4858],[115.2147,-8.4911],[115.212,-8.4966],[115.2008,-8.4952]]]]}},{"type":"Feature","properties":{"GID_4":"IDN.2.1.1.14_1","GID_0":"IDN","COUNTRY":"Indonesia","GID_1":"IDN.2_1","NAME_1":"Bali","GID_2":"IDN.2.1_1","NAME_2":"Badung","GID_3":"IDN.2.1.1_1","NAME_3":"Abiansemal","NAME_4":"Sedang","VARNAME_4":"NA","TYPE_4":"Desa","ENGTYPE_4":"Village","CC_4":"5103050005"},"geometry":{"type":"MultiPolygon","coordinates":[[[[115.2493,-8.5744],[115.2392,-8.575],[115.2353,-8.5766],[115.2331,-8.5747],[115.2304,-8.5696],[115.2315,-8.5689],[115.2319,-8.5539],[115.2346,-8.5549],[115.2393,-8.5605],[115.2449,-8.5583],[115.2449,-8.5642],[115.2493,-8.5744]]]]}},{"type":"Feature","properties":{"GID_4":"IDN.2.1.1.15_1","GID_0":"IDN","COUNTRY":"Indonesia","GID_1":"IDN.2_1","NAME_1":"Bali","GID_2":"IDN.2.1_1","NAME_2":"Badung","GID_3":"IDN.2.1.1_1","NAME_3":"Abiansemal","NAME_4":"Selat","VARNAME_4":"NA","TYPE_4":"Desa","ENGTYPE_4":"Village","CC_4":"5103050016"},"geometry":{"type":"MultiPolygon","coordinates":[[[[115.2165,-8.4972],[115.2133,-8.4969],[115.2123,-8.4947],[115.2147,-8.4911],[115.2136,-8.4858],[115.2178,-8.4766],[115.2182,-8.4707],[115.2162,-8.4707],[115.2171,-8.4672],[115.2208,-8.4671],[115.2241,-8.4618],[115.2259,-8.4618],[115.224,-8.4694],[115.2248,-8.4751],[115.2222,-8.4753],[115.2204,-8.4782],[115.2194,-8.4845],[115.2215,-8.4874],[115.2173,-8.487],[115.2163,-8.4889],[115.218,-8.4947],[115.2165,-8.4972]]]]}},{"type":"Feature","properties":{"GID_4":"IDN.2.1.1.16_1","GID_0":"IDN","COUNTRY":"Indonesia","GID_1":"IDN.2_1","NAME_1":"Bali","GID_2":"IDN.2.1_1","NAME_2":"Badung","GID_3":"IDN.2.1.1_1","NAME_3":"Abiansemal","NAME_4":"SibangGede","VARNAME_4":"NA","TYPE_4":"Desa","ENGTYPE_4":"Village","CC_4":"5103050002"},"geometry":{"type":"MultiPolygon","coordinates":[[[[115.2362,-8.5765],[115.2366,-8.5782],[115.2327,-8.5797],[115.2335,-8.5848],[115.2325,-8.5846],[115.2323,-8.5881],[115.2339,-8.5918],[115.2256,-8.5928],[115.221,-8.5912],[115.218,-8.5851],[115.209,-8.5818],[115.2082,-8.5766],[115.2065,-8.5762],[115.2038,-8.5695],[115.2207,-8.5734],[115.221,-8.5718],[115.2256,-8.5722],[115.2286,-8.5623],[115.2284,-8.5564],[115.2321,-8.557],[115.2315,-8.5689],[115.2304,-8.5696],[115.2331,-8.5747],[115.2362,-8.5765]]]]}},{"type":"Feature","properties":{"GID_4":"IDN.2.1.1.17_1","GID_0":"IDN","COUNTRY":"Indonesia","GID_1":"IDN.2_1","NAME_1":"Bali","GID_2":"IDN.2.1_1","NAME_2":"Badung","GID_3":"IDN.2.1.1_1","NAME_3":"Abiansemal","NAME_4":"SibangKaja","VARNAME_4":"NA","TYPE_4":"Desa","ENGTYPE_4":"Village","CC_4":"5103050006"},"geometry":{"type":"MultiPolygon","coordinates":[[[[115.2057,-8.5623],[115.2109,-8.5593],[115.2203,-8.5583],[115.2246,-8.5555],[115.2288,-8.5571],[115.2256,-8.5722],[115.221,-8.5718],[115.2207,-8.5734],[115.2048,-8.5691],[115.2038,-8.5662],[115.2057,-8.5623]]]]}},{"type":"Feature","properties":{"GID_4":"IDN.2.1.1.18_1","GID_0":"IDN","COUNTRY":"Indonesia","GID_1":"IDN.2_1","NAME_1":"Bali","GID_2":"IDN.2.1_1","NAME_2":"Badung","GID_3":"IDN.2.1.1_1","NAME_3":"Abiansemal","NAME_4":"Taman","VARNAME_4":"NA","TYPE_4":"Desa","ENGTYPE_4":"Village","CC_4":"5103050015"},"geometry":{"type":"MultiPolygon","coordinates":[[[[115.2309,-8.457],[115.2377,-8.4713],[115.2372,-8.478],[115.239,-8.4783],[115.2394,-8.4838],[115.2348,-8.4963],[115.2309,-8.4979],[115.2297,-8.5031],[115.2277,-8.5044],[115.225,-8.502],[115.2248,-8.4976],[115.2194,-8.4836],[115.2222,-8.4753],[115.2248,-8.4751],[115.224,-8.4694],[115.226,-8.4573],[115.2279,-8.4574],[115.2296,-8.4548],[115.2309,-8.457]]]]}},{"type":"Feature","properties":{"GID_4":"IDN.2.1.4.1_1","GID_0":"IDN","COUNTRY":"Indonesia","GID_1":"IDN.2_1","NAME_1":"Bali","GID_2":"IDN.2.1_1","NAME_2":"Badung","GID_3":"IDN.2.1.4_1","NAME_3":"Kuta","NAME_4":"Kedonganan","VARNAME_4":"NA","TYPE_4":"Desa","ENGTYPE_4":"Village","CC_4":"5103020001"},"geometry":{"type":"MultiPolygon","coordinates":[[[[115.193,-8.7706],[115.1884,-8.7693],[115.1831,-8.7703],[115.1826,-8.7692],[115.169,-8.7673],[115.1691,-8.7613],[115.1671,-8.7566],[115.1807,-8.7578],[115.1828,-8.7651],[115.1856,-8.7647],[115.1859,-8.7628],[115.1873,-8.7634],[115.1869,-8.7654],[115.1885,-8.7639],[115.193,-8.7706]]]]}},{"type":"Feature","properties":{"GID_4":"IDN.2.1.4.2_1","GID_0":"IDN","COUNTRY":"Indonesia","GID_1":"IDN.2_1","NAME_1":"Bali","GID_2":"IDN.2.1_1","NAME_2":"Badung","GID_3":"IDN.2.1.4_1","NAME_3":"Kuta","NAME_4":"Kuta","VARNAME_4":"NA","TYPE_4":"Desa","ENGTYPE_4":"Village","CC_4":"5103020003"},"geometry":{"type":"MultiPolygon","coordinates":[[[[115.1605,-8.7411],[115.1643,-8.7304],[115.1693,-8.7244],[115.1667,-8.7133],[115.1797,-8.7101],[115.1771,-8.7049],[115.1821,-8.7018],[115.182,-8.7048],[115.1835,-8.7051],[115.187,-8.7114],[115.1875,-8.7183],[115.1848,-8.7218],[115.1868,-8.7217],[115.1875,-8.7319],[115.1863,-8.7322],[115.1875,-8.7355],[115.1745,-8.7365],[115.1754,-8.7375],[115.1729,-8.7395],[115.1605,-8.7411]]]]}},{"type":"Feature","properties":{"GID_4":"IDN.2.1.4.3_1","GID_0":"IDN","COUNTRY":"Indonesia","GID_1":"IDN.2_1","NAME_1":"Bali","GID_2":"IDN.2.1_1","NAME_2":"Badung","GID_3":"IDN.2.1.4_1","NAME_3":"Kuta","NAME_4":"Legian","VARNAME_4":"NA","TYPE_4":"Desa","ENGTYPE_4":"Village","CC_4":"5103020004"},"geometry":{"type":"MultiPolygon","coordinates":[[[[115.1821,-8.7018],[115.1771,-8.7049],[115.1797,-8.7101],[115.1667,-8.7133],[115.1615,-8.6975],[115.1728,-8.6974],[115.1731,-8.6958],[115.175,-8.6955],[115.1821,-8.7018]]]]}},{"type":"Feature","properties":{"GID_4":"IDN.2.1.4.4_1","GID_0":"IDN","COUNTRY":"Indonesia","GID_1":"IDN.2_1","NAME_1":"Bali","GID_2":"IDN.2.1_1","NAME_2":"Badung","GID_3":"IDN.2.1.4_1","NAME_3":"Kuta","NAME_4":"Seminyak","VARNAME_4":"NA","TYPE_4":"Desa","ENGTYPE_4":"Village","CC_4":"5103020005"},"geometry":{"type":"MultiPolygon","coordinates":[[[[115.1504,-8.6826],[115.1574,-8.6828],[115.159,-8.6842],[115.1673,-8.6822],[115.1756,-8.6832],[115.1778,-8.6917],[115.18,-8.6928],[115.1795,-8.6951],[115.1759,-8.6967],[115.1731,-8.6958],[115.1728,-8.6974],[115.1615,-8.6975],[115.1504,-8.6826]]]]}},{"type":"Feature","properties":{"GID_4":"IDN.2.1.4.5_1","GID_0":"IDN","COUNTRY":"Indonesia","GID_1":"IDN.2_1","NAME_1":"Bali","GID_2":"IDN.2.1_1","NAME_2":"Badung","GID_3":"IDN.2.1.4_1","NAME_3":"Kuta","NAME_4":"Tuban","VARNAME_4":"NA","TYPE_4":"Desa","ENGTYPE_4":"Village","CC_4":"5103020002"},"geometry":{"type":"MultiPolygon","coordinates":[[[[115.1807,-8.7578],[115.1671,-8.7566],[115.1595,-8.7503],[115.1525,-8.7505],[115.1521,-8.7474],[115.1587,-8.7468],[115.1605,-8.7411],[115.164,-8.7397],[115.1672,-8.7405],[115.1693,-8.7391],[115.1729,-8.7395],[115.1754,-8.7375],[115.1745,-8.7365],[115.188,-8.7356],[115.1904,-8.7377],[115.1846,-8.7441],[115.1846,-8.7478],[115.1893,-8.7478],[115.1846,-8.7479],[115.1807,-8.7578]]]]}},{"type":"Feature","properties":{"GID_4":"IDN.2.1.2.1_1","GID_0":"IDN","COUNTRY":"Indonesia","GID_1":"IDN.2_1","NAME_1":"Bali","GID_2":"IDN.2.1_1","NAME_2":"Badung","GID_3":"IDN.2.1.2_1","NAME_3":"KutaSelatan","NAME_4":"Benoa","VARNAME_4":"NA","TYPE_4":"Desa","ENGTYPE_4":"Village","CC_4":"5103010004"},"geometry":{"type":"MultiPolygon","coordinates":[[[[115.1968,-8.7826],[115.2018,-8.7812],[115.2083,-8.7856],[115.2203,-8.7872],[115.2171,-8.785],[115.2138,-8.776],[115.2174,-8.7733],[115.2173,-8.7706],[115.2239,-8.7695],[115.2272,-8.7857],[115.2306,-8.7879],[115.2337,-8.7977],[115.2351,-8.7987],[115.2373,-8.7973],[115.2364,-8.801],[115.2375,-8.8022],[115.2395,-8.8013],[115.2402,-8.8027],[115.239,-8.8045],[115.2367,-8.8029],[115.2323,-8.8075],[115.2315,-8.8114],[115.2245,-8.8182],[115.225,-8.8198],[115.2178,-8.8326],[115.2047,-8.8378],[115.2002,-8.8333],[115.1972,-8.8219],[115.1895,-8.8193],[115.1828,-8.8066],[115.1847,-8.8008],[115.188,-8.8008],[115.1917,-8.7908],[115.1969,-8.7865],[115.1968,-8.7826]]]]}},{"type":"Feature","properties":{"GID_4":"IDN.2.1.2.2_1","GID_0":"IDN","COUNTRY":"Indonesia","GID_1":"IDN.2_1","NAME_1":"Bali","GID_2":"IDN.2.1_1","NAME_2":"Badung","GID_3":"IDN.2.1.2_1","NAME_3":"KutaSelatan","NAME_4":"Jimbaran","VARNAME_4":"NA","TYPE_4":"Desa","ENGTYPE_4":"Village","CC_4":"5103010006"},"geometry":{"type":"MultiPolygon","coordinates":[[[[115.1968,-8.7826],[115.1969,-8.7865],[115.1917,-8.7908],[115.1883,-8.8005],[115.1847,-8.8008],[115.1817,-8.8064],[115.1691,-8.8064],[115.1576,-8.8041],[115.1531,-8.8046],[115.1435,-8.8105],[115.1397,-8.8108],[115.1315,-8.8057],[115.1296,-8.8033],[115.1307,-8.7994],[115.1224,-8.7933],[115.1253,-8.7896],[115.1267,-8.7907],[115.1307,-8.7899],[115.1449,-8.7795],[115.156,-8.7803],[115.1589,-8.7823],[115.1628,-8.7815],[115.1675,-8.774],[115.169,-8.7673],[115.1826,-8.7692],[115.1831,-8.7703],[115.1884,-8.7693],[115.193,-8.7706],[115.194,-8.7766],[115.1977,-8.7803],[115.1968,-8.7826]]]]}},{"type":"Feature","properties":{"GID_4":"IDN.2.1.2.3_1","GID_0":"IDN","COUNTRY":"Indonesia","GID_1":"IDN.2_1","NAME_1":"Bali","GID_2":"IDN.2.1_1","NAME_2":"Badung","GID_3":"IDN.2.1.2_1","NAME_3":"KutaSelatan","NAME_4":"Kutuh","VARNAME_4":"NA","TYPE_4":"Desa","ENGTYPE_4":"Village","CC_4":"5103010003"},"geometry":{"type":"MultiPolygon","coordinates":[[[[115.1827,-8.806],[115.1833,-8.8093],[115.1895,-8.8193],[115.1972,-8.8219],[115.2002,-8.8333],[115.2044,-8.8379],[115.1983,-8.8417],[115.1727,-8.8479],[115.168,-8.844],[115.1681,-8.839],[115.1699,-8.8375],[115.1707,-8.8312],[115.173,-8.8296],[115.1746,-8.8238],[115.1769,-8.8065],[115.1827,-8.806]]]]}},{"type":"Feature","properties":{"GID_4":"IDN.2.1.2.4_1","GID_0":"IDN","COUNTRY":"Indonesia","GID_1":"IDN.2_1","NAME_1":"Bali","GID_2":"IDN.2.1_1","NAME_2":"Badung","GID_3":"IDN.2.1.2_1","NAME_3":"KutaSelatan","NAME_4":"Pecatu","VARNAME_4":"NA","TYPE_4":"Desa","ENGTYPE_4":"Village","CC_4":"5103010001"},"geometry":{"type":"MultiPolygon","coordinates":[[[[115.1224,-8.7933],[115.1307,-8.7994],[115.1296,-8.8033],[115.1315,-8.8057],[115.1385,-8.8104],[115.1405,-8.8204],[115.1392,-8.8259],[115.141,-8.8279],[115.1405,-8.8348],[115.1438,-8.8399],[115.151,-8.8452],[115.1508,-8.8475],[115.1458,-8.8483],[115.1272,-8.8467],[115.1236,-8.8479],[115.1202,-8.8462],[115.1114,-8.8455],[115.0889,-8.8381],[115.0839,-8.8297],[115.0852,-8.8212],[115.0885,-8.8147],[115.0962,-8.8136],[115.1004,-8.8105],[115.1035,-8.8112],[115.1115,-8.8069],[115.116,-8.8035],[115.1188,-8.7938],[115.1224,-8.7933]]]]}},{"type":"Feature","properties":{"GID_4":"IDN.2.1.2.5_1","GID_0":"IDN","COUNTRY":"Indonesia","GID_1":"IDN.2_1","NAME_1":"Bali","GID_2":"IDN.2.1_1","NAME_2":"Badung","GID_3":"IDN.2.1.2_1","NAME_3":"KutaSelatan","NAME_4":"TanjungBenoa","VARNAME_4":"NA","TYPE_4":"Desa","ENGTYPE_4":"Village","CC_4":"5103010005"},"geometry":{"type":"MultiPolygon","coordinates":[[[[115.2157,-8.7601],[115.2143,-8.759],[115.2139,-8.757],[115.2142,-8.757],[115.2157,-8.7601]]]]}},{"type":"Feature","properties":{"GID_4":"IDN.2.1.2.6_1","GID_0":"IDN","COUNTRY":"Indonesia","GID_1":"IDN.2_1","NAME_1":"Bali","GID_2":"IDN.2.1_1","NAME_2":"Badung","GID_3":"IDN.2.1.2_1","NAME_3":"KutaSelatan","NAME_4":"Ungasan","VARNAME_4":"NA","TYPE_4":"Desa","ENGTYPE_4":"Village","CC_4":"5103010002"},"geometry":{"type":"MultiPolygon","coordinates":[[[[115.1385,-8.8105],[115.1433,-8.8105],[115.1483,-8.8067],[115.1576,-8.8041],[115.1769,-8.8065],[115.1746,-8.8238],[115.173,-8.8296],[115.1707,-8.8312],[115.1699,-8.8375],[115.1681,-8.839],[115.168,-8.844],[115.1726,-8.8479],[115.1667,-8.8493],[115.1508,-8.8475],[115.151,-8.8452],[115.1438,-8.8399],[115.1404,-8.8343],[115.141,-8.8279],[115.1392,-8.8259],[115.1405,-8.8204],[115.1385,-8.8105]]]]}},{"type":"Feature","properties":{"GID_4":"IDN.2.1.3.1_1","GID_0":"IDN","COUNTRY":"Indonesia","GID_1":"IDN.2_1","NAME_1":"Bali","GID_2":"IDN.2.1_1","NAME_2":"Badung","GID_3":"IDN.2.1.3_1","NAME_3":"KutaUtara","NAME_4":"Canggu","VARNAME_4":"NA","TYPE_4":"Desa","ENGTYPE_4":"Village","CC_4":"5103030005"},"geometry":{"type":"MultiPolygon","coordinates":[[[[115.1337,-8.6629],[115.1225,-8.6534],[115.1264,-8.6522],[115.1318,-8.645],[115.1391,-8.6401],[115.14,-8.637],[115.1421,-8.6359],[115.1416,-8.6321],[115.1455,-8.6271],[115.1471,-8.6218],[115.1543,-8.6166],[115.1563,-8.6171],[115.1573,-8.6195],[115.1544,-8.6248],[115.1535,-8.6324],[115.151,-8.6361],[115.1523,-8.6369],[115.1494,-8.6384],[115.1444,-8.6489],[115.1389,-8.6531],[115.1337,-8.6629]]]]}},{"type":"Feature","properties":{"GID_4":"IDN.2.1.3.2_1","GID_0":"IDN","COUNTRY":"Indonesia","GID_1":"IDN.2_1","NAME_1":"Bali","GID_2":"IDN.2.1_1","NAME_2":"Badung","GID_3":"IDN.2.1.3_1","NAME_3":"KutaUtara","NAME_4":"Dalung","VARNAME_4":"NA","TYPE_4":"Desa","ENGTYPE_4":"Village","CC_4":"5103030006"},"geometry":{"type":"MultiPolygon","coordinates":[[[[115.155,-8.6261],[115.1573,-8.6195],[115.1563,-8.6171],[115.1606,-8.6111],[115.1632,-8.6139],[115.1647,-8.6109],[115.1689,-8.6091],[115.1705,-8.6017],[115.1756,-8.6023],[115.1748,-8.6034],[115.1774,-8.605],[115.1772,-8.6071],[115.18,-8.6083],[115.1818,-8.6144],[115.1795,-8.6176],[115.1807,-8.6233],[115.1823,-8.6244],[115.1823,-8.6287],[115.1806,-8.6298],[115.1813,-8.6363],[115.173,-8.6353],[115.1723,-8.6338],[115.1751,-8.6301],[115.1701,-8.6277],[115.1684,-8.6283],[115.1665,-8.6232],[115.1596,-8.627],[115.155,-8.6261]]]]}},{"type":"Feature","properties":{"GID_4":"IDN.2.1.3.3_1","GID_0":"IDN","COUNTRY":"Indonesia","GID_1":"IDN.2_1","NAME_1":"Bali","GID_2":"IDN.2.1_1","NAME_2":"Badung","GID_3":"IDN.2.1.3_1","NAME_3":"KutaUtara","NAME_4":"Kerobokan","VARNAME_4":"NA","TYPE_4":"Desa","ENGTYPE_4":"Village","CC_4":"5103030002"},"geometry":{"type":"MultiPolygon","coordinates":[[[[115.1612,-8.6406],[115.1644,-8.6408],[115.1654,-8.6446],[115.1722,-8.6448],[115.1726,-8.6463],[115.1761,-8.647],[115.1742,-8.6525],[115.1775,-8.656],[115.1776,-8.6582],[115.1749,-8.658],[115.1744,-8.6596],[115.167,-8.6588],[115.167,-8.657],[115.1649,-8.6562],[115.1627,-8.6579],[115.1596,-8.6573],[115.1557,-8.6638],[115.1489,-8.6627],[115.1486,-8.657],[115.1502,-8.6554],[115.1492,-8.6542],[115.1514,-8.6505],[115.1552,-8.6496],[115.1577,-8.6433],[115.1612,-8.6406]]]]}},{"type":"Feature","properties":{"GID_4":"IDN.2.1.3.4_1","GID_0":"IDN","COUNTRY":"Indonesia","GID_1":"IDN.2_1","NAME_1":"Bali","GID_2":"IDN.2.1_1","NAME_2":"Badung","GID_3":"IDN.2.1.3_1","NAME_3":"KutaUtara","NAME_4":"KerobokanKaja","VARNAME_4":"NA","TYPE_4":"Desa","ENGTYPE_4":"Village","CC_4":"5103030003"},"geometry":{"type":"MultiPolygon","coordinates":[[[[115.1684,-8.6283],[115.1701,-8.6277],[115.1751,-8.6301],[115.1723,-8.6338],[115.173,-8.6353],[115.1813,-8.6363],[115.182,-8.6531],[115.1798,-8.6589],[115.1806,-8.6601],[115.178,-8.6608],[115.1775,-8.6561],[115.1742,-8.6528],[115.1761,-8.647],[115.1726,-8.6463],[115.1722,-8.6448],[115.1654,-8.6446],[115.1644,-8.6408],[115.1612,-8.6406],[115.1614,-8.6377],[115.1653,-8.6343],[115.1684,-8.6283]]]]}},{"type":"Feature","properties":{"GID_4":"IDN.2.1.3.5_1","GID_0":"IDN","COUNTRY":"Indonesia","GID_1":"IDN.2_1","NAME_1":"Bali","GID_2":"IDN.2.1_1","NAME_2":"Badung","GID_3":"IDN.2.1.3_1","NAME_3":"KutaUtara","NAME_4":"KerobokanKelod","VARNAME_4":"NA","TYPE_4":"Desa","ENGTYPE_4":"Village","CC_4":"5103030001"},"geometry":{"type":"MultiPolygon","coordinates":[[[[115.1776,-8.6582],[115.1747,-8.6604],[115.1747,-8.6622],[115.1797,-8.6749],[115.1737,-8.6832],[115.1673,-8.6822],[115.159,-8.6842],[115.1574,-8.6828],[115.1504,-8.6826],[115.1437,-8.6718],[115.1483,-8.6701],[115.1511,-8.6668],[115.1487,-8.6628],[115.1557,-8.6638],[115.1596,-8.6573],[115.1627,-8.6579],[115.1649,-8.6562],[115.167,-8.657],[115.167,-8.6588],[115.1744,-8.6596],[115.1749,-8.658],[115.1776,-8.6582]]]]}},{"type":"Feature","properties":{"GID_4":"IDN.2.1.3.6_1","GID_0":"IDN","COUNTRY":"Indonesia","GID_1":"IDN.2_1","NAME_1":"Bali","GID_2":"IDN.2.1_1","NAME_2":"Badung","GID_3":"IDN.2.1.3_1","NAME_3":"KutaUtara","NAME_4":"Tibubeneng","VARNAME_4":"NA","TYPE_4":"Desa","ENGTYPE_4":"Village","CC_4":"5103030004"},"geometry":{"type":"MultiPolygon","coordinates":[[[[115.1337,-8.6629],[115.1389,-8.6531],[115.1444,-8.6489],[115.1494,-8.6384],[115.1522,-8.637],[115.151,-8.6361],[115.1535,-8.6324],[115.1541,-8.6266],[115.1596,-8.627],[115.1665,-8.6232],[115.1684,-8.6283],[115.1653,-8.6343],[115.1614,-8.6377],[115.1594,-8.6432],[115.1577,-8.6433],[115.1552,-8.6496],[115.1514,-8.6505],[115.1492,-8.6542],[115.1502,-8.6554],[115.148,-8.661],[115.1511,-8.6668],[115.1497,-8.669],[115.1437,-8.6718],[115.1337,-8.6629]]]]}},{"type":"Feature","properties":{"GID_4":"IDN.2.1.5.1_1","GID_0":"IDN","COUNTRY":"Indonesia","GID_1":"IDN.2_1","NAME_1":"Bali","GID_2":"IDN.2.1_1","NAME_2":"Badung","GID_3":"IDN.2.1.5_1","NAME_3":"Mengwi","NAME_4":"Abianbase","VARNAME_4":"NA","TYPE_4":"Desa","ENGTYPE_4":"Village","CC_4":"5103040006"},"geometry":{"type":"MultiPolygon","coordinates":[[[[115.1756,-8.6023],[115.1721,-8.6023],[115.1646,-8.5982],[115.1647,-8.6007],[115.1585,-8.5989],[115.1555,-8.6012],[115.1558,-8.5932],[115.1618,-8.5918],[115.1657,-8.5838],[115.1693,-8.5844],[115.1703,-8.5875],[115.1707,-8.5864],[115.174,-8.5874],[115.1757,-8.5825],[115.1795,-8.5862],[115.1804,-8.5835],[115.1829,-8.5841],[115.184,-8.5864],[115.1784,-8.5925],[115.1792,-8.5938],[115.1756,-8.6023]]]]}},{"type":"Feature","properties":{"GID_4":"IDN.2.1.5.2_1","GID_0":"IDN","COUNTRY":"Indonesia","GID_1":"IDN.2_1","NAME_1":"Bali","GID_2":"IDN.2.1_1","NAME_2":"Badung","GID_3":"IDN.2.1.5_1","NAME_3":"Mengwi","NAME_4":"Baha","VARNAME_4":"NA","TYPE_4":"Desa","ENGTYPE_4":"Village","CC_4":"5103040016"},"geometry":{"type":"MultiPolygon","coordinates":[[[[115.1946,-8.5169],[115.1943,-8.5205],[115.1974,-8.5222],[115.1978,-8.5261],[115.1936,-8.5323],[115.1914,-8.5312],[115.1915,-8.5337],[115.1783,-8.5314],[115.1786,-8.5289],[115.1757,-8.5285],[115.1758,-8.5247],[115.1809,-8.5264],[115.1849,-8.5127],[115.1881,-8.5123],[115.1898,-8.5159],[115.1922,-8.5144],[115.192,-8.5128],[115.1946,-8.5169]]]]}},{"type":"Feature","properties":{"GID_4":"IDN.2.1.5.3_1","GID_0":"IDN","COUNTRY":"Indonesia","GID_1":"IDN.2_1","NAME_1":"Bali","GID_2":"IDN.2.1_1","NAME_2":"Badung","GID_3":"IDN.2.1.5_1","NAME_3":"Mengwi","NAME_4":"Buduk","VARNAME_4":"NA","TYPE_4":"Desa","ENGTYPE_4":"Village","CC_4":"5103040005"},"geometry":{"type":"MultiPolygon","coordinates":[[[[115.1563,-8.6171],[115.1543,-8.6166],[115.1487,-8.6209],[115.1471,-8.6197],[115.1514,-8.615],[115.149,-8.614],[115.1514,-8.6087],[115.1498,-8.602],[115.1563,-8.6014],[115.1585,-8.5989],[115.1621,-8.6009],[115.1653,-8.6004],[115.1646,-8.5982],[115.1686,-8.5996],[115.1708,-8.6025],[115.1689,-8.6091],[115.1647,-8.6109],[115.1632,-8.6139],[115.1606,-8.6111],[115.1563,-8.6171]]]]}},{"type":"Feature","properties":{"GID_4":"IDN.2.1.5.4_1","GID_0":"IDN","COUNTRY":"Indonesia","GID_1":"IDN.2_1","NAME_1":"Bali","GID_2":"IDN.2.1_1","NAME_2":"Badung","GID_3":"IDN.2.1.5_1","NAME_3":"Mengwi","NAME_4":"Cemagi","VARNAME_4":"NA","TYPE_4":"Desa","ENGTYPE_4":"Village","CC_4":"5103040001"},"geometry":{"type":"MultiPolygon","coordinates":[[[[115.1154,-8.6478],[115.1044,-8.6434],[115.1017,-8.6401],[115.0998,-8.6402],[115.0993,-8.6368],[115.1072,-8.6233],[115.1134,-8.6178],[115.1165,-8.6169],[115.1181,-8.6181],[115.1147,-8.6222],[115.121,-8.6227],[115.1194,-8.6246],[115.1204,-8.6292],[115.1182,-8.6322],[115.1187,-8.6362],[115.1154,-8.6478]]]]}},{"type":"Feature","properties":{"GID_4":"IDN.2.1.5.5_1","GID_0":"IDN","COUNTRY":"Indonesia","GID_1":"IDN.2_1","NAME_1":"Bali","GID_2":"IDN.2.1_1","NAME_2":"Badung","GID_3":"IDN.2.1.5_1","NAME_3":"Mengwi","NAME_4":"Gulingan","VARNAME_4":"NA","TYPE_4":"Desa","ENGTYPE_4":"Village","CC_4":"5103040014"},"geometry":{"type":"MultiPolygon","coordinates":[[[[115.1783,-8.5314],[115.1915,-8.5337],[115.1914,-8.5312],[115.1937,-8.5322],[115.1926,-8.537],[115.1946,-8.5386],[115.1945,-8.5417],[115.1927,-8.5462],[115.1941,-8.5488],[115.1922,-8.5519],[115.191,-8.5501],[115.19,-8.5527],[115.1884,-8.5523],[115.1882,-8.5558],[115.1865,-8.5553],[115.1838,-8.558],[115.182,-8.5575],[115.1818,-8.5554],[115.1783,-8.5553],[115.1776,-8.5566],[115.1737,-8.5555],[115.1711,-8.5506],[115.1739,-8.5332],[115.1772,-8.5335],[115.1783,-8.5314]]]]}},{"type":"Feature","properties":{"GID_4":"IDN.2.1.5.6_1","GID_0":"IDN","COUNTRY":"Indonesia","GID_1":"IDN.2_1","NAME_1":"Bali","GID_2":"IDN.2.1_1","NAME_2":"Badung","GID_3":"IDN.2.1.5_1","NAME_3":"Mengwi","NAME_4":"Kapal","VARNAME_4":"NA","TYPE_4":"Desa","ENGTYPE_4":"Village","CC_4":"5103040010"},"geometry":{"type":"MultiPolygon","coordinates":[[[[115.1844,-8.5852],[115.183,-8.5862],[115.1829,-8.5841],[115.1804,-8.5835],[115.1795,-8.5862],[115.1757,-8.5825],[115.174,-8.5874],[115.1707,-8.5864],[115.1703,-8.5875],[115.17,-8.5851],[115.1673,-8.5841],[115.1663,-8.5814],[115.1703,-8.5781],[115.1735,-8.5724],[115.1766,-8.5731],[115.1762,-8.5671],[115.1791,-8.5615],[115.1865,-8.5553],[115.1882,-8.5558],[115.1884,-8.5523],[115.19,-8.5527],[115.191,-8.5501],[115.1922,-8.5519],[115.1929,-8.5495],[115.1938,-8.5494],[115.1934,-8.5519],[115.1955,-8.5528],[115.1929,-8.5603],[115.1937,-8.5641],[115.1921,-8.572],[115.1883,-8.5809],[115.1844,-8.5852]]]]}},{"type":"Feature","properties":{"GID_4":"IDN.2.1.5.7_1","GID_0":"IDN","COUNTRY":"Indonesia","GID_1":"IDN.2_1","NAME_1":"Bali","GID_2":"IDN.2.1_1","NAME_2":"Badung","GID_3":"IDN.2.1.5_1","NAME_3":"Mengwi","NAME_4":"Kekeran","VARNAME_4":"NA","TYPE_4":"Desa","ENGTYPE_4":"Village","CC_4":"5103040011"},"geometry":{"type":"MultiPolygon","coordinates":[[[[115.1671,-8.5838],[115.1644,-8.5852],[115.1618,-8.5918],[115.1566,-8.5925],[115.1553,-8.594],[115.1514,-8.5924],[115.153,-8.5892],[115.1515,-8.5914],[115.1491,-8.5918],[115.1502,-8.5908],[115.1495,-8.5821],[115.1504,-8.5797],[115.1534,-8.578],[115.1526,-8.5743],[115.1555,-8.5681],[115.1591,-8.567],[115.163,-8.568],[115.1632,-8.5718],[115.1666,-8.5723],[115.1664,-8.5755],[115.1699,-8.5773],[115.1665,-8.5807],[115.1671,-8.5838]]]]}},{"type":"Feature","properties":{"GID_4":"IDN.2.1.5.8_1","GID_0":"IDN","COUNTRY":"Indonesia","GID_1":"IDN.2_1","NAME_1":"Bali","GID_2":"IDN.2.1_1","NAME_2":"Badung","GID_3":"IDN.2.1.5_1","NAME_3":"Mengwi","NAME_4":"Kuwum","VARNAME_4":"NA","TYPE_4":"Desa","ENGTYPE_4":"Village","CC_4":"5103040020"},"geometry":{"type":"MultiPolygon","coordinates":[[[[115.1976,-8.4601],[115.1928,-8.4597],[115.1934,-8.4572],[115.1905,-8.4558],[115.1894,-8.4614],[115.1814,-8.4598],[115.1799,-8.4647],[115.1739,-8.464],[115.1748,-8.4586],[115.1787,-8.4517],[115.1828,-8.4487],[115.1827,-8.4473],[115.1842,-8.4474],[115.184,-8.4457],[115.1872,-8.4454],[115.1878,-8.4427],[115.1982,-8.4457],[115.198,-8.4506],[115.1998,-8.4512],[115.1994,-8.4577],[115.1976,-8.4601]]]]}},{"type":"Feature","properties":{"GID_4":"IDN.2.1.5.9_1","GID_0":"IDN","COUNTRY":"Indonesia","GID_1":"IDN.2_1","NAME_1":"Bali","GID_2":"IDN.2.1_1","NAME_2":"Badung","GID_3":"IDN.2.1.5_1","NAME_3":"Mengwi","NAME_4":"Lukluk","VARNAME_4":"NA","TYPE_4":"Desa","ENGTYPE_4":"Village","CC_4":"5103040009"},"geometry":{"type":"MultiPolygon","coordinates":[[[[115.198,-8.5707],[115.1955,-8.577],[115.1968,-8.5842],[115.1912,-8.5919],[115.191,-8.5979],[115.1838,-8.597],[115.1792,-8.5944],[115.1784,-8.5925],[115.1812,-8.5908],[115.1883,-8.5809],[115.192,-8.5722],[115.1937,-8.5641],[115.1929,-8.5603],[115.1948,-8.555],[115.1965,-8.5556],[115.1969,-8.5594],[115.1995,-8.5598],[115.2002,-8.5627],[115.198,-8.5707]]]]}},{"type":"Feature","properties":{"GID_4":"IDN.2.1.5.10_1","GID_0":"IDN","COUNTRY":"Indonesia","GID_1":"IDN.2_1","NAME_1":"Bali","GID_2":"IDN.2.1_1","NAME_2":"Badung","GID_3":"IDN.2.1.5_1","NAME_3":"Mengwi","NAME_4":"Mengwi","VARNAME_4":"NA","TYPE_4":"Desa","ENGTYPE_4":"Village","CC_4":"5103040013"},"geometry":{"type":"MultiPolygon","coordinates":[[[[115.1733,-8.5371],[115.1711,-8.5506],[115.1728,-8.5542],[115.1633,-8.554],[115.1593,-8.559],[115.1619,-8.5513],[115.1646,-8.5322],[115.1677,-8.5332],[115.1681,-8.5357],[115.1733,-8.5371]]]]}},{"type":"Feature","properties":{"GID_4":"IDN.2.1.5.11_1","GID_0":"IDN","COUNTRY":"Indonesia","GID_1":"IDN.2_1","NAME_1":"Bali","GID_2":"IDN.2.1_1","NAME_2":"Badung","GID_3":"IDN.2.1.5_1","NAME_3":"Mengwi","NAME_4":"Mengwitani","VARNAME_4":"NA","TYPE_4":"Desa","ENGTYPE_4":"Village","CC_4":"5103040012"},"geometry":{"type":"MultiPolygon","coordinates":[[[[115.1728,-8.5542],[115.1758,-8.5564],[115.1818,-8.5554],[115.1826,-8.5582],[115.1762,-8.5671],[115.1766,-8.5731],[115.1735,-8.5724],[115.17,-8.5782],[115.1664,-8.5755],[115.1666,-8.5723],[115.1632,-8.5718],[115.163,-8.568],[115.1591,-8.567],[115.1562,-8.5684],[115.1557,-8.5655],[115.1633,-8.554],[115.1728,-8.5542]]]]}},{"type":"Feature","properties":{"GID_4":"IDN.2.1.5.12_1","GID_0":"IDN","COUNTRY":"Indonesia","GID_1":"IDN.2_1","NAME_1":"Bali","GID_2":"IDN.2.1_1","NAME_2":"Badung","GID_3":"IDN.2.1.5_1","NAME_3":"Mengwi","NAME_4":"Munggu","VARNAME_4":"NA","TYPE_4":"Desa","ENGTYPE_4":"Village","CC_4":"5103040002"},"geometry":{"type":"MultiPolygon","coordinates":[[[[115.1154,-8.6478],[115.1187,-8.6362],[115.1182,-8.6322],[115.1204,-8.6292],[115.1194,-8.6246],[115.121,-8.6227],[115.1147,-8.6222],[115.1181,-8.6181],[115.1165,-8.6169],[115.1182,-8.6133],[115.1196,-8.6112],[115.129,-8.6083],[115.137,-8.6091],[115.138,-8.6112],[115.1339,-8.6128],[115.1397,-8.615],[115.1402,-8.6166],[115.1382,-8.6204],[115.1358,-8.6212],[115.1357,-8.6254],[115.1313,-8.6287],[115.1328,-8.6299],[115.1318,-8.632],[115.1262,-8.6313],[115.1215,-8.6433],[115.1186,-8.645],[115.1183,-8.6497],[115.1154,-8.6478]]]]}},{"type":"Feature","properties":{"GID_4":"IDN.2.1.5.13_1","GID_0":"IDN","COUNTRY":"Indonesia","GID_1":"IDN.2_1","NAME_1":"Bali","GID_2":"IDN.2.1_1","NAME_2":"Badung","GID_3":"IDN.2.1.5_1","NAME_3":"Mengwi","NAME_4":"Penarungan","VARNAME_4":"NA","TYPE_4":"Desa","ENGTYPE_4":"Village","CC_4":"5103040015"},"geometry":{"type":"MultiPolygon","coordinates":[[[[115.2096,-8.5419],[115.2075,-8.5581],[115.2024,-8.5696],[115.1984,-8.5709],[115.1976,-8.5685],[115.2002,-8.5627],[115.1995,-8.5598],[115.1969,-8.5594],[115.1965,-8.5556],[115.1948,-8.555],[115.1955,-8.5528],[115.1934,-8.5519],[115.1942,-8.5482],[115.1927,-8.5462],[115.1946,-8.5386],[115.1926,-8.537],[115.1937,-8.5322],[115.1954,-8.5304],[115.2004,-8.5317],[115.2031,-8.5357],[115.207,-8.5372],[115.2096,-8.5419]]]]}},{"type":"Feature","properties":{"GID_4":"IDN.2.1.5.14_1","GID_0":"IDN","COUNTRY":"Indonesia","GID_1":"IDN.2_1","NAME_1":"Bali","GID_2":"IDN.2.1_1","NAME_2":"Badung","GID_3":"IDN.2.1.5_1","NAME_3":"Mengwi","NAME_4":"Pererenan","VARNAME_4":"NA","TYPE_4":"Desa","ENGTYPE_4":"Village","CC_4":"5103040003"},"geometry":{"type":"MultiPolygon","coordinates":[[[[115.1426,-8.6305],[115.1411,-8.6339],[115.1421,-8.6359],[115.14,-8.637],[115.1391,-8.6401],[115.1318,-8.645],[115.1264,-8.6522],[115.1225,-8.6534],[115.1183,-8.6497],[115.1186,-8.645],[115.1215,-8.6433],[115.1263,-8.6311],[115.1318,-8.632],[115.1328,-8.6299],[115.1313,-8.6287],[115.134,-8.6273],[115.1359,-8.6283],[115.1349,-8.63],[115.1359,-8.6324],[115.1399,-8.6295],[115.1426,-8.6305]]]]}},{"type":"Feature","properties":{"GID_4":"IDN.2.1.5.15_1","GID_0":"IDN","COUNTRY":"Indonesia","GID_1":"IDN.2_1","NAME_1":"Bali","GID_2":"IDN.2.1_1","NAME_2":"Badung","GID_3":"IDN.2.1.5_1","NAME_3":"Mengwi","NAME_4":"Sading","VARNAME_4":"NA","TYPE_4":"Desa","ENGTYPE_4":"Village","CC_4":"5103040008"},"geometry":{"type":"MultiPolygon","coordinates":[[[[115.1965,-8.585],[115.2019,-8.5879],[115.2018,-8.598],[115.2036,-8.5991],[115.203,-8.6038],[115.1999,-8.6064],[115.1964,-8.6061],[115.1977,-8.6115],[115.1965,-8.6122],[115.1896,-8.6077],[115.1894,-8.6062],[115.1914,-8.6015],[115.1912,-8.5919],[115.1965,-8.585]]]]}},{"type":"Feature","properties":{"GID_4":"IDN.2.1.5.16_1","GID_0":"IDN","COUNTRY":"Indonesia","GID_1":"IDN.2_1","NAME_1":"Bali","GID_2":"IDN.2.1_1","NAME_2":"Badung","GID_3":"IDN.2.1.5_1","NAME_3":"Mengwi","NAME_4":"Sembung","VARNAME_4":"NA","TYPE_4":"Desa","ENGTYPE_4":"Village","CC_4":"5103040019"},"geometry":{"type":"MultiPolygon","coordinates":[[[[115.1799,-8.4647],[115.1814,-8.4598],[115.1894,-8.4614],[115.1905,-8.4558],[115.1934,-8.4572],[115.1928,-8.4597],[115.1976,-8.4601],[115.1968,-8.4627],[115.1991,-8.4723],[115.1949,-8.4883],[115.1829,-8.4891],[115.1816,-8.4874],[115.1766,-8.4871],[115.1799,-8.4647]]]]}},{"type":"Feature","properties":{"GID_4":"IDN.2.1.5.17_1","GID_0":"IDN","COUNTRY":"Indonesia","GID_1":"IDN.2_1","NAME_1":"Bali","GID_2":"IDN.2.1_1","NAME_2":"Badung","GID_3":"IDN.2.1.5_1","NAME_3":"Mengwi","NAME_4":"Sempidi","VARNAME_4":"NA","TYPE_4":"Desa","ENGTYPE_4":"Village","CC_4":"5103040007"},"geometry":{"type":"MultiPolygon","coordinates":[[[[115.1816,-8.6159],[115.18,-8.6083],[115.1772,-8.6071],[115.1774,-8.605],[115.1746,-8.603],[115.1791,-8.5941],[115.1838,-8.597],[115.191,-8.5979],[115.1914,-8.602],[115.1894,-8.6073],[115.1945,-8.6117],[115.1888,-8.6128],[115.1864,-8.6161],[115.1816,-8.6159]]]]}},{"type":"Feature","properties":{"GID_4":"IDN.2.1.5.18_1","GID_0":"IDN","COUNTRY":"Indonesia","GID_1":"IDN.2_1","NAME_1":"Bali","GID_2":"IDN.2.1_1","NAME_2":"Badung","GID_3":"IDN.2.1.5_1","NAME_3":"Mengwi","NAME_4":"Sobangan","VARNAME_4":"NA","TYPE_4":"Desa","ENGTYPE_4":"Village","CC_4":"5103040018"},"geometry":{"type":"MultiPolygon","coordinates":[[[[115.1954,-8.4897],[115.1981,-8.5043],[115.197,-8.5071],[115.1987,-8.5111],[115.1946,-8.5169],[115.192,-8.5128],[115.1922,-8.5144],[115.1898,-8.5159],[115.1881,-8.5123],[115.1849,-8.5127],[115.1865,-8.5073],[115.1862,-8.4883],[115.1955,-8.4882],[115.1954,-8.4897]]]]}},{"type":"Feature","properties":{"GID_4":"IDN.2.1.5.19_1","GID_0":"IDN","COUNTRY":"Indonesia","GID_1":"IDN.2_1","NAME_1":"Bali","GID_2":"IDN.2.1_1","NAME_2":"Badung","GID_3":"IDN.2.1.5_1","NAME_3":"Mengwi","NAME_4":"TumbakBayuh","VARNAME_4":"NA","TYPE_4":"Desa","ENGTYPE_4":"Village","CC_4":"5103040004"},"geometry":{"type":"MultiPolygon","coordinates":[[[[115.1487,-8.6209],[115.1426,-8.6305],[115.1399,-8.6295],[115.1357,-8.6323],[115.1359,-8.6283],[115.1342,-8.626],[115.1357,-8.6254],[115.1358,-8.6212],[115.1382,-8.6204],[115.1402,-8.6166],[115.1398,-8.6143],[115.1414,-8.6127],[115.1404,-8.6109],[115.1459,-8.61],[115.1486,-8.606],[115.1515,-8.6075],[115.1507,-8.6124],[115.149,-8.614],[115.1514,-8.615],[115.1472,-8.6192],[115.1487,-8.6209]]]]}},{"type":"Feature","properties":{"GID_4":"IDN.2.1.5.20_1","GID_0":"IDN","COUNTRY":"Indonesia","GID_1":"IDN.2_1","NAME_1":"Bali","GID_2":"IDN.2.1_1","NAME_2":"Badung","GID_3":"IDN.2.1.5_1","NAME_3":"Mengwi","NAME_4":"WerdiBhuwana","VARNAME_4":"NA","TYPE_4":"Desa","ENGTYPE_4":"Village","CC_4":"5103040017"},"geometry":{"type":"MultiPolygon","coordinates":[[[[115.1849,-8.5127],[115.1809,-8.5264],[115.1758,-8.5247],[115.1749,-8.5263],[115.1763,-8.5291],[115.1786,-8.5289],[115.1775,-8.5332],[115.1741,-8.5328],[115.1733,-8.5372],[115.1681,-8.5357],[115.1677,-8.5332],[115.1663,-8.5329],[115.171,-8.5257],[115.1723,-8.5172],[115.1772,-8.5099],[115.1778,-8.5044],[115.1825,-8.4994],[115.1828,-8.4894],[115.1856,-8.4883],[115.1869,-8.4928],[115.1849,-8.5127]]]]}},{"type":"Feature","properties":{"GID_4":"IDN.2.1.6.1_1","GID_0":"IDN","COUNTRY":"Indonesia","GID_1":"IDN.2_1","NAME_1":"Bali","GID_2":"IDN.2.1_1","NAME_2":"Badung","GID_3":"IDN.2.1.6_1","NAME_3":"Petang","NAME_4":"Belok","VARNAME_4":"NA","TYPE_4":"Desa","ENGTYPE_4":"Village","CC_4":"5103060007"},"geometry":{"type":"MultiPolygon","coordinates":[[[[115.231,-8.3461],[115.2338,-8.3424],[115.2307,-8.338],[115.2297,-8.3326],[115.2308,-8.3314],[115.2287,-8.3297],[115.2286,-8.3272],[115.2301,-8.3263],[115.2292,-8.322],[115.2329,-8.3182],[115.2323,-8.3129],[115.2358,-8.3025],[115.2333,-8.3002],[115.2334,-8.2939],[115.2286,-8.2894],[115.2249,-8.2775],[115.2255,-8.2727],[115.2233,-8.268],[115.2271,-8.2651],[115.225,-8.2619],[115.2118,-8.2557],[115.2104,-8.2543],[115.211,-8.2495],[115.2082,-8.2479],[115.2182,-8.2462],[115.2248,-8.2426],[115.2298,-8.2439],[115.2326,-8.2419],[115.2388,-8.244],[115.2416,-8.2513],[115.2458,-8.2536],[115.2512,-8.2625],[115.2503,-8.2703],[115.2446,-8.2809],[115.2463,-8.2823],[115.2462,-8.2871],[115.2435,-8.2952],[115.2478,-8.3019],[115.2475,-8.3081],[115.2511,-8.3136],[115.2474,-8.3175],[115.249,-8.3205],[115.2449,-8.3219],[115.2466,-8.3249],[115.2456,-8.3276],[115.2434,-8.3282],[115.2445,-8.3305],[115.2481,-8.3321],[115.2493,-8.3383],[115.248,-8.3411],[115.2459,-8.342],[115.2446,-8.3407],[115.2436,-8.3429],[115.2416,-8.3429],[115.2421,-8.3455],[115.2403,-8.3459],[115.236,-8.3561],[115.2325,-8.3558],[115.233,-8.354],[115.2299,-8.3485],[115.2318,-8.3471],[115.231,-8.3461]]]]}},{"type":"Feature","properties":{"GID_4":"IDN.2.1.6.2_1","GID_0":"IDN","COUNTRY":"Indonesia","GID_1":"IDN.2_1","NAME_1":"Bali","GID_2":"IDN.2.1_1","NAME_2":"Badung","GID_3":"IDN.2.1.6_1","NAME_3":"Petang","NAME_4":"Carangsari","VARNAME_4":"NA","TYPE_4":"Desa","ENGTYPE_4":"Village","CC_4":"5103060001"},"geometry":{"type":"MultiPolygon","coordinates":[[[[115.2352,-8.4567],[115.2285,-8.4555],[115.2279,-8.4574],[115.226,-8.4573],[115.2259,-8.4618],[115.2241,-8.4618],[115.2218,-8.4663],[115.2195,-8.4675],[115.2155,-8.4626],[115.2088,-8.4602],[115.2111,-8.4578],[115.2104,-8.4561],[115.2138,-8.4493],[115.2155,-8.441],[115.2195,-8.4373],[115.2258,-8.4368],[115.226,-8.4321],[115.2319,-8.4351],[115.2304,-8.437],[115.2296,-8.4451],[115.2309,-8.4483],[115.2317,-8.4472],[115.2326,-8.4481],[115.2312,-8.4502],[115.2344,-8.4525],[115.2352,-8.4567]]]]}},{"type":"Feature","properties":{"GID_4":"IDN.2.1.6.3_1","GID_0":"IDN","COUNTRY":"Indonesia","GID_1":"IDN.2_1","NAME_1":"Bali","GID_2":"IDN.2.1_1","NAME_2":"Badung","GID_3":"IDN.2.1.6_1","NAME_3":"Petang","NAME_4":"Getasan","VARNAME_4":"NA","TYPE_4":"Desa","ENGTYPE_4":"Village","CC_4":"5103060002"},"geometry":{"type":"MultiPolygon","coordinates":[[[[115.2311,-8.4343],[115.226,-8.4321],[115.2258,-8.4368],[115.2175,-8.4383],[115.2153,-8.4264],[115.2183,-8.4205],[115.2198,-8.4226],[115.2215,-8.4224],[115.221,-8.4181],[115.2249,-8.4181],[115.2259,-8.4225],[115.2312,-8.4235],[115.2307,-8.4259],[115.2335,-8.4282],[115.2311,-8.4343]]]]}},{"type":"Feature","properties":{"GID_4":"IDN.2.1.6.4_1","GID_0":"IDN","COUNTRY":"Indonesia","GID_1":"IDN.2_1","NAME_1":"Bali","GID_2":"IDN.2.1_1","NAME_2":"Badung","GID_3":"IDN.2.1.6_1","NAME_3":"Petang","NAME_4":"Pangsan","VARNAME_4":"NA","TYPE_4":"Desa","ENGTYPE_4":"Village","CC_4":"5103060003"},"geometry":{"type":"MultiPolygon","coordinates":[[[[115.2309,-8.4231],[115.2263,-8.4227],[115.2249,-8.4181],[115.2216,-8.4179],[115.2215,-8.4224],[115.2198,-8.4226],[115.2183,-8.4205],[115.2146,-8.4265],[115.2135,-8.4193],[115.21,-8.4118],[115.212,-8.406],[115.2113,-8.4023],[115.2141,-8.4027],[115.2141,-8.405],[115.2182,-8.4021],[115.221,-8.4031],[115.228,-8.397],[115.2293,-8.4075],[115.2274,-8.4093],[115.2292,-8.4114],[115.2283,-8.4165],[115.2298,-8.4171],[115.2309,-8.4231]]]]}},{"type":"Feature","properties":{"GID_4":"IDN.2.1.6.5_1","GID_0":"IDN","COUNTRY":"Indonesia","GID_1":"IDN.2_1","NAME_1":"Bali","GID_2":"IDN.2.1_1","NAME_2":"Badung","GID_3":"IDN.2.1.6_1","NAME_3":"Petang","NAME_4":"Pelaga","VARNAME_4":"NA","TYPE_4":"Desa","ENGTYPE_4":"Village","CC_4":"5103060006"},"geometry":{"type":"MultiPolygon","coordinates":[[[[115.2083,-8.2478],[115.211,-8.2495],[115.2104,-8.2543],[115.2118,-8.2557],[115.225,-8.2619],[115.2271,-8.2651],[115.2233,-8.268],[115.2255,-8.2727],[115.2249,-8.2775],[115.2286,-8.2894],[115.2334,-8.2939],[115.2333,-8.3002],[115.2358,-8.3025],[115.2323,-8.3129],[115.2329,-8.3182],[115.2292,-8.322],[115.2301,-8.3263],[115.2286,-8.3272],[115.2287,-8.3297],[115.2308,-8.3314],[115.2297,-8.3326],[115.2307,-8.338],[115.2338,-8.3421],[115.232,-8.3456],[115.2308,-8.346],[115.2276,-8.3413],[115.2277,-8.3355],[115.2262,-8.3328],[115.2225,-8.3358],[115.2257,-8.3505],[115.2243,-8.3605],[115.2214,-8.3543],[115.216,-8.3485],[115.2142,-8.3414],[115.2129,-8.3409],[115.2122,-8.3299],[115.209,-8.3273],[115.2071,-8.323],[115.2089,-8.3134],[115.2018,-8.2971],[115.2016,-8.2935],[115.1973,-8.2899],[115.1973,-8.2877],[115.1924,-8.283],[115.1846,-8.271],[115.1865,-8.2678],[115.1871,-8.2622],[115.186,-8.2488],[115.1833,-8.2453],[115.1971,-8.2451],[115.2083,-8.2478]]]]}},{"type":"Feature","properties":{"GID_4":"IDN.2.1.6.6_1","GID_0":"IDN","COUNTRY":"Indonesia","GID_1":"IDN.2_1","NAME_1":"Bali","GID_2":"IDN.2.1_1","NAME_2":"Badung","GID_3":"IDN.2.1.6_1","NAME_3":"Petang","NAME_4":"Petang","VARNAME_4":"NA","TYPE_4":"Desa","ENGTYPE_4":"Village","CC_4":"5103060004"},"geometry":{"type":"MultiPolygon","coordinates":[[[[115.228,-8.397],[115.221,-8.4031],[115.2182,-8.4021],[115.2141,-8.405],[115.2141,-8.4027],[115.2113,-8.4023],[115.2115,-8.3969],[115.2094,-8.3932],[115.2107,-8.3914],[115.2078,-8.3862],[115.2096,-8.3836],[115.2089,-8.379],[115.2063,-8.3779],[115.2029,-8.3733],[115.2096,-8.365],[115.2168,-8.3688],[115.2168,-8.3676],[115.2201,-8.3672],[115.2223,-8.3682],[115.2222,-8.3666],[115.2237,-8.3685],[115.2265,-8.368],[115.227,-8.3703],[115.2288,-8.3707],[115.2305,-8.377],[115.2343,-8.3755],[115.2317,-8.3788],[115.2313,-8.3841],[115.2283,-8.384],[115.2254,-8.3883],[115.2267,-8.3941],[115.2285,-8.395],[115.228,-8.397]]]]}},{"type":"Feature","properties":{"GID_4":"IDN.2.1.6.7_1","GID_0":"IDN","COUNTRY":"Indonesia","GID_1":"IDN.2_1","NAME_1":"Bali","GID_2":"IDN.2.1_1","NAME_2":"Badung","GID_3":"IDN.2.1.6_1","NAME_3":"Petang","NAME_4":"Sulangai","VARNAME_4":"NA","TYPE_4":"Desa","ENGTYPE_4":"Village","CC_4":"5103060005"},"geometry":{"type":"MultiPolygon","coordinates":[[[[115.231,-8.3461],[115.2306,-8.351],[115.233,-8.354],[115.2325,-8.3558],[115.2359,-8.3561],[115.2343,-8.3585],[115.237,-8.365],[115.2334,-8.3693],[115.2353,-8.3727],[115.2343,-8.3755],[115.2305,-8.377],[115.2288,-8.3707],[115.227,-8.3703],[115.2265,-8.368],[115.2237,-8.3685],[115.2222,-8.3666],[115.2223,-8.3682],[115.2201,-8.3672],[115.2168,-8.3676],[115.2168,-8.3688],[115.2096,-8.365],[115.2029,-8.3733],[115.2019,-8.3728],[115.1981,-8.3578],[115.2035,-8.3497],[115.2023,-8.3338],[115.2119,-8.3319],[115.2129,-8.3409],[115.2142,-8.3414],[115.216,-8.3485],[115.2214,-8.3543],[115.2239,-8.3605],[115.2257,-8.3505],[115.2221,-8.3378],[115.225,-8.3329],[115.2274,-8.3349],[115.2275,-8.3411],[115.231,-8.3461]]]]}},{"type":"Feature","properties":{"GID_4":"IDN.2.2.1.1_1","GID_0":"IDN","COUNTRY":"Indonesia","GID_1":"IDN.2_1","NAME_1":"Bali","GID_2":"IDN.2.2_1","NAME_2":"Bangli","GID_3":"IDN.2.2.1_1","NAME_3":"Bangli","NAME_4":"Bebalang","VARNAME_4":"NA","TYPE_4":"Desa","ENGTYPE_4":"Village","CC_4":"5106020003"},"geometry":{"type":"MultiPolygon","coordinates":[[[[115.3432,-8.4653],[115.3593,-8.4666],[115.3591,-8.4725],[115.3606,-8.4737],[115.3615,-8.482],[115.3639,-8.4834],[115.3637,-8.4882],[115.3611,-8.4912],[115.3597,-8.4912],[115.36,-8.4868],[115.3545,-8.4868],[115.3538,-8.4842],[115.3457,-8.4838],[115.344,-8.4797],[115.3432,-8.4653]]]]}},{"type":"Feature","properties":{"GID_4":"IDN.2.2.1.2_1","GID_0":"IDN","COUNTRY":"Indonesia","GID_1":"IDN.2_1","NAME_1":"Bali","GID_2":"IDN.2.2_1","NAME_2":"Bangli","GID_3":"IDN.2.2.1_1","NAME_3":"Bangli","NAME_4":"Bunutin","VARNAME_4":"NA","TYPE_4":"Desa","ENGTYPE_4":"Village","CC_4":"5106020001"},"geometry":{"type":"MultiPolygon","coordinates":[[[[115.3408,-8.5019],[115.3466,-8.5024],[115.3465,-8.5051],[115.3484,-8.5071],[115.3478,-8.5186],[115.3522,-8.522],[115.3448,-8.5249],[115.3345,-8.5214],[115.3354,-8.5142],[115.3385,-8.5092],[115.341,-8.5081],[115.3408,-8.5019]]]]}},{"type":"Feature","properties":{"GID_4":"IDN.2.2.1.3_1","GID_0":"IDN","COUNTRY":"Indonesia","GID_1":"IDN.2_1","NAME_1":"Bali","GID_2":"IDN.2.2_1","NAME_2":"Bangli","GID_3":"IDN.2.2.1_1","NAME_3":"Bangli","NAME_4":"Cempaga","VARNAME_4":"NA","TYPE_4":"Desa","ENGTYPE_4":"Village","CC_4":"5106020005"},"geometry":{"type":"MultiPolygon","coordinates":[[[[115.3673,-8.4585],[115.3634,-8.4575],[115.3654,-8.4524],[115.355,-8.4519],[115.3497,-8.4498],[115.3525,-8.446],[115.352,-8.4419],[115.3536,-8.4399],[115.3522,-8.433],[115.355,-8.4265],[115.3579,-8.4313],[115.3548,-8.4358],[115.3556,-8.4374],[115.372,-8.438],[115.3744,-8.4422],[115.3739,-8.451],[115.3699,-8.4514],[115.3673,-8.4585]]]]}},{"type":"Feature","properties":{"GID_4":"IDN.2.2.1.4_1","GID_0":"IDN","COUNTRY":"Indonesia","GID_1":"IDN.2_1","NAME_1":"Bali","GID_2":"IDN.2.2_1","NAME_2":"Bangli","GID_3":"IDN.2.2.1_1","NAME_3":"Bangli","NAME_4":"Kawan","VARNAME_4":"NA","TYPE_4":"Desa","ENGTYPE_4":"Village","CC_4":"5106020004"},"geometry":{"type":"MultiPolygon","coordinates":[[[[115.3599,-8.4732],[115.3593,-8.4666],[115.3432,-8.4653],[115.3424,-8.4638],[115.3462,-8.4565],[115.3458,-8.4535],[115.3472,-8.4538],[115.3497,-8.4498],[115.355,-8.4519],[115.3654,-8.4524],[115.3634,-8.4575],[115.3674,-8.4591],[115.3625,-8.4646],[115.3599,-8.4732]]]]}},{"type":"Feature","properties":{"GID_4":"IDN.2.2.1.5_1","GID_0":"IDN","COUNTRY":"Indonesia","GID_1":"IDN.2_1","NAME_1":"Bali","GID_2":"IDN.2.2_1","NAME_2":"Bangli","GID_3":"IDN.2.2.1_1","NAME_3":"Bangli","NAME_4":"Kayubihi","VARNAME_4":"NA","TYPE_4":"Desa","ENGTYPE_4":"Village","CC_4":"5106020007"},"geometry":{"type":"MultiPolygon","coordinates":[[[[115.3679,-8.4161],[115.3613,-8.4172],[115.3574,-8.4171],[115.3573,-8.416],[115.3623,-8.3898],[115.3605,-8.3865],[115.3598,-8.3733],[115.355,-8.3653],[115.3578,-8.3601],[115.3565,-8.351],[115.3569,-8.3498],[115.3612,-8.3501],[115.3647,-8.3483],[115.3684,-8.3486],[115.369,-8.3504],[115.3692,-8.3612],[115.3705,-8.3619],[115.3693,-8.3625],[115.3706,-8.3716],[115.3696,-8.3769],[115.3718,-8.3784],[115.3715,-8.3814],[115.3749,-8.3868],[115.3731,-8.3887],[115.374,-8.3899],[115.3721,-8.3902],[115.3748,-8.3937],[115.3698,-8.4017],[115.3706,-8.4035],[115.3694,-8.4042],[115.3679,-8.4161]]]]}},{"type":"Feature","properties":{"GID_4":"IDN.2.2.1.6_1","GID_0":"IDN","COUNTRY":"Indonesia","GID_1":"IDN.2_1","NAME_1":"Bali","GID_2":"IDN.2.2_1","NAME_2":"Bangli","GID_3":"IDN.2.2.1_1","NAME_3":"Bangli","NAME_4":"Kubu","VARNAME_4":"NA","TYPE_4":"Desa","ENGTYPE_4":"Village","CC_4":"5106020006"},"geometry":{"type":"MultiPolygon","coordinates":[[[[115.3723,-8.4384],[115.3689,-8.4373],[115.3682,-8.4384],[115.3564,-8.438],[115.3551,-8.4369],[115.3579,-8.4313],[115.355,-8.4265],[115.3574,-8.4171],[115.3679,-8.4161],[115.3729,-8.4286],[115.3723,-8.4384]]]]}},{"type":"Feature","properties":{"GID_4":"IDN.2.2.1.7_1","GID_0":"IDN","COUNTRY":"Indonesia","GID_1":"IDN.2_1","NAME_1":"Bali","GID_2":"IDN.2.2_1","NAME_2":"Bangli","GID_3":"IDN.2.2.1_1","NAME_3":"Bangli","NAME_4":"Landih","VARNAME_4":"NA","TYPE_4":"Desa","ENGTYPE_4":"Village","CC_4":"5106020009"},"geometry":{"type":"MultiPolygon","coordinates":[[[[115.3705,-8.3736],[115.3684,-8.3486],[115.3569,-8.3498],[115.3566,-8.3481],[115.3545,-8.3477],[115.3549,-8.3444],[115.353,-8.3411],[115.3549,-8.337],[115.3591,-8.3371],[115.3617,-8.3406],[115.3629,-8.3371],[115.3699,-8.3367],[115.3697,-8.3306],[115.3723,-8.3258],[115.3684,-8.3238],[115.3679,-8.3193],[115.371,-8.3164],[115.3739,-8.3087],[115.3778,-8.3097],[115.379,-8.3121],[115.3779,-8.3224],[115.3815,-8.3211],[115.3819,-8.317],[115.3853,-8.3146],[115.3847,-8.3262],[115.3923,-8.3261],[115.3917,-8.335],[115.3887,-8.3413],[115.3901,-8.3494],[115.3936,-8.3518],[115.379,-8.353],[115.3771,-8.371],[115.376,-8.3736],[115.3705,-8.3736]]]]}},{"type":"Feature","properties":{"GID_4":"IDN.2.2.1.8_1","GID_0":"IDN","COUNTRY":"Indonesia","GID_1":"IDN.2_1","NAME_1":"Bali","GID_2":"IDN.2.2_1","NAME_2":"Bangli","GID_3":"IDN.2.2.1_1","NAME_3":"Bangli","NAME_4":"Pengotan","VARNAME_4":"NA","TYPE_4":"Desa","ENGTYPE_4":"Village","CC_4":"5106020008"},"geometry":{"type":"MultiPolygon","coordinates":[[[[115.3739,-8.3087],[115.371,-8.3164],[115.3679,-8.3193],[115.3684,-8.3238],[115.3723,-8.3258],[115.3697,-8.3306],[115.3698,-8.3368],[115.3629,-8.3371],[115.3617,-8.3406],[115.3591,-8.3371],[115.3476,-8.3375],[115.3476,-8.3414],[115.3419,-8.3391],[115.3374,-8.3446],[115.331,-8.3456],[115.3319,-8.338],[115.3338,-8.3371],[115.3343,-8.3342],[115.3332,-8.3237],[115.3344,-8.3206],[115.3394,-8.3215],[115.3381,-8.329],[115.3393,-8.3323],[115.3466,-8.3338],[115.349,-8.3182],[115.3579,-8.3044],[115.3587,-8.2997],[115.3735,-8.3034],[115.3754,-8.3013],[115.3739,-8.3087]]]]}},{"type":"Feature","properties":{"GID_4":"IDN.2.2.1.9_1","GID_0":"IDN","COUNTRY":"Indonesia","GID_1":"IDN.2_1","NAME_1":"Bali","GID_2":"IDN.2.2_1","NAME_2":"Bangli","GID_3":"IDN.2.2.1_1","NAME_3":"Bangli","NAME_4":"TamanBali","VARNAME_4":"NA","TYPE_4":"Desa","ENGTYPE_4":"Village","CC_4":"5106020002"},"geometry":{"type":"MultiPolygon","coordinates":[[[[115.3457,-8.4838],[115.3538,-8.4842],[115.3545,-8.4868],[115.36,-8.4868],[115.3608,-8.4884],[115.3562,-8.4996],[115.3568,-8.5053],[115.3535,-8.5098],[115.3572,-8.5165],[115.3576,-8.5209],[115.35,-8.5229],[115.3522,-8.522],[115.3478,-8.5186],[115.3484,-8.5071],[115.3465,-8.5051],[115.3466,-8.5024],[115.3408,-8.5019],[115.3458,-8.489],[115.3448,-8.4859],[115.3457,-8.4838]]]]}},{"type":"Feature","properties":{"GID_4":"IDN.2.2.2.1_1","GID_0":"IDN","COUNTRY":"Indonesia","GID_1":"IDN.2_1","NAME_1":"Bali","GID_2":"IDN.2.2_1","NAME_2":"Bangli","GID_3":"IDN.2.2.2_1","NAME_3":"Kintamani","NAME_4":"AbangBatuDinding","VARNAME_4":"NA","TYPE_4":"Desa","ENGTYPE_4":"Village","CC_4":"5106040020"},"geometry":{"type":"MultiPolygon","coordinates":[[[[115.392,-8.3311],[115.3923,-8.3261],[115.3875,-8.3261],[115.3877,-8.3163],[115.3889,-8.314],[115.3917,-8.3141],[115.3917,-8.308],[115.3945,-8.308],[115.3933,-8.314],[115.3953,-8.3198],[115.3943,-8.3314],[115.392,-8.3311]]],[[[115.397,-8.2991],[115.395,-8.2893],[115.3979,-8.2889],[115.3988,-8.2864],[115.4084,-8.2816],[115.4135,-8.2713],[115.4188,-8.2751],[115.4191,-8.2771],[115.4227,-8.2761],[115.4193,-8.2844],[115.4071,-8.2849],[115.3989,-8.2892],[115.3994,-8.294],[115.397,-8.2991]]]]}},{"type":"Feature","properties":{"GID_4":"IDN.2.2.2.2_1","GID_0":"IDN","COUNTRY":"Indonesia","GID_1":"IDN.2_1","NAME_1":"Bali","GID_2":"IDN.2.2_1","NAME_2":"Bangli","GID_3":"IDN.2.2.2_1","NAME_3":"Kintamani","NAME_4":"AbangSongan","VARNAME_4":"NA","TYPE_4":"Desa","ENGTYPE_4":"Village","CC_4":"5106040021"},"geometry":{"type":"MultiPolygon","coordinates":[[[[115.394,-8.3311],[115.3953,-8.3198],[115.3933,-8.3157],[115.3942,-8.311],[115.4015,-8.3236],[115.4026,-8.3291],[115.4013,-8.339],[115.3975,-8.34],[115.3977,-8.3353],[115.394,-8.3311]]],[[[115.3975,-8.2994],[115.3995,-8.2932],[115.3989,-8.2892],[115.4065,-8.285],[115.4148,-8.2837],[115.418,-8.2847],[115.4206,-8.2831],[115.4227,-8.2761],[115.4191,-8.2771],[115.4188,-8.2751],[115.4135,-8.2713],[115.4148,-8.2697],[115.4218,-8.2672],[115.4317,-8.2754],[115.4264,-8.2845],[115.4224,-8.3026],[115.4188,-8.3057],[115.4216,-8.3123],[115.4165,-8.3146],[115.4159,-8.3163],[115.4182,-8.3195],[115.4161,-8.3215],[115.4092,-8.3224],[115.4097,-8.32],[115.406,-8.3153],[115.4057,-8.3117],[115.3979,-8.307],[115.396,-8.3042],[115.3953,-8.3006],[115.3975,-8.2994]]]]}},{"type":"Feature","properties":{"GID_4":"IDN.2.2.2.3_1","GID_0":"IDN","COUNTRY":"Indonesia","GID_1":"IDN.2_1","NAME_1":"Bali","GID_2":"IDN.2.2_1","NAME_2":"Bangli","GID_3":"IDN.2.2.2_1","NAME_3":"Kintamani","NAME_4":"Abuan","VARNAME_4":"NA","TYPE_4":"Desa","ENGTYPE_4":"Village","CC_4":"5106040012"},"geometry":{"type":"MultiPolygon","coordinates":[[[[115.3096,-8.3066],[115.315,-8.3086],[115.3164,-8.3168],[115.315,-8.323],[115.3166,-8.3244],[115.3152,-8.3296],[115.3082,-8.3278],[115.304,-8.3345],[115.2999,-8.3342],[115.3096,-8.3066]]]]}},{"type":"Feature","properties":{"GID_4":"IDN.2.2.2.4_1","GID_0":"IDN","COUNTRY":"Indonesia","GID_1":"IDN.2_1","NAME_1":"Bali","GID_2":"IDN.2.2_1","NAME_2":"Bangli","GID_3":"IDN.2.2.2_1","NAME_3":"Kintamani","NAME_4":"Awan","VARNAME_4":"NA","TYPE_4":"Desa","ENGTYPE_4":"Village","CC_4":"5106040031"},"geometry":{"type":"MultiPolygon","coordinates":[[[[115.2755,-8.2525],[115.2805,-8.2439],[115.2862,-8.2391],[115.2888,-8.2336],[115.2938,-8.2303],[115.2988,-8.2337],[115.2974,-8.2363],[115.2937,-8.2378],[115.2992,-8.2402],[115.2989,-8.243],[115.3015,-8.2451],[115.2984,-8.2539],[115.2847,-8.2578],[115.2811,-8.2537],[115.2755,-8.2525]]]]}},{"type":"Feature","properties":{"GID_4":"IDN.2.2.2.5_1","GID_0":"IDN","COUNTRY":"Indonesia","GID_1":"IDN.2_1","NAME_1":"Bali","GID_2":"IDN.2.2_1","NAME_2":"Bangli","GID_3":"IDN.2.2.2_1","NAME_3":"Kintamani","NAME_4":"Bantang","VARNAME_4":"NA","TYPE_4":"Desa","ENGTYPE_4":"Village","CC_4":"5106040042"},"geometry":{"type":"MultiPolygon","coordinates":[[[[115.2933,-8.2081],[115.2951,-8.2029],[115.3003,-8.1962],[115.2983,-8.1919],[115.298,-8.1806],[115.2964,-8.1784],[115.2972,-8.1714],[115.3059,-8.1741],[115.3102,-8.18],[115.3094,-8.1837],[115.3144,-8.1978],[115.3159,-8.2076],[115.3157,-8.209],[115.3106,-8.209],[115.3046,-8.2127],[115.3006,-8.2102],[115.297,-8.21],[115.2956,-8.208],[115.2933,-8.2081]]]]}},{"type":"Feature","properties":{"GID_4":"IDN.2.2.2.6_1","GID_0":"IDN","COUNTRY":"Indonesia","GID_1":"IDN.2_1","NAME_1":"Bali","GID_2":"IDN.2.2_1","NAME_2":"Bangli","GID_3":"IDN.2.2.2_1","NAME_3":"Kintamani","NAME_4":"Banua","VARNAME_4":"NA","TYPE_4":"Desa","ENGTYPE_4":"Village","CC_4":"5106040011"},"geometry":{"type":"MultiPolygon","coordinates":[[[[115.2934,-8.3205],[115.2985,-8.3223],[115.2994,-8.3339],[115.2939,-8.3325],[115.2932,-8.331],[115.2943,-8.3282],[115.2913,-8.3241],[115.2934,-8.3205]]]]}},{"type":"Feature","properties":{"GID_4":"IDN.2.2.2.7_1","GID_0":"IDN","COUNTRY":"Indonesia","GID_1":"IDN.2_1","NAME_1":"Bali","GID_2":"IDN.2.2_1","NAME_2":"Bangli","GID_3":"IDN.2.2.2_1","NAME_3":"Kintamani","NAME_4":"Batukaang","VARNAME_4":"NA","TYPE_4":"Desa","ENGTYPE_4":"Village","CC_4":"5106040035"},"geometry":{"type":"MultiPolygon","coordinates":[[[[115.263,-8.2436],[115.261,-8.2538],[115.2638,-8.2561],[115.2635,-8.2611],[115.2627,-8.2664],[115.2602,-8.2686],[115.2599,-8.2638],[115.2537,-8.2622],[115.2525,-8.2589],[115.2526,-8.2516],[115.2547,-8.2481],[115.2535,-8.2449],[115.2557,-8.2413],[115.2558,-8.2363],[115.2619,-8.236],[115.263,-8.2436]]]]}},{"type":"Feature","properties":{"GID_4":"IDN.2.2.2.8_1","GID_0":"IDN","COUNTRY":"Indonesia","GID_1":"IDN.2_1","NAME_1":"Bali","GID_2":"IDN.2.2_1","NAME_2":"Bangli","GID_3":"IDN.2.2.2_1","NAME_3":"Kintamani","NAME_4":"BaturSelatan","VARNAME_4":"NA","TYPE_4":"Desa","ENGTYPE_4":"Village","CC_4":"5106040025"},"geometry":{"type":"MultiPolygon","coordinates":[[[[115.3456,-8.2741],[115.345,-8.2735],[115.3451,-8.2735],[115.3456,-8.2741]]],[[[115.3677,-8.2122],[115.3682,-8.2144],[115.3726,-8.2176],[115.3745,-8.2233],[115.3734,-8.2298],[115.3771,-8.2369],[115.3788,-8.2386],[115.3867,-8.2393],[115.3967,-8.2453],[115.3986,-8.2481],[115.3902,-8.2488],[115.3855,-8.2475],[115.375,-8.2499],[115.3687,-8.2623],[115.3551,-8.2727],[115.3477,-8.2699],[115.3442,-8.2702],[115.3462,-8.2726],[115.3444,-8.2716],[115.3353,-8.2779],[115.3278,-8.2893],[115.3276,-8.2825],[115.3311,-8.2781],[115.3317,-8.2669],[115.3356,-8.2617],[115.3356,-8.2591],[115.3338,-8.2573],[115.3345,-8.2556],[115.3392,-8.2525],[115.3436,-8.2529],[115.3418,-8.2459],[115.3446,-8.2455],[115.346,-8.2369],[115.3531,-8.2252],[115.3552,-8.2247],[115.3566,-8.2214],[115.3605,-8.2197],[115.3631,-8.215],[115.3677,-8.2122]]],[[[115.3688,-8.212],[115.3682,-8.2122],[115.3677,-8.2122],[115.3688,-8.212]]]]}},{"type":"Feature","properties":{"GID_4":"IDN.2.2.2.9_1","GID_0":"IDN","COUNTRY":"Indonesia","GID_1":"IDN.2_1","NAME_1":"Bali","GID_2":"IDN.2.2_1","NAME_2":"Bangli","GID_3":"IDN.2.2.2_1","NAME_3":"Kintamani","NAME_4":"BaturTengah","VARNAME_4":"NA","TYPE_4":"Desa","ENGTYPE_4":"Village","CC_4":"5106040026"},"geometry":{"type":"MultiPolygon","coordinates":[[[[115.3456,-8.2741],[115.3467,-8.272],[115.3442,-8.2702],[115.3477,-8.2699],[115.3551,-8.2727],[115.3687,-8.2623],[115.3756,-8.2496],[115.3855,-8.2475],[115.3902,-8.2488],[115.4025,-8.2481],[115.4001,-8.2508],[115.3984,-8.2575],[115.3919,-8.2618],[115.3896,-8.2678],[115.3847,-8.2698],[115.3829,-8.2735],[115.3785,-8.2755],[115.3745,-8.2711],[115.3666,-8.2784],[115.3639,-8.2856],[115.3606,-8.2871],[115.3598,-8.2908],[115.362,-8.2921],[115.3592,-8.298],[115.3559,-8.296],[115.3562,-8.2934],[115.3496,-8.2919],[115.3463,-8.2926],[115.3475,-8.2785],[115.3454,-8.2769],[115.3456,-8.2741]]]]}},{"type":"Feature","properties":{"GID_4":"IDN.2.2.2.10_1","GID_0":"IDN","COUNTRY":"Indonesia","GID_1":"IDN.2_1","NAME_1":"Bali","GID_2":"IDN.2.2_1","NAME_2":"Bangli","GID_3":"IDN.2.2.2_1","NAME_3":"Kintamani","NAME_4":"BaturUtara","VARNAME_4":"NA","TYPE_4":"Desa","ENGTYPE_4":"Village","CC_4":"5106040027"},"geometry":{"type":"MultiPolygon","coordinates":[[[[115.3418,-8.2459],[115.3436,-8.2529],[115.3386,-8.2526],[115.3338,-8.2573],[115.3305,-8.2543],[115.33,-8.2513],[115.3318,-8.25],[115.3309,-8.247],[115.3418,-8.2459]]]]}},{"type":"Feature","properties":{"GID_4":"IDN.2.2.2.11_1","GID_0":"IDN","COUNTRY":"Indonesia","GID_1":"IDN.2_1","NAME_1":"Bali","GID_2":"IDN.2.2_1","NAME_2":"Bangli","GID_3":"IDN.2.2.2_1","NAME_3":"Kintamani","NAME_4":"Bayungcerik","VARNAME_4":"NA","TYPE_4":"Desa","ENGTYPE_4":"Village","CC_4":"5106040007"},"geometry":{"type":"MultiPolygon","coordinates":[[[[115.2899,-8.2833],[115.2952,-8.2838],[115.2944,-8.3042],[115.282,-8.3166],[115.2713,-8.3226],[115.2726,-8.3174],[115.2782,-8.3141],[115.2816,-8.306],[115.2866,-8.3007],[115.2862,-8.2979],[115.2899,-8.2899],[115.2899,-8.2833]]]]}},{"type":"Feature","properties":{"GID_4":"IDN.2.2.2.12_1","GID_0":"IDN","COUNTRY":"Indonesia","GID_1":"IDN.2_1","NAME_1":"Bali","GID_2":"IDN.2.2_1","NAME_2":"Bangli","GID_3":"IDN.2.2.2_1","NAME_3":"Kintamani","NAME_4":"Bayunggede","VARNAME_4":"NA","TYPE_4":"Desa","ENGTYPE_4":"Village","CC_4":"5106040015"},"geometry":{"type":"MultiPolygon","coordinates":[[[[115.3381,-8.3203],[115.3344,-8.3206],[115.3341,-8.3172],[115.3373,-8.3058],[115.3294,-8.3072],[115.3269,-8.3124],[115.3256,-8.3101],[115.3265,-8.305],[115.3245,-8.2984],[115.3268,-8.2942],[115.326,-8.2923],[115.3205,-8.2912],[115.3193,-8.3028],[115.3147,-8.3019],[115.3133,-8.3074],[115.3096,-8.3066],[115.3113,-8.302],[115.3155,-8.2978],[115.311,-8.2949],[115.3159,-8.287],[115.3229,-8.2894],[115.3287,-8.2894],[115.335,-8.2783],[115.3444,-8.2716],[115.3454,-8.2769],[115.3475,-8.2785],[115.3463,-8.2926],[115.3528,-8.2926],[115.3454,-8.3003],[115.3446,-8.3038],[115.341,-8.3033],[115.3393,-8.3062],[115.3381,-8.3203]]]]}},{"type":"Feature","properties":{"GID_4":"IDN.2.2.2.13_1","GID_0":"IDN","COUNTRY":"Indonesia","GID_1":"IDN.2_1","NAME_1":"Bali","GID_2":"IDN.2.2_1","NAME_2":"Bangli","GID_3":"IDN.2.2.2_1","NAME_3":"Kintamani","NAME_4":"Belancan","VARNAME_4":"NA","TYPE_4":"Desa","ENGTYPE_4":"Village","CC_4":"5106040009"},"geometry":{"type":"MultiPolygon","coordinates":[[[[115.2944,-8.2955],[115.2952,-8.2838],[115.2899,-8.2833],[115.2902,-8.28],[115.2929,-8.2783],[115.2929,-8.2746],[115.3016,-8.2645],[115.3053,-8.2577],[115.3091,-8.2616],[115.3055,-8.2655],[115.3135,-8.2665],[115.317,-8.2687],[115.3162,-8.2719],[115.3176,-8.2755],[115.3159,-8.2877],[115.3047,-8.3011],[115.3008,-8.2968],[115.2944,-8.2955]]]]}},{"type":"Feature","properties":{"GID_4":"IDN.2.2.2.14_1","GID_0":"IDN","COUNTRY":"Indonesia","GID_1":"IDN.2_1","NAME_1":"Bali","GID_2":"IDN.2.2_1","NAME_2":"Bangli","GID_3":"IDN.2.2.2_1","NAME_3":"Kintamani","NAME_4":"Belandingan","VARNAME_4":"NA","TYPE_4":"Desa","ENGTYPE_4":"Village","CC_4":"5106040048"},"geometry":{"type":"MultiPolygon","coordinates":[[[[115.4085,-8.2136],[115.4034,-8.21],[115.404,-8.2078],[115.4021,-8.2079],[115.4001,-8.2055],[115.3993,-8.2068],[115.3981,-8.206],[115.4062,-8.194],[115.4028,-8.1885],[115.4285,-8.1885],[115.4212,-8.197],[115.4133,-8.2032],[115.4168,-8.2072],[115.4104,-8.2154],[115.4085,-8.2136]]]]}},{"type":"Feature","properties":{"GID_4":"IDN.2.2.2.15_1","GID_0":"IDN","COUNTRY":"Indonesia","GID_1":"IDN.2_1","NAME_1":"Bali","GID_2":"IDN.2.2_1","NAME_2":"Bangli","GID_3":"IDN.2.2.2_1","NAME_3":"Kintamani","NAME_4":"Belanga","VARNAME_4":"NA","TYPE_4":"Desa","ENGTYPE_4":"Village","CC_4":"5106040034"},"geometry":{"type":"MultiPolygon","coordinates":[[[[115.2799,-8.2449],[115.274,-8.2545],[115.2725,-8.2601],[115.2688,-8.2618],[115.2635,-8.2597],[115.2638,-8.2561],[115.2611,-8.2541],[115.2613,-8.2494],[115.263,-8.2436],[115.2683,-8.2355],[115.2729,-8.2353],[115.2705,-8.24],[115.2725,-8.2428],[115.274,-8.2419],[115.275,-8.2374],[115.277,-8.2374],[115.2782,-8.2406],[115.277,-8.245],[115.2799,-8.2449]]]]}},{"type":"Feature","properties":{"GID_4":"IDN.2.2.2.16_1","GID_0":"IDN","COUNTRY":"Indonesia","GID_1":"IDN.2_1","NAME_1":"Bali","GID_2":"IDN.2.2_1","NAME_2":"Bangli","GID_3":"IDN.2.2.2_1","NAME_3":"Kintamani","NAME_4":"Belantih","VARNAME_4":"NA","TYPE_4":"Desa","ENGTYPE_4":"Village","CC_4":"5106040032"},"geometry":{"type":"MultiPolygon","coordinates":[[[[115.2869,-8.2376],[115.2799,-8.2449],[115.277,-8.245],[115.2782,-8.2406],[115.277,-8.2374],[115.275,-8.2374],[115.274,-8.2419],[115.2725,-8.2428],[115.2705,-8.24],[115.2729,-8.2353],[115.2683,-8.2355],[115.263,-8.2436],[115.2619,-8.236],[115.2558,-8.2363],[115.257,-8.2239],[115.2669,-8.2218],[115.2696,-8.2179],[115.2752,-8.2168],[115.2783,-8.2215],[115.287,-8.2207],[115.2882,-8.2223],[115.2867,-8.224],[115.2866,-8.2306],[115.2829,-8.236],[115.2869,-8.2376]]]]}},{"type":"Feature","properties":{"GID_4":"IDN.2.2.2.17_1","GID_0":"IDN","COUNTRY":"Indonesia","GID_1":"IDN.2_1","NAME_1":"Bali","GID_2":"IDN.2.2_1","NAME_2":"Bangli","GID_3":"IDN.2.2.2_1","NAME_3":"Kintamani","NAME_4":"Binyan","VARNAME_4":"NA","TYPE_4":"Desa","ENGTYPE_4":"Village","CC_4":"5106040002"},"geometry":{"type":"MultiPolygon","coordinates":[[[[115.2602,-8.2686],[115.2628,-8.2662],[115.2635,-8.2597],[115.2693,-8.2613],[115.2698,-8.269],[115.2667,-8.2728],[115.2634,-8.2815],[115.2605,-8.2827],[115.26,-8.2905],[115.2573,-8.2917],[115.2565,-8.2816],[115.2602,-8.2736],[115.2602,-8.2686]]]]}},{"type":"Feature","properties":{"GID_4":"IDN.2.2.2.18_1","GID_0":"IDN","COUNTRY":"Indonesia","GID_1":"IDN.2_1","NAME_1":"Bali","GID_2":"IDN.2.2_1","NAME_2":"Bangli","GID_3":"IDN.2.2.2_1","NAME_3":"Kintamani","NAME_4":"Bonyoh","VARNAME_4":"NA","TYPE_4":"Desa","ENGTYPE_4":"Village","CC_4":"5106040013"},"geometry":{"type":"MultiPolygon","coordinates":[[[[115.3152,-8.3296],[115.3164,-8.3166],[115.315,-8.3086],[115.3133,-8.3074],[115.3147,-8.3019],[115.3193,-8.3028],[115.3205,-8.2912],[115.326,-8.2923],[115.3268,-8.2942],[115.3245,-8.2984],[115.3265,-8.305],[115.3256,-8.3101],[115.3269,-8.3124],[115.3287,-8.3077],[115.3322,-8.3072],[115.3299,-8.311],[115.3301,-8.3151],[115.3282,-8.3167],[115.3281,-8.3202],[115.3217,-8.3249],[115.3224,-8.3295],[115.3167,-8.3365],[115.3146,-8.332],[115.3152,-8.3296]]]]}},{"type":"Feature","properties":{"GID_4":"IDN.2.2.2.19_1","GID_0":"IDN","COUNTRY":"Indonesia","GID_1":"IDN.2_1","NAME_1":"Bali","GID_2":"IDN.2.2_1","NAME_2":"Bangli","GID_3":"IDN.2.2.2_1","NAME_3":"Kintamani","NAME_4":"Buahan","VARNAME_4":"NA","TYPE_4":"Desa","ENGTYPE_4":"Village","CC_4":"5106040018"},"geometry":{"type":"MultiPolygon","coordinates":[[[[115.3778,-8.3097],[115.3739,-8.3087],[115.3754,-8.3013],[115.3735,-8.3034],[115.3623,-8.2999],[115.3654,-8.2972],[115.3707,-8.2879],[115.3751,-8.2832],[115.3828,-8.286],[115.3888,-8.2828],[115.3931,-8.2865],[115.3988,-8.2863],[115.3979,-8.2889],[115.391,-8.2899],[115.3876,-8.2936],[115.3787,-8.2884],[115.3778,-8.3097]]]]}},{"type":"Feature","properties":{"GID_4":"IDN.2.2.2.20_1","GID_0":"IDN","COUNTRY":"Indonesia","GID_1":"IDN.2_1","NAME_1":"Bali","GID_2":"IDN.2.2_1","NAME_2":"Bangli","GID_3":"IDN.2.2.2_1","NAME_3":"Kintamani","NAME_4":"Bunutin","VARNAME_4":"NA","TYPE_4":"Desa","ENGTYPE_4":"Village","CC_4":"5106040004"},"geometry":{"type":"MultiPolygon","coordinates":[[[[115.251,-8.3145],[115.2496,-8.3107],[115.2527,-8.3045],[115.2573,-8.2999],[115.258,-8.2953],[115.2646,-8.2904],[115.2689,-8.2924],[115.2699,-8.2969],[115.2662,-8.3079],[115.2618,-8.3101],[115.2618,-8.3125],[115.2587,-8.3152],[115.251,-8.3145]]]]}},{"type":"Feature","properties":{"GID_4":"IDN.2.2.2.21_1","GID_0":"IDN","COUNTRY":"Indonesia","GID_1":"IDN.2_1","NAME_1":"Bali","GID_2":"IDN.2.2_1","NAME_2":"Bangli","GID_3":"IDN.2.2.2_1","NAME_3":"Kintamani","NAME_4":"Catur","VARNAME_4":"NA","TYPE_4":"Desa","ENGTYPE_4":"Village","CC_4":"5106040036"},"geometry":{"type":"MultiPolygon","coordinates":[[[[115.2513,-8.2634],[115.2487,-8.2572],[115.2416,-8.2513],[115.2388,-8.244],[115.2325,-8.2417],[115.2324,-8.2395],[115.2372,-8.2329],[115.2432,-8.2112],[115.2452,-8.1949],[115.2428,-8.1868],[115.2481,-8.1955],[115.2484,-8.2059],[115.2527,-8.2142],[115.252,-8.2223],[115.2565,-8.2226],[115.2573,-8.2266],[115.2553,-8.2335],[115.256,-8.2402],[115.2535,-8.2449],[115.2547,-8.2481],[115.2524,-8.253],[115.2536,-8.2613],[115.2513,-8.2634]]]]}},{"type":"Feature","properties":{"GID_4":"IDN.2.2.2.22_1","GID_0":"IDN","COUNTRY":"Indonesia","GID_1":"IDN.2_1","NAME_1":"Bali","GID_2":"IDN.2.2_1","NAME_2":"Bangli","GID_3":"IDN.2.2.2_1","NAME_3":"Kintamani","NAME_4":"Daup","VARNAME_4":"NA","TYPE_4":"Desa","ENGTYPE_4":"Village","CC_4":"5106040041"},"geometry":{"type":"MultiPolygon","coordinates":[[[[115.2932,-8.2081],[115.3011,-8.2141],[115.3025,-8.2191],[115.2972,-8.2247],[115.2917,-8.2274],[115.2889,-8.2317],[115.2859,-8.2326],[115.2867,-8.224],[115.2882,-8.2223],[115.2861,-8.2193],[115.2868,-8.2166],[115.2921,-8.2128],[115.2863,-8.2101],[115.2828,-8.2061],[115.2932,-8.2081]]]]}},{"type":"Feature","properties":{"GID_4":"IDN.2.2.2.23_1","GID_0":"IDN","COUNTRY":"Indonesia","GID_1":"IDN.2_1","NAME_1":"Bali","GID_2":"IDN.2.2_1","NAME_2":"Bangli","GID_3":"IDN.2.2.2_1","NAME_3":"Kintamani","NAME_4":"Dausa","VARNAME_4":"NA","TYPE_4":"Desa","ENGTYPE_4":"Village","CC_4":"5106040040"},"geometry":{"type":"MultiPolygon","coordinates":[[[[115.2972,-8.1715],[115.2964,-8.1784],[115.298,-8.1806],[115.2983,-8.1919],[115.3003,-8.1962],[115.2951,-8.2029],[115.2932,-8.2081],[115.2862,-8.2072],[115.2834,-8.2054],[115.2842,-8.1972],[115.2813,-8.1929],[115.2851,-8.1898],[115.287,-8.184],[115.2885,-8.1841],[115.2873,-8.1772],[115.2881,-8.1711],[115.293,-8.1688],[115.2972,-8.1715]]]]}},{"type":"Feature","properties":{"GID_4":"IDN.2.2.2.24_1","GID_0":"IDN","COUNTRY":"Indonesia","GID_1":"IDN.2_1","NAME_1":"Bali","GID_2":"IDN.2.2_1","NAME_2":"Bangli","GID_3":"IDN.2.2.2_1","NAME_3":"Kintamani","NAME_4":"Gunungbau","VARNAME_4":"NA","TYPE_4":"Desa","ENGTYPE_4":"Village","CC_4":"5106040033"},"geometry":{"type":"MultiPolygon","coordinates":[[[[115.2755,-8.2525],[115.2811,-8.2537],[115.2839,-8.2575],[115.2811,-8.261],[115.2819,-8.2654],[115.281,-8.2668],[115.2748,-8.2635],[115.2696,-8.2685],[115.2685,-8.2624],[115.2727,-8.2598],[115.2755,-8.2525]]]]}},{"type":"Feature","properties":{"GID_4":"IDN.2.2.2.25_1","GID_0":"IDN","COUNTRY":"Indonesia","GID_1":"IDN.2_1","NAME_1":"Bali","GID_2":"IDN.2.2_1","NAME_2":"Bangli","GID_3":"IDN.2.2.2_1","NAME_3":"Kintamani","NAME_4":"Katung","VARNAME_4":"NA","TYPE_4":"Desa","ENGTYPE_4":"Village","CC_4":"5106040010"},"geometry":{"type":"MultiPolygon","coordinates":[[[[115.3096,-8.3066],[115.3042,-8.3199],[115.2999,-8.3342],[115.2985,-8.3223],[115.2927,-8.3199],[115.2988,-8.3124],[115.2989,-8.3078],[115.3102,-8.2945],[115.3155,-8.2978],[115.3113,-8.302],[115.3096,-8.3066]]]]}},{"type":"Feature","properties":{"GID_4":"IDN.2.2.2.26_1","GID_0":"IDN","COUNTRY":"Indonesia","GID_1":"IDN.2_1","NAME_1":"Bali","GID_2":"IDN.2.2_1","NAME_2":"Bangli","GID_3":"IDN.2.2.2_1","NAME_3":"Kintamani","NAME_4":"Kedisan","VARNAME_4":"NA","TYPE_4":"Desa","ENGTYPE_4":"Village","CC_4":"5106040017"},"geometry":{"type":"MultiPolygon","coordinates":[[[[115.3623,-8.2999],[115.3587,-8.2997],[115.362,-8.2921],[115.3598,-8.2908],[115.3606,-8.2871],[115.3629,-8.2868],[115.3666,-8.2784],[115.3729,-8.2719],[115.3765,-8.2723],[115.379,-8.2764],[115.3888,-8.2828],[115.3828,-8.286],[115.375,-8.2833],[115.3623,-8.2999]]]]}},{"type":"Feature","properties":{"GID_4":"IDN.2.2.2.27_1","GID_0":"IDN","COUNTRY":"Indonesia","GID_1":"IDN.2_1","NAME_1":"Bali","GID_2":"IDN.2.2_1","NAME_2":"Bangli","GID_3":"IDN.2.2.2_1","NAME_3":"Kintamani","NAME_4":"Kintamani","VARNAME_4":"NA","TYPE_4":"Desa","ENGTYPE_4":"Village","CC_4":"5106040028"},"geometry":{"type":"MultiPolygon","coordinates":[[[[115.3338,-8.2573],[115.3356,-8.2591],[115.3356,-8.2617],[115.3317,-8.2669],[115.3311,-8.2781],[115.3276,-8.2825],[115.3278,-8.2893],[115.3159,-8.287],[115.3176,-8.2755],[115.3162,-8.2719],[115.317,-8.2687],[115.3135,-8.2665],[115.3055,-8.2655],[115.3091,-8.2616],[115.3049,-8.2569],[115.3109,-8.2511],[115.3153,-8.2418],[115.316,-8.2355],[115.3237,-8.2262],[115.3229,-8.2205],[115.3323,-8.2177],[115.3423,-8.2207],[115.3453,-8.2236],[115.3505,-8.2232],[115.353,-8.2256],[115.346,-8.2369],[115.3446,-8.2455],[115.3309,-8.247],[115.3318,-8.25],[115.3299,-8.2523],[115.3338,-8.2573]]]]}},{"type":"Feature","properties":{"GID_4":"IDN.2.2.2.28_1","GID_0":"IDN","COUNTRY":"Indonesia","GID_1":"IDN.2_1","NAME_1":"Bali","GID_2":"IDN.2.2_1","NAME_2":"Bangli","GID_3":"IDN.2.2.2_1","NAME_3":"Kintamani","NAME_4":"Kutuh","VARNAME_4":"NA","TYPE_4":"Desa","ENGTYPE_4":"Village","CC_4":"5106040043"},"geometry":{"type":"MultiPolygon","coordinates":[[[[115.3334,-8.1563],[115.3293,-8.1698],[115.3214,-8.1711],[115.3205,-8.176],[115.3111,-8.1728],[115.309,-8.1741],[115.3049,-8.1711],[115.305,-8.1683],[115.3119,-8.164],[115.3164,-8.1573],[115.3172,-8.1479],[115.3222,-8.1442],[115.3334,-8.1563]]]]}},{"type":"Feature","properties":{"GID_4":"IDN.2.2.2.29_1","GID_0":"IDN","COUNTRY":"Indonesia","GID_1":"IDN.2_1","NAME_1":"Bali","GID_2":"IDN.2.2_1","NAME_2":"Bangli","GID_3":"IDN.2.2.2_1","NAME_3":"Kintamani","NAME_4":"Langgahan","VARNAME_4":"NA","TYPE_4":"Desa","ENGTYPE_4":"Village","CC_4":"5106040005"},"geometry":{"type":"MultiPolygon","coordinates":[[[[115.2797,-8.3098],[115.2784,-8.3139],[115.2726,-8.3174],[115.2713,-8.3226],[115.2625,-8.3329],[115.2641,-8.3221],[115.2589,-8.3151],[115.2618,-8.3125],[115.2618,-8.3101],[115.2672,-8.3075],[115.2722,-8.3077],[115.276,-8.3049],[115.2787,-8.3065],[115.2797,-8.3098]]]]}},{"type":"Feature","properties":{"GID_4":"IDN.2.2.2.30_1","GID_0":"IDN","COUNTRY":"Indonesia","GID_1":"IDN.2_1","NAME_1":"Bali","GID_2":"IDN.2.2_1","NAME_2":"Bangli","GID_3":"IDN.2.2.2_1","NAME_3":"Kintamani","NAME_4":"Lembean","VARNAME_4":"NA","TYPE_4":"Desa","ENGTYPE_4":"Village","CC_4":"5106040006"},"geometry":{"type":"MultiPolygon","coordinates":[[[[115.2861,-8.2985],[115.2866,-8.3007],[115.2796,-8.3099],[115.2787,-8.3065],[115.276,-8.3049],[115.2718,-8.3079],[115.2662,-8.3079],[115.2699,-8.2969],[115.2685,-8.2891],[115.275,-8.2856],[115.2864,-8.2908],[115.2861,-8.2985]]]]}},{"type":"Feature","properties":{"GID_4":"IDN.2.2.2.31_1","GID_0":"IDN","COUNTRY":"Indonesia","GID_1":"IDN.2_1","NAME_1":"Bali","GID_2":"IDN.2.2_1","NAME_2":"Bangli","GID_3":"IDN.2.2.2_1","NAME_3":"Kintamani","NAME_4":"Mangguh","VARNAME_4":"NA","TYPE_4":"Desa","ENGTYPE_4":"Village","CC_4":"5106040008"},"geometry":{"type":"MultiPolygon","coordinates":[[[[115.2934,-8.3205],[115.2915,-8.3236],[115.291,-8.3162],[115.2845,-8.3136],[115.289,-8.3109],[115.2943,-8.3044],[115.2944,-8.2955],[115.3009,-8.2969],[115.3036,-8.3014],[115.2988,-8.308],[115.2998,-8.3094],[115.2988,-8.3124],[115.2936,-8.3176],[115.2934,-8.3205]]]]}},{"type":"Feature","properties":{"GID_4":"IDN.2.2.2.32_1","GID_0":"IDN","COUNTRY":"Indonesia","GID_1":"IDN.2_1","NAME_1":"Bali","GID_2":"IDN.2.2_1","NAME_2":"Bangli","GID_3":"IDN.2.2.2_1","NAME_3":"Kintamani","NAME_4":"Manikliyu","VARNAME_4":"NA","TYPE_4":"Desa","ENGTYPE_4":"Village","CC_4":"5106040030"},"geometry":{"type":"MultiPolygon","coordinates":[[[[115.2839,-8.2575],[115.294,-8.2561],[115.3,-8.2538],[115.3016,-8.2515],[115.3073,-8.2535],[115.3051,-8.2563],[115.3045,-8.2604],[115.2929,-8.2746],[115.2929,-8.2783],[115.2902,-8.28],[115.2895,-8.2916],[115.2861,-8.2985],[115.2864,-8.2908],[115.275,-8.2856],[115.2788,-8.2825],[115.2785,-8.2775],[115.282,-8.265],[115.2809,-8.2618],[115.2839,-8.2575]]]]}},{"type":"Feature","properties":{"GID_4":"IDN.2.2.2.33_1","GID_0":"IDN","COUNTRY":"Indonesia","GID_1":"IDN.2_1","NAME_1":"Bali","GID_2":"IDN.2.2_1","NAME_2":"Bangli","GID_3":"IDN.2.2.2_1","NAME_3":"Kintamani","NAME_4":"Mengani","VARNAME_4":"NA","TYPE_4":"Desa","ENGTYPE_4":"Village","CC_4":"5106040001"},"geometry":{"type":"MultiPolygon","coordinates":[[[[115.2496,-8.3107],[115.2475,-8.3081],[115.2478,-8.3019],[115.2435,-8.2952],[115.2462,-8.2871],[115.2463,-8.2823],[115.2446,-8.2809],[115.2503,-8.2703],[115.251,-8.2638],[115.2534,-8.2618],[115.2599,-8.2638],[115.2602,-8.2736],[115.2565,-8.2816],[115.257,-8.2911],[115.2593,-8.2916],[115.2602,-8.2946],[115.258,-8.2953],[115.2573,-8.2999],[115.2527,-8.3045],[115.2496,-8.3107]]]]}},{"type":"Feature","properties":{"GID_4":"IDN.2.2.2.34_1","GID_0":"IDN","COUNTRY":"Indonesia","GID_1":"IDN.2_1","NAME_1":"Bali","GID_2":"IDN.2.2_1","NAME_2":"Bangli","GID_3":"IDN.2.2.2_1","NAME_3":"Kintamani","NAME_4":"Pengejaran","VARNAME_4":"NA","TYPE_4":"Desa","ENGTYPE_4":"Village","CC_4":"5106040037"},"geometry":{"type":"MultiPolygon","coordinates":[[[[115.2565,-8.2226],[115.252,-8.2223],[115.2527,-8.2142],[115.2484,-8.2059],[115.2481,-8.1955],[115.2428,-8.1868],[115.2447,-8.1823],[115.2446,-8.1731],[115.246,-8.1718],[115.2552,-8.179],[115.2575,-8.1846],[115.2568,-8.2065],[115.2623,-8.2195],[115.2609,-8.2215],[115.2565,-8.2226]]]]}},{"type":"Feature","properties":{"GID_4":"IDN.2.2.2.35_1","GID_0":"IDN","COUNTRY":"Indonesia","GID_1":"IDN.2_1","NAME_1":"Bali","GID_2":"IDN.2.2_1","NAME_2":"Bangli","GID_3":"IDN.2.2.2_1","NAME_3":"Kintamani","NAME_4":"Pinggan","VARNAME_4":"NA","TYPE_4":"Desa","ENGTYPE_4":"Village","CC_4":"5106040047"},"geometry":{"type":"MultiPolygon","coordinates":[[[[115.3677,-8.2122],[115.366,-8.2124],[115.3624,-8.2],[115.3702,-8.2043],[115.375,-8.2004],[115.3795,-8.1991],[115.3744,-8.1937],[115.3738,-8.1889],[115.3838,-8.1915],[115.39,-8.1858],[115.3995,-8.1892],[115.4028,-8.1885],[115.4063,-8.1936],[115.3981,-8.206],[115.3993,-8.2068],[115.4001,-8.2055],[115.4021,-8.2079],[115.404,-8.2078],[115.4034,-8.21],[115.4085,-8.2136],[115.4041,-8.2129],[115.401,-8.2141],[115.3956,-8.2203],[115.392,-8.2123],[115.3838,-8.2091],[115.3798,-8.2088],[115.3768,-8.2127],[115.3747,-8.2104],[115.3677,-8.2122]]]]}},{"type":"Feature","properties":{"GID_4":"IDN.2.2.2.36_1","GID_0":"IDN","COUNTRY":"Indonesia","GID_1":"IDN.2_1","NAME_1":"Bali","GID_2":"IDN.2.2_1","NAME_2":"Bangli","GID_3":"IDN.2.2.2_1","NAME_3":"Kintamani","NAME_4":"Satra","VARNAME_4":"NA","TYPE_4":"Desa","ENGTYPE_4":"Village","CC_4":"5106040038"},"geometry":{"type":"MultiPolygon","coordinates":[[[[115.2849,-8.2059],[115.2851,-8.206],[115.2852,-8.2062],[115.2849,-8.2059]]],[[[115.2832,-8.2055],[115.2794,-8.2055],[115.2785,-8.201],[115.2739,-8.1959],[115.2686,-8.1862],[115.2654,-8.1856],[115.2631,-8.1824],[115.2556,-8.178],[115.266,-8.1652],[115.2712,-8.1664],[115.276,-8.1617],[115.2793,-8.1609],[115.2816,-8.1643],[115.281,-8.1673],[115.2888,-8.1726],[115.2873,-8.1772],[115.2885,-8.1841],[115.287,-8.184],[115.2851,-8.1898],[115.2813,-8.1929],[115.2842,-8.1972],[115.2832,-8.2055]]]]}},{"type":"Feature","properties":{"GID_4":"IDN.2.2.2.37_1","GID_0":"IDN","COUNTRY":"Indonesia","GID_1":"IDN.2_1","NAME_1":"Bali","GID_2":"IDN.2.2_1","NAME_2":"Bangli","GID_3":"IDN.2.2.2_1","NAME_3":"Kintamani","NAME_4":"Sekaan","VARNAME_4":"NA","TYPE_4":"Desa","ENGTYPE_4":"Village","CC_4":"5106040014"},"geometry":{"type":"MultiPolygon","coordinates":[[[[115.3344,-8.3206],[115.3332,-8.3237],[115.3343,-8.3342],[115.3338,-8.3371],[115.3319,-8.338],[115.331,-8.3456],[115.3273,-8.3383],[115.3285,-8.3307],[115.3224,-8.3283],[115.3215,-8.3254],[115.3281,-8.3202],[115.3304,-8.3099],[115.3348,-8.3054],[115.3377,-8.3072],[115.3346,-8.3141],[115.3344,-8.3206]]]]}},{"type":"Feature","properties":{"GID_4":"IDN.2.2.2.38_1","GID_0":"IDN","COUNTRY":"Indonesia","GID_1":"IDN.2_1","NAME_1":"Bali","GID_2":"IDN.2.2_1","NAME_2":"Bangli","GID_3":"IDN.2.2.2_1","NAME_3":"Kintamani","NAME_4":"Sekardadi","VARNAME_4":"NA","TYPE_4":"Desa","ENGTYPE_4":"Village","CC_4":"5106040016"},"geometry":{"type":"MultiPolygon","coordinates":[[[[115.3587,-8.2997],[115.3579,-8.3044],[115.349,-8.3182],[115.3466,-8.3338],[115.3407,-8.3336],[115.3381,-8.329],[115.3397,-8.3245],[115.3381,-8.3206],[115.3393,-8.3062],[115.341,-8.3033],[115.3446,-8.3038],[115.3454,-8.3003],[115.3528,-8.2926],[115.3562,-8.2934],[115.3559,-8.296],[115.3592,-8.298],[115.3587,-8.2997]]]]}},{"type":"Feature","properties":{"GID_4":"IDN.2.2.2.39_1","GID_0":"IDN","COUNTRY":"Indonesia","GID_1":"IDN.2_1","NAME_1":"Bali","GID_2":"IDN.2.2_1","NAME_2":"Bangli","GID_3":"IDN.2.2.2_1","NAME_3":"Kintamani","NAME_4":"Selulung","VARNAME_4":"NA","TYPE_4":"Desa","ENGTYPE_4":"Village","CC_4":"5106040039"},"geometry":{"type":"MultiPolygon","coordinates":[[[[115.287,-8.2207],[115.2783,-8.2215],[115.2752,-8.2168],[115.2696,-8.2179],[115.2669,-8.2218],[115.257,-8.2239],[115.2565,-8.2226],[115.2609,-8.2215],[115.2623,-8.2195],[115.2568,-8.2065],[115.2582,-8.189],[115.2556,-8.178],[115.2631,-8.1824],[115.2654,-8.1856],[115.2686,-8.1862],[115.2739,-8.1959],[115.2785,-8.201],[115.2794,-8.2055],[115.2828,-8.2061],[115.2863,-8.2101],[115.2921,-8.2128],[115.2868,-8.2166],[115.287,-8.2207]]]]}},{"type":"Feature","properties":{"GID_4":"IDN.2.2.2.40_1","GID_0":"IDN","COUNTRY":"Indonesia","GID_1":"IDN.2_1","NAME_1":"Bali","GID_2":"IDN.2.2_1","NAME_2":"Bangli","GID_3":"IDN.2.2.2_1","NAME_3":"Kintamani","NAME_4":"Serahi","VARNAME_4":"NA","TYPE_4":"Desa","ENGTYPE_4":"Village","CC_4":"5106040029"},"geometry":{"type":"MultiPolygon","coordinates":[[[[115.2984,-8.2539],[115.3015,-8.2451],[115.2989,-8.243],[115.2992,-8.2402],[115.2937,-8.2378],[115.3061,-8.2289],[115.3112,-8.2277],[115.3203,-8.2186],[115.3237,-8.2223],[115.3237,-8.2262],[115.316,-8.2355],[115.3153,-8.2418],[115.3109,-8.2511],[115.3075,-8.2534],[115.3016,-8.2515],[115.2984,-8.2539]]]]}},{"type":"Feature","properties":{"GID_4":"IDN.2.2.2.41_1","GID_0":"IDN","COUNTRY":"Indonesia","GID_1":"IDN.2_1","NAME_1":"Bali","GID_2":"IDN.2.2_1","NAME_2":"Bangli","GID_3":"IDN.2.2.2_1","NAME_3":"Kintamani","NAME_4":"Siyakin","VARNAME_4":"NA","TYPE_4":"Desa","ENGTYPE_4":"Village","CC_4":"5106040046"},"geometry":{"type":"MultiPolygon","coordinates":[[[[115.39,-8.1858],[115.3838,-8.1915],[115.3738,-8.1889],[115.3744,-8.1937],[115.3795,-8.1991],[115.375,-8.2004],[115.3702,-8.2043],[115.3629,-8.2007],[115.3576,-8.1936],[115.3592,-8.1805],[115.3577,-8.1799],[115.3509,-8.1867],[115.3458,-8.1782],[115.3528,-8.1677],[115.353,-8.1635],[115.3563,-8.1575],[115.3667,-8.1521],[115.3681,-8.1546],[115.3647,-8.1611],[115.3678,-8.1665],[115.3711,-8.1687],[115.375,-8.1636],[115.3781,-8.1652],[115.3811,-8.1681],[115.3792,-8.1709],[115.3816,-8.1736],[115.391,-8.1783],[115.39,-8.1858]]]]}},{"type":"Feature","properties":{"GID_4":"IDN.2.2.2.42_1","GID_0":"IDN","COUNTRY":"Indonesia","GID_1":"IDN.2_1","NAME_1":"Bali","GID_2":"IDN.2.2_1","NAME_2":"Bangli","GID_3":"IDN.2.2.2_1","NAME_3":"Kintamani","NAME_4":"SonganA","VARNAME_4":"NA","TYPE_4":"Desa","ENGTYPE_4":"Village","CC_4":"5106040024"},"geometry":{"type":"MultiPolygon","coordinates":[[[[115.3986,-8.2481],[115.3967,-8.2453],[115.3867,-8.2393],[115.3788,-8.2386],[115.3771,-8.2369],[115.3734,-8.2298],[115.3745,-8.2233],[115.3726,-8.2176],[115.3682,-8.2144],[115.3677,-8.2122],[115.3747,-8.2104],[115.3768,-8.2127],[115.3798,-8.2088],[115.3838,-8.2091],[115.392,-8.2123],[115.395,-8.2204],[115.4032,-8.2132],[115.4071,-8.2129],[115.4102,-8.2151],[115.4097,-8.2206],[115.4071,-8.2218],[115.4069,-8.2262],[115.4093,-8.227],[115.4083,-8.2299],[115.4107,-8.2288],[115.412,-8.2306],[115.4112,-8.2365],[115.4077,-8.2401],[115.4053,-8.2461],[115.3986,-8.2481]]]]}},{"type":"Feature","properties":{"GID_4":"IDN.2.2.2.43_1","GID_0":"IDN","COUNTRY":"Indonesia","GID_1":"IDN.2_1","NAME_1":"Bali","GID_2":"IDN.2.2_1","NAME_2":"Bangli","GID_3":"IDN.2.2.2_1","NAME_3":"Kintamani","NAME_4":"SonganB","VARNAME_4":"NA","TYPE_4":"Desa","ENGTYPE_4":"Village","CC_4":"5106040023"},"geometry":{"type":"MultiPolygon","coordinates":[[[[115.4135,-8.2713],[115.4084,-8.2816],[115.3964,-8.2871],[115.3917,-8.2857],[115.3876,-8.2812],[115.3785,-8.2755],[115.3829,-8.2735],[115.3866,-8.2682],[115.3896,-8.2678],[115.3919,-8.2618],[115.3966,-8.2597],[115.4001,-8.2508],[115.4072,-8.2435],[115.4072,-8.241],[115.4112,-8.2365],[115.4123,-8.2325],[115.4107,-8.2288],[115.4083,-8.2299],[115.4093,-8.227],[115.4069,-8.2262],[115.4071,-8.2218],[115.4097,-8.2206],[115.4097,-8.2165],[115.4168,-8.2072],[115.4133,-8.2032],[115.4258,-8.1924],[115.4288,-8.1879],[115.43,-8.1826],[115.4354,-8.1805],[115.4399,-8.1852],[115.4419,-8.1852],[115.4416,-8.1871],[115.4444,-8.1894],[115.448,-8.1893],[115.4539,-8.1984],[115.4465,-8.2043],[115.4432,-8.212],[115.4384,-8.2172],[115.4447,-8.2248],[115.445,-8.2338],[115.4487,-8.2401],[115.4477,-8.2433],[115.4425,-8.2452],[115.4334,-8.2444],[115.4282,-8.2476],[115.4263,-8.245],[115.4223,-8.2622],[115.4189,-8.2651],[115.4182,-8.2693],[115.4135,-8.2713]]]]}},{"type":"Feature","properties":{"GID_4":"IDN.2.2.2.44_1","GID_0":"IDN","COUNTRY":"Indonesia","GID_1":"IDN.2_1","NAME_1":"Bali","GID_2":"IDN.2.2_1","NAME_2":"Bangli","GID_3":"IDN.2.2.2_1","NAME_3":"Kintamani","NAME_4":"Subaya","VARNAME_4":"NA","TYPE_4":"Desa","ENGTYPE_4":"Village","CC_4":"5106040045"},"geometry":{"type":"MultiPolygon","coordinates":[[[[115.3293,-8.1698],[115.331,-8.1618],[115.3373,-8.1506],[115.3389,-8.143],[115.3516,-8.1516],[115.3595,-8.1461],[115.3628,-8.1458],[115.3607,-8.1547],[115.3563,-8.1575],[115.353,-8.1635],[115.3528,-8.1677],[115.3461,-8.1774],[115.3379,-8.1786],[115.3332,-8.1774],[115.3293,-8.1698]]]]}},{"type":"Feature","properties":{"GID_4":"IDN.2.2.2.45_1","GID_0":"IDN","COUNTRY":"Indonesia","GID_1":"IDN.2_1","NAME_1":"Bali","GID_2":"IDN.2.2_1","NAME_2":"Bangli","GID_3":"IDN.2.2.2_1","NAME_3":"Kintamani","NAME_4":"Sukawana","VARNAME_4":"NA","TYPE_4":"Desa","ENGTYPE_4":"Village","CC_4":"5106040044"},"geometry":{"type":"MultiPolygon","coordinates":[[[[115.2988,-8.2337],[115.2938,-8.2303],[115.2888,-8.2336],[115.2869,-8.2376],[115.2829,-8.236],[115.2876,-8.2312],[115.2889,-8.2317],[115.2917,-8.2274],[115.3011,-8.2217],[115.3025,-8.2191],[115.3011,-8.2141],[115.2933,-8.2081],[115.2956,-8.208],[115.297,-8.21],[115.3006,-8.2102],[115.3046,-8.2127],[115.3106,-8.209],[115.3157,-8.209],[115.3155,-8.202],[115.3094,-8.1837],[115.3102,-8.18],[115.3059,-8.1741],[115.3065,-8.1732],[115.309,-8.1741],[115.3111,-8.1728],[115.32,-8.1762],[115.3214,-8.1711],[115.329,-8.1695],[115.3332,-8.1774],[115.3379,-8.1786],[115.3463,-8.1775],[115.3509,-8.1867],[115.3577,-8.1799],[115.3592,-8.1805],[115.3576,-8.1936],[115.3624,-8.1998],[115.3661,-8.2125],[115.3605,-8.2197],[115.3566,-8.2214],[115.3552,-8.2247],[115.3527,-8.2256],[115.3505,-8.2232],[115.3453,-8.2236],[115.3423,-8.2207],[115.3342,-8.2177],[115.3232,-8.22],[115.3226,-8.2213],[115.3203,-8.2186],[115.3112,-8.2277],[115.3076,-8.2282],[115.2988,-8.2337]]]]}},{"type":"Feature","properties":{"GID_4":"IDN.2.2.2.46_1","GID_0":"IDN","COUNTRY":"Indonesia","GID_1":"IDN.2_1","NAME_1":"Bali","GID_2":"IDN.2.2_1","NAME_2":"Bangli","GID_3":"IDN.2.2.2_1","NAME_3":"Kintamani","NAME_4":"Suter","VARNAME_4":"NA","TYPE_4":"Desa","ENGTYPE_4":"Village","CC_4":"5106040019"},"geometry":{"type":"MultiPolygon","coordinates":[[[[115.3936,-8.3518],[115.3901,-8.3494],[115.3887,-8.3413],[115.3916,-8.332],[115.3943,-8.3314],[115.3971,-8.3338],[115.3978,-8.3401],[115.4021,-8.3377],[115.4026,-8.3291],[115.4008,-8.3217],[115.3956,-8.3135],[115.3949,-8.3084],[115.3916,-8.3077],[115.3919,-8.2986],[115.3895,-8.2915],[115.3951,-8.2894],[115.3971,-8.2997],[115.3953,-8.3006],[115.396,-8.3042],[115.3979,-8.307],[115.4057,-8.3117],[115.406,-8.3153],[115.4097,-8.32],[115.4088,-8.3298],[115.4106,-8.3378],[115.4058,-8.3411],[115.4025,-8.341],[115.4034,-8.3449],[115.3989,-8.3448],[115.3979,-8.3505],[115.399,-8.3563],[115.3949,-8.3565],[115.3936,-8.3518]]]]}},{"type":"Feature","properties":{"GID_4":"IDN.2.2.2.47_1","GID_0":"IDN","COUNTRY":"Indonesia","GID_1":"IDN.2_1","NAME_1":"Bali","GID_2":"IDN.2.2_1","NAME_2":"Bangli","GID_3":"IDN.2.2.2_1","NAME_3":"Kintamani","NAME_4":"Terunyan","VARNAME_4":"NA","TYPE_4":"Desa","ENGTYPE_4":"Village","CC_4":"5106040022"},"geometry":{"type":"MultiPolygon","coordinates":[[[[115.3868,-8.3262],[115.3847,-8.3262],[115.3839,-8.3215],[115.3853,-8.3146],[115.3819,-8.317],[115.3815,-8.3211],[115.3779,-8.3224],[115.3791,-8.3155],[115.3776,-8.3087],[115.3787,-8.2884],[115.387,-8.2936],[115.3897,-8.2922],[115.3919,-8.2986],[115.3926,-8.3105],[115.3917,-8.3141],[115.3889,-8.314],[115.3877,-8.3163],[115.3868,-8.3262]]],[[[115.4285,-8.2723],[115.4218,-8.2672],[115.4188,-8.2675],[115.4249,-8.2549],[115.4263,-8.245],[115.4282,-8.2476],[115.4334,-8.2444],[115.4425,-8.2452],[115.4477,-8.2433],[115.4483,-8.2459],[115.4575,-8.2421],[115.4549,-8.2508],[115.4494,-8.2526],[115.4398,-8.2625],[115.4309,-8.2666],[115.4285,-8.2723]]]]}},{"type":"Feature","properties":{"GID_4":"IDN.2.2.2.48_1","GID_0":"IDN","COUNTRY":"Indonesia","GID_1":"IDN.2_1","NAME_1":"Bali","GID_2":"IDN.2.2_1","NAME_2":"Bangli","GID_3":"IDN.2.2.2_1","NAME_3":"Kintamani","NAME_4":"Ulian","VARNAME_4":"NA","TYPE_4":"Desa","ENGTYPE_4":"Village","CC_4":"5106040003"},"geometry":{"type":"MultiPolygon","coordinates":[[[[115.2593,-8.2916],[115.2605,-8.2827],[115.2634,-8.2815],[115.2696,-8.2685],[115.2748,-8.2635],[115.2792,-8.2652],[115.281,-8.2668],[115.2813,-8.2709],[115.2785,-8.2774],[115.2785,-8.283],[115.273,-8.2876],[115.2685,-8.2891],[115.2679,-8.2917],[115.2643,-8.2905],[115.2602,-8.2941],[115.2593,-8.2916]]]]}},{"type":"Feature","properties":{"GID_4":"IDN.2.2.3.1_1","GID_0":"IDN","COUNTRY":"Indonesia","GID_1":"IDN.2_1","NAME_1":"Bali","GID_2":"IDN.2.2_1","NAME_2":"Bangli","GID_3":"IDN.2.2.3_1","NAME_3":"Susut","NAME_4":"Abuan","VARNAME_4":"NA","TYPE_4":"Desa","ENGTYPE_4":"Village","CC_4":"5106010002"},"geometry":{"type":"MultiPolygon","coordinates":[[[[115.3388,-8.4898],[115.3315,-8.4871],[115.3338,-8.4795],[115.3321,-8.4671],[115.3272,-8.466],[115.325,-8.4573],[115.3233,-8.456],[115.328,-8.45],[115.3312,-8.4508],[115.3366,-8.4561],[115.3372,-8.4619],[115.3394,-8.4643],[115.341,-8.4742],[115.3388,-8.4898]]]]}},{"type":"Feature","properties":{"GID_4":"IDN.2.2.3.2_1","GID_0":"IDN","COUNTRY":"Indonesia","GID_1":"IDN.2_1","NAME_1":"Bali","GID_2":"IDN.2.2_1","NAME_2":"Bangli","GID_3":"IDN.2.2.3_1","NAME_3":"Susut","NAME_4":"Apuan","VARNAME_4":"NA","TYPE_4":"Desa","ENGTYPE_4":"Village","CC_4":"5106010001"},"geometry":{"type":"MultiPolygon","coordinates":[[[[115.3272,-8.466],[115.3318,-8.466],[115.3329,-8.4701],[115.3338,-8.4795],[115.3316,-8.4875],[115.3348,-8.4874],[115.3388,-8.4898],[115.3373,-8.498],[115.3383,-8.5004],[115.333,-8.509],[115.3339,-8.5118],[115.3325,-8.5155],[115.3291,-8.5131],[115.3298,-8.5104],[115.3324,-8.5095],[115.3297,-8.508],[115.3273,-8.4942],[115.3242,-8.4907],[115.3278,-8.4846],[115.3277,-8.4773],[115.3249,-8.469],[115.3272,-8.466]]]]}},{"type":"Feature","properties":{"GID_4":"IDN.2.2.3.3_1","GID_0":"IDN","COUNTRY":"Indonesia","GID_1":"IDN.2_1","NAME_1":"Bali","GID_2":"IDN.2.2_1","NAME_2":"Bangli","GID_3":"IDN.2.2.3_1","NAME_3":"Susut","NAME_4":"Demulih","VARNAME_4":"NA","TYPE_4":"Desa","ENGTYPE_4":"Village","CC_4":"5106010003"},"geometry":{"type":"MultiPolygon","coordinates":[[[[115.3432,-8.4653],[115.346,-8.4885],[115.3407,-8.5019],[115.341,-8.5081],[115.3364,-8.5123],[115.3347,-8.5184],[115.332,-8.5155],[115.3339,-8.5118],[115.333,-8.509],[115.3383,-8.5004],[115.3376,-8.4909],[115.3396,-8.4893],[115.341,-8.4742],[115.3394,-8.4643],[115.3372,-8.4619],[115.3375,-8.4584],[115.333,-8.453],[115.3343,-8.4512],[115.3405,-8.4496],[115.3479,-8.4525],[115.3455,-8.4542],[115.3462,-8.4565],[115.3424,-8.4638],[115.3432,-8.4653]]]]}},{"type":"Feature","properties":{"GID_4":"IDN.2.2.3.4_1","GID_0":"IDN","COUNTRY":"Indonesia","GID_1":"IDN.2_1","NAME_1":"Bali","GID_2":"IDN.2.2_1","NAME_2":"Bangli","GID_3":"IDN.2.2.3_1","NAME_3":"Susut","NAME_4":"Pengiangan","VARNAME_4":"NA","TYPE_4":"Desa","ENGTYPE_4":"Village","CC_4":"5106010009"},"geometry":{"type":"MultiPolygon","coordinates":[[[[115.3333,-8.3943],[115.3363,-8.3944],[115.339,-8.3846],[115.3447,-8.3847],[115.3462,-8.394],[115.3428,-8.4007],[115.3436,-8.4065],[115.3328,-8.425],[115.3258,-8.4229],[115.3308,-8.4142],[115.3306,-8.4034],[115.3333,-8.3943]]]]}},{"type":"Feature","properties":{"GID_4":"IDN.2.2.3.5_1","GID_0":"IDN","COUNTRY":"Indonesia","GID_1":"IDN.2_1","NAME_1":"Bali","GID_2":"IDN.2.2_1","NAME_2":"Bangli","GID_3":"IDN.2.2.3_1","NAME_3":"Susut","NAME_4":"Penglumbaran","VARNAME_4":"NA","TYPE_4":"Desa","ENGTYPE_4":"Village","CC_4":"5106010007"},"geometry":{"type":"MultiPolygon","coordinates":[[[[115.3449,-8.3974],[115.3462,-8.394],[115.3447,-8.3847],[115.339,-8.3846],[115.3363,-8.3944],[115.3333,-8.3943],[115.3371,-8.38],[115.3347,-8.38],[115.3333,-8.3775],[115.3362,-8.3738],[115.3366,-8.3663],[115.3332,-8.3659],[115.3372,-8.3565],[115.3429,-8.3618],[115.3466,-8.3631],[115.3506,-8.3817],[115.3533,-8.3817],[115.3523,-8.3916],[115.3496,-8.3946],[115.3519,-8.3955],[115.3537,-8.4009],[115.3449,-8.3974]]]]}},{"type":"Feature","properties":{"GID_4":"IDN.2.2.3.6_1","GID_0":"IDN","COUNTRY":"Indonesia","GID_1":"IDN.2_1","NAME_1":"Bali","GID_2":"IDN.2.2_1","NAME_2":"Bangli","GID_3":"IDN.2.2.3_1","NAME_3":"Susut","NAME_4":"Selat","VARNAME_4":"NA","TYPE_4":"Desa","ENGTYPE_4":"Village","CC_4":"5106010008"},"geometry":{"type":"MultiPolygon","coordinates":[[[[115.3267,-8.4509],[115.3245,-8.4534],[115.3239,-8.4495],[115.3206,-8.4447],[115.3209,-8.4407],[115.3182,-8.4394],[115.3175,-8.4343],[115.3258,-8.423],[115.3326,-8.4249],[115.3302,-8.4332],[115.3271,-8.4367],[115.3285,-8.4412],[115.3267,-8.4509]]]]}},{"type":"Feature","properties":{"GID_4":"IDN.2.2.3.7_1","GID_0":"IDN","COUNTRY":"Indonesia","GID_1":"IDN.2_1","NAME_1":"Bali","GID_2":"IDN.2.2_1","NAME_2":"Bangli","GID_3":"IDN.2.2.3_1","NAME_3":"Susut","NAME_4":"Sulahan","VARNAME_4":"NA","TYPE_4":"Desa","ENGTYPE_4":"Village","CC_4":"5106010005"},"geometry":{"type":"MultiPolygon","coordinates":[[[[115.355,-8.4265],[115.352,-8.4356],[115.3407,-8.4333],[115.342,-8.4306],[115.34,-8.4289],[115.3395,-8.4255],[115.3382,-8.4254],[115.3352,-8.4301],[115.3309,-8.428],[115.3427,-8.4093],[115.3428,-8.4007],[115.3449,-8.3974],[115.3537,-8.4009],[115.3522,-8.4099],[115.3543,-8.4123],[115.3547,-8.4166],[115.3574,-8.4173],[115.355,-8.4265]]]]}},{"type":"Feature","properties":{"GID_4":"IDN.2.2.3.8_1","GID_0":"IDN","COUNTRY":"Indonesia","GID_1":"IDN.2_1","NAME_1":"Bali","GID_2":"IDN.2.2_1","NAME_2":"Bangli","GID_3":"IDN.2.2.3_1","NAME_3":"Susut","NAME_4":"Susut","VARNAME_4":"NA","TYPE_4":"Desa","ENGTYPE_4":"Village","CC_4":"5106010004"},"geometry":{"type":"MultiPolygon","coordinates":[[[[115.352,-8.4356],[115.3536,-8.4399],[115.352,-8.4419],[115.3526,-8.4458],[115.3489,-8.4521],[115.3457,-8.4526],[115.3405,-8.4496],[115.3368,-8.45],[115.333,-8.453],[115.3305,-8.4505],[115.3267,-8.4509],[115.3285,-8.4412],[115.3269,-8.4379],[115.3302,-8.4332],[115.3309,-8.428],[115.3352,-8.4301],[115.3382,-8.4254],[115.3395,-8.4255],[115.34,-8.4289],[115.342,-8.4306],[115.3407,-8.4333],[115.352,-8.4356]]]]}},{"type":"Feature","properties":{"GID_4":"IDN.2.2.3.9_1","GID_0":"IDN","COUNTRY":"Indonesia","GID_1":"IDN.2_1","NAME_1":"Bali","GID_2":"IDN.2.2_1","NAME_2":"Bangli","GID_3":"IDN.2.2.3_1","NAME_3":"Susut","NAME_4":"Tiga","VARNAME_4":"NA","TYPE_4":"Desa","ENGTYPE_4":"Village","CC_4":"5106010006"},"geometry":{"type":"MultiPolygon","coordinates":[[[[115.3569,-8.3498],[115.3578,-8.3601],[115.355,-8.3653],[115.3598,-8.3733],[115.3605,-8.3865],[115.3623,-8.3898],[115.3609,-8.392],[115.3595,-8.4089],[115.3573,-8.4168],[115.3551,-8.4169],[115.3522,-8.4099],[115.3534,-8.3995],[115.3519,-8.3955],[115.3496,-8.3946],[115.3523,-8.3916],[115.3533,-8.3817],[115.3506,-8.3817],[115.347,-8.3637],[115.3372,-8.3565],[115.3321,-8.3705],[115.3291,-8.3736],[115.3285,-8.3649],[115.3257,-8.3644],[115.3256,-8.3626],[115.3303,-8.3579],[115.331,-8.3456],[115.3374,-8.3446],[115.3411,-8.3393],[115.3476,-8.3414],[115.3476,-8.3375],[115.3549,-8.337],[115.353,-8.3413],[115.3549,-8.3444],[115.3545,-8.3477],[115.3566,-8.3481],[115.3569,-8.3498]]]]}},{"type":"Feature","properties":{"GID_4":"IDN.2.2.4.1_1","GID_0":"IDN","COUNTRY":"Indonesia","GID_1":"IDN.2_1","NAME_1":"Bali","GID_2":"IDN.2.2_1","NAME_2":"Bangli","GID_3":"IDN.2.2.4_1","NAME_3":"Tembuku","NAME_4":"Bangbang","VARNAME_4":"NA","TYPE_4":"Desa","ENGTYPE_4":"Village","CC_4":"5106030005"},"geometry":{"type":"MultiPolygon","coordinates":[[[[115.4019,-8.4422],[115.405,-8.4388],[115.4075,-8.4297],[115.4094,-8.428],[115.4101,-8.4152],[115.4141,-8.414],[115.4146,-8.434],[115.4112,-8.4363],[115.4133,-8.4381],[115.4107,-8.4412],[115.4117,-8.4426],[115.4058,-8.452],[115.4035,-8.4521],[115.4042,-8.4547],[115.4028,-8.4546],[115.4025,-8.4564],[115.3959,-8.4553],[115.4,-8.4497],[115.3992,-8.4453],[115.4025,-8.4443],[115.4019,-8.4422]]]]}},{"type":"Feature","properties":{"GID_4":"IDN.2.2.4.2_1","GID_0":"IDN","COUNTRY":"Indonesia","GID_1":"IDN.2_1","NAME_1":"Bali","GID_2":"IDN.2.2_1","NAME_2":"Bangli","GID_3":"IDN.2.2.4_1","NAME_3":"Tembuku","NAME_4":"Jehem","VARNAME_4":"NA","TYPE_4":"Desa","ENGTYPE_4":"Village","CC_4":"5106030001"},"geometry":{"type":"MultiPolygon","coordinates":[[[[115.3639,-8.4836],[115.3615,-8.482],[115.3599,-8.4732],[115.3624,-8.4649],[115.3667,-8.4611],[115.3699,-8.4514],[115.3737,-8.4512],[115.3751,-8.4467],[115.372,-8.4369],[115.3729,-8.4286],[115.3679,-8.4161],[115.3694,-8.4042],[115.3706,-8.4035],[115.3698,-8.4017],[115.3748,-8.3935],[115.3721,-8.3903],[115.374,-8.3899],[115.3731,-8.3887],[115.3749,-8.3868],[115.3715,-8.3814],[115.3718,-8.3784],[115.3696,-8.3769],[115.37,-8.3743],[115.3747,-8.3734],[115.3765,-8.3742],[115.3788,-8.3842],[115.3756,-8.3888],[115.3783,-8.407],[115.3728,-8.4169],[115.3734,-8.4246],[115.3759,-8.4269],[115.379,-8.4208],[115.3808,-8.4211],[115.3823,-8.4311],[115.3849,-8.4354],[115.3818,-8.4414],[115.3832,-8.4456],[115.3822,-8.4516],[115.3663,-8.4753],[115.3688,-8.4792],[115.3639,-8.4836]]]]}},{"type":"Feature","properties":{"GID_4":"IDN.2.2.4.3_1","GID_0":"IDN","COUNTRY":"Indonesia","GID_1":"IDN.2_1","NAME_1":"Bali","GID_2":"IDN.2.2_1","NAME_2":"Bangli","GID_3":"IDN.2.2.4_1","NAME_3":"Tembuku","NAME_4":"Peninjoan","VARNAME_4":"NA","TYPE_4":"Desa","ENGTYPE_4":"Village","CC_4":"5106030006"},"geometry":{"type":"MultiPolygon","coordinates":[[[[115.4141,-8.414],[115.4101,-8.4152],[115.4094,-8.428],[115.4075,-8.4297],[115.405,-8.4388],[115.4019,-8.4422],[115.3946,-8.4324],[115.3951,-8.4269],[115.393,-8.4264],[115.392,-8.4184],[115.3926,-8.4088],[115.395,-8.4083],[115.3932,-8.4059],[115.3944,-8.4026],[115.3893,-8.3905],[115.3965,-8.3904],[115.3933,-8.3737],[115.3937,-8.3685],[115.3989,-8.3675],[115.404,-8.3763],[115.4035,-8.3807],[115.4081,-8.3852],[115.4068,-8.3885],[115.4088,-8.3958],[115.4158,-8.4012],[115.4162,-8.4089],[115.4141,-8.414]]]]}},{"type":"Feature","properties":{"GID_4":"IDN.2.2.4.4_1","GID_0":"IDN","COUNTRY":"Indonesia","GID_1":"IDN.2_1","NAME_1":"Bali","GID_2":"IDN.2.2_1","NAME_2":"Bangli","GID_3":"IDN.2.2.4_1","NAME_3":"Tembuku","NAME_4":"Tembuku","VARNAME_4":"NA","TYPE_4":"Desa","ENGTYPE_4":"Village","CC_4":"5106030002"},"geometry":{"type":"MultiPolygon","coordinates":[[[[115.3763,-8.4603],[115.3822,-8.4516],[115.3832,-8.4456],[115.3818,-8.4414],[115.3849,-8.4354],[115.3823,-8.4311],[115.3808,-8.4211],[115.379,-8.4208],[115.3759,-8.4269],[115.3734,-8.4246],[115.3728,-8.4169],[115.3783,-8.407],[115.3756,-8.3888],[115.3777,-8.3872],[115.3795,-8.3902],[115.3802,-8.4066],[115.3852,-8.4138],[115.3845,-8.415],[115.3869,-8.4166],[115.39,-8.4319],[115.3893,-8.4407],[115.387,-8.4436],[115.3886,-8.451],[115.3868,-8.4533],[115.3881,-8.4584],[115.3867,-8.4606],[115.3886,-8.4642],[115.3853,-8.467],[115.384,-8.4619],[115.3763,-8.4603]]]]}},{"type":"Feature","properties":{"GID_4":"IDN.2.2.4.5_1","GID_0":"IDN","COUNTRY":"Indonesia","GID_1":"IDN.2_1","NAME_1":"Bali","GID_2":"IDN.2.2_1","NAME_2":"Bangli","GID_3":"IDN.2.2.4_1","NAME_3":"Tembuku","NAME_4":"Undisan","VARNAME_4":"NA","TYPE_4":"Desa","ENGTYPE_4":"Village","CC_4":"5106030004"},"geometry":{"type":"MultiPolygon","coordinates":[[[[115.4019,-8.4422],[115.4026,-8.4441],[115.3992,-8.4453],[115.4,-8.4497],[115.3951,-8.4581],[115.3887,-8.4638],[115.3867,-8.4606],[115.3881,-8.4584],[115.3867,-8.4536],[115.3886,-8.451],[115.388,-8.4494],[115.3923,-8.4493],[115.3915,-8.4409],[115.393,-8.4264],[115.3951,-8.4268],[115.3957,-8.4349],[115.4019,-8.4422]]]]}},{"type":"Feature","properties":{"GID_4":"IDN.2.2.4.6_1","GID_0":"IDN","COUNTRY":"Indonesia","GID_1":"IDN.2_1","NAME_1":"Bali","GID_2":"IDN.2.2_1","NAME_2":"Bangli","GID_3":"IDN.2.2.4_1","NAME_3":"Tembuku","NAME_4":"Yangapi","VARNAME_4":"NA","TYPE_4":"Desa","ENGTYPE_4":"Village","CC_4":"5106030003"},"geometry":{"type":"MultiPolygon","coordinates":[[[[115.376,-8.3736],[115.379,-8.353],[115.3936,-8.3518],[115.3989,-8.3675],[115.3937,-8.3685],[115.3933,-8.3737],[115.3965,-8.3904],[115.3893,-8.3905],[115.3944,-8.4026],[115.3932,-8.4059],[115.395,-8.4083],[115.3925,-8.4094],[115.3922,-8.4495],[115.388,-8.4494],[115.3872,-8.447],[115.39,-8.4319],[115.3886,-8.422],[115.3869,-8.4166],[115.3845,-8.415],[115.3852,-8.4138],[115.3802,-8.4066],[115.3795,-8.3902],[115.3777,-8.3872],[115.3788,-8.3842],[115.376,-8.3736]]]]}},{"type":"Feature","properties":{"GID_4":"IDN.2.3.1.1_1","GID_0":"IDN","COUNTRY":"Indonesia","GID_1":"IDN.2_1","NAME_1":"Bali","GID_2":"IDN.2.3_1","NAME_2":"Buleleng","GID_3":"IDN.2.3.1_1","NAME_3":"Banjar","NAME_4":"Banjar","VARNAME_4":"NA","TYPE_4":"Desa","ENGTYPE_4":"Village","CC_4":"5108040014"},"geometry":{"type":"MultiPolygon","coordinates":[[[[114.9664,-8.1984],[114.9678,-8.2043],[114.9742,-8.2125],[114.9797,-8.2138],[114.9816,-8.2159],[114.9845,-8.2197],[114.9844,-8.2243],[114.9876,-8.226],[114.989,-8.2292],[114.9997,-8.2317],[115.0041,-8.2346],[115.0092,-8.2341],[115.0086,-8.2422],[114.9975,-8.2366],[114.9927,-8.2374],[114.9897,-8.2419],[114.9811,-8.2353],[114.9777,-8.237],[114.9766,-8.2418],[114.9741,-8.2388],[114.9693,-8.2379],[114.9617,-8.2267],[114.9526,-8.2181],[114.9593,-8.2103],[114.9592,-8.2037],[114.9649,-8.1953],[114.961,-8.1881],[114.9617,-8.1867],[114.9588,-8.1853],[114.9615,-8.1828],[114.968,-8.1824],[114.9694,-8.1904],[114.9664,-8.1984]]]]}},{"type":"Feature","properties":{"GID_4":"IDN.2.3.1.2_1","GID_0":"IDN","COUNTRY":"Indonesia","GID_1":"IDN.2_1","NAME_1":"Bali","GID_2":"IDN.2.3_1","NAME_2":"Buleleng","GID_3":"IDN.2.3.1_1","NAME_3":"Banjar","NAME_4":"BanjarTegeha","VARNAME_4":"NA","TYPE_4":"Desa","ENGTYPE_4":"Village","CC_4":"5108040013"},"geometry":{"type":"MultiPolygon","coordinates":[[[[114.976,-8.2126],[114.9733,-8.2117],[114.9678,-8.2043],[114.9664,-8.1984],[114.9725,-8.1987],[114.9705,-8.2022],[114.9754,-8.2072],[114.976,-8.2126]]]]}},{"type":"Feature","properties":{"GID_4":"IDN.2.3.1.3_1","GID_0":"IDN","COUNTRY":"Indonesia","GID_1":"IDN.2_1","NAME_1":"Bali","GID_2":"IDN.2.3_1","NAME_2":"Buleleng","GID_3":"IDN.2.3.1_1","NAME_3":"Banjar","NAME_4":"Banyuatis","VARNAME_4":"NA","TYPE_4":"Desa","ENGTYPE_4":"Village","CC_4":"5108040001"},"geometry":{"type":"MultiPolygon","coordinates":[[[[115.0116,-8.2606],[115.0132,-8.2618],[115.0178,-8.2605],[115.026,-8.2611],[115.0279,-8.2595],[115.0382,-8.2635],[115.0397,-8.2659],[115.0389,-8.2672],[115.0376,-8.2663],[115.0329,-8.2675],[115.0228,-8.2661],[115.0191,-8.268],[115.0138,-8.2661],[115.0094,-8.267],[115.0054,-8.2651],[115.0064,-8.2624],[115.0116,-8.2606]]]]}},{"type":"Feature","properties":{"GID_4":"IDN.2.3.1.4_1","GID_0":"IDN","COUNTRY":"Indonesia","GID_1":"IDN.2_1","NAME_1":"Bali","GID_2":"IDN.2.3_1","NAME_2":"Buleleng","GID_3":"IDN.2.3.1_1","NAME_3":"Banjar","NAME_4":"Banyusri","VARNAME_4":"NA","TYPE_4":"Desa","ENGTYPE_4":"Village","CC_4":"5108040007"},"geometry":{"type":"MultiPolygon","coordinates":[[[[114.9897,-8.2419],[114.9927,-8.2374],[114.9975,-8.2366],[115.0086,-8.2422],[115.0057,-8.2505],[115.003,-8.2533],[114.9996,-8.2526],[114.9982,-8.2461],[114.994,-8.2428],[114.9897,-8.2419]]]]}},{"type":"Feature","properties":{"GID_4":"IDN.2.3.1.5_1","GID_0":"IDN","COUNTRY":"Indonesia","GID_1":"IDN.2_1","NAME_1":"Bali","GID_2":"IDN.2.3_1","NAME_2":"Buleleng","GID_3":"IDN.2.3.1_1","NAME_3":"Banjar","NAME_4":"Cempaga","VARNAME_4":"NA","TYPE_4":"Desa","ENGTYPE_4":"Village","CC_4":"5108040010"},"geometry":{"type":"MultiPolygon","coordinates":[[[[115.0092,-8.2341],[115.0041,-8.2346],[114.9997,-8.2317],[114.9928,-8.2302],[115.0004,-8.226],[115.006,-8.2252],[115.0075,-8.2157],[115.0003,-8.2097],[114.9863,-8.2033],[114.9897,-8.1992],[114.9882,-8.1933],[114.9908,-8.1939],[114.9919,-8.1899],[114.9947,-8.1876],[115.0003,-8.1861],[115.0006,-8.1847],[115.003,-8.1882],[115.004,-8.1966],[115.0079,-8.1997],[115.0121,-8.2069],[115.0146,-8.2081],[115.0154,-8.2174],[115.0228,-8.2215],[115.0202,-8.2245],[115.0201,-8.2296],[115.016,-8.233],[115.0133,-8.232],[115.0092,-8.2341]]]]}},{"type":"Feature","properties":{"GID_4":"IDN.2.3.1.6_1","GID_0":"IDN","COUNTRY":"Indonesia","GID_1":"IDN.2_1","NAME_1":"Bali","GID_2":"IDN.2.3_1","NAME_2":"Buleleng","GID_3":"IDN.2.3.1_1","NAME_3":"Banjar","NAME_4":"Dencarik","VARNAME_4":"NA","TYPE_4":"Desa","ENGTYPE_4":"Village","CC_4":"5108040015"},"geometry":{"type":"MultiPolygon","coordinates":[[[[114.9725,-8.1987],[114.9677,-8.199],[114.9659,-8.1975],[114.9694,-8.1904],[114.968,-8.1824],[114.9807,-8.1811],[114.9821,-8.182],[114.9838,-8.1909],[114.9878,-8.1925],[114.9897,-8.1992],[114.9792,-8.1947],[114.9766,-8.1949],[114.9725,-8.1987]]]]}},{"type":"Feature","properties":{"GID_4":"IDN.2.3.1.7_1","GID_0":"IDN","COUNTRY":"Indonesia","GID_1":"IDN.2_1","NAME_1":"Bali","GID_2":"IDN.2.3_1","NAME_2":"Buleleng","GID_3":"IDN.2.3.1_1","NAME_3":"Banjar","NAME_4":"Gesing","VARNAME_4":"NA","TYPE_4":"Desa","ENGTYPE_4":"Village","CC_4":"5108040002"},"geometry":{"type":"MultiPolygon","coordinates":[[[[115.0405,-8.2752],[115.0493,-8.2693],[115.0582,-8.2773],[115.0587,-8.2822],[115.0635,-8.286],[115.0661,-8.2859],[115.0689,-8.2835],[115.0805,-8.2883],[115.0849,-8.2879],[115.0901,-8.2898],[115.0947,-8.2881],[115.101,-8.2897],[115.1091,-8.2893],[115.1094,-8.2971],[115.1087,-8.2987],[115.1044,-8.2977],[115.1024,-8.2989],[115.1012,-8.3071],[115.0937,-8.3065],[115.0875,-8.3109],[115.0732,-8.3119],[115.0724,-8.3043],[115.0644,-8.3015],[115.0646,-8.2945],[115.0608,-8.2936],[115.0577,-8.2888],[115.0441,-8.2805],[115.0441,-8.2782],[115.0405,-8.2752]]]]}},{"type":"Feature","properties":{"GID_4":"IDN.2.3.1.8_1","GID_0":"IDN","COUNTRY":"Indonesia","GID_1":"IDN.2_1","NAME_1":"Bali","GID_2":"IDN.2.3_1","NAME_2":"Buleleng","GID_3":"IDN.2.3.1_1","NAME_3":"Banjar","NAME_4":"Gobleg","VARNAME_4":"NA","TYPE_4":"Desa","ENGTYPE_4":"Village","CC_4":"5108040004"},"geometry":{"type":"MultiPolygon","coordinates":[[[[115.0472,-8.2594],[115.0439,-8.2564],[115.0379,-8.2562],[115.033,-8.2519],[115.0241,-8.2511],[115.0292,-8.2475],[115.0345,-8.2466],[115.0378,-8.243],[115.0379,-8.2407],[115.0443,-8.2399],[115.0514,-8.2333],[115.0591,-8.2331],[115.0711,-8.2358],[115.0788,-8.2287],[115.0796,-8.224],[115.0848,-8.2204],[115.0864,-8.2238],[115.0977,-8.2253],[115.1012,-8.2387],[115.1006,-8.2464],[115.1031,-8.251],[115.1065,-8.2531],[115.1063,-8.2564],[115.1018,-8.2549],[115.1005,-8.249],[115.0983,-8.249],[115.0956,-8.2517],[115.0913,-8.2478],[115.0778,-8.247],[115.0735,-8.2498],[115.0726,-8.2555],[115.0637,-8.2611],[115.0605,-8.2596],[115.0518,-8.2607],[115.0472,-8.2594]]]]}},{"type":"Feature","properties":{"GID_4":"IDN.2.3.1.9_1","GID_0":"IDN","COUNTRY":"Indonesia","GID_1":"IDN.2_1","NAME_1":"Bali","GID_2":"IDN.2.3_1","NAME_2":"Buleleng","GID_3":"IDN.2.3.1_1","NAME_3":"Banjar","NAME_4":"Kaliasem","VARNAME_4":"NA","TYPE_4":"Desa","ENGTYPE_4":"Village","CC_4":"5108040017"},"geometry":{"type":"MultiPolygon","coordinates":[[[[115.0097,-8.1661],[115.0169,-8.1655],[115.0253,-8.1622],[115.0282,-8.1688],[115.0314,-8.1703],[115.0319,-8.1748],[115.0292,-8.1786],[115.0354,-8.1834],[115.0363,-8.1896],[115.0249,-8.1906],[115.0235,-8.1845],[115.0182,-8.1817],[115.0117,-8.183],[115.0097,-8.1661]]]]}},{"type":"Feature","properties":{"GID_4":"IDN.2.3.1.10_1","GID_0":"IDN","COUNTRY":"Indonesia","GID_1":"IDN.2_1","NAME_1":"Bali","GID_2":"IDN.2.3_1","NAME_2":"Buleleng","GID_3":"IDN.2.3.1_1","NAME_3":"Banjar","NAME_4":"Kayuputih","VARNAME_4":"NA","TYPE_4":"Desa","ENGTYPE_4":"Village","CC_4":"5108040005"},"geometry":{"type":"MultiPolygon","coordinates":[[[[115.0204,-8.2675],[115.0244,-8.266],[115.0389,-8.2672],[115.0397,-8.2652],[115.0343,-8.2615],[115.0274,-8.2594],[115.026,-8.2611],[115.0123,-8.2617],[115.0116,-8.2606],[115.0132,-8.2603],[115.0112,-8.2567],[115.0143,-8.257],[115.0152,-8.2549],[115.0201,-8.2531],[115.0314,-8.2558],[115.0309,-8.2517],[115.0379,-8.2562],[115.0447,-8.2567],[115.0472,-8.2594],[115.0461,-8.2672],[115.0477,-8.2708],[115.0449,-8.2712],[115.0405,-8.2752],[115.0342,-8.2717],[115.027,-8.2726],[115.0246,-8.27],[115.0212,-8.2694],[115.0204,-8.2675]]]]}},{"type":"Feature","properties":{"GID_4":"IDN.2.3.1.11_1","GID_0":"IDN","COUNTRY":"Indonesia","GID_1":"IDN.2_1","NAME_1":"Bali","GID_2":"IDN.2.3_1","NAME_2":"Buleleng","GID_3":"IDN.2.3.1_1","NAME_3":"Banjar","NAME_4":"Munduk","VARNAME_4":"NA","TYPE_4":"Desa","ENGTYPE_4":"Village","CC_4":"5108040003"},"geometry":{"type":"MultiPolygon","coordinates":[[[[115.1091,-8.2893],[115.101,-8.2897],[115.0947,-8.2881],[115.0901,-8.2898],[115.0849,-8.2879],[115.0805,-8.2883],[115.0689,-8.2835],[115.0661,-8.2859],[115.0635,-8.286],[115.0587,-8.2822],[115.0575,-8.2765],[115.0464,-8.2684],[115.0472,-8.2594],[115.0518,-8.2607],[115.0605,-8.2596],[115.0637,-8.2611],[115.0726,-8.2555],[115.0735,-8.2498],[115.0778,-8.247],[115.0913,-8.2478],[115.0956,-8.2517],[115.0983,-8.249],[115.1005,-8.249],[115.1018,-8.2549],[115.1063,-8.2564],[115.1072,-8.2592],[115.1065,-8.2647],[115.1089,-8.2687],[115.1064,-8.2783],[115.1121,-8.2807],[115.1093,-8.2857],[115.1091,-8.2893]]]]}},{"type":"Feature","properties":{"GID_4":"IDN.2.3.1.12_1","GID_0":"IDN","COUNTRY":"Indonesia","GID_1":"IDN.2_1","NAME_1":"Bali","GID_2":"IDN.2.3_1","NAME_2":"Buleleng","GID_3":"IDN.2.3.1_1","NAME_3":"Banjar","NAME_4":"Pedawa","VARNAME_4":"NA","TYPE_4":"Desa","ENGTYPE_4":"Village","CC_4":"5108040008"},"geometry":{"type":"MultiPolygon","coordinates":[[[[115.0086,-8.2422],[115.0095,-8.2336],[115.0133,-8.232],[115.016,-8.233],[115.0201,-8.2296],[115.0202,-8.2245],[115.0228,-8.2215],[115.0271,-8.2208],[115.0312,-8.2235],[115.0412,-8.2248],[115.0449,-8.2221],[115.05,-8.2239],[115.0554,-8.2137],[115.0607,-8.2152],[115.0691,-8.2301],[115.0743,-8.2325],[115.0703,-8.236],[115.0591,-8.2331],[115.0506,-8.2336],[115.0443,-8.2399],[115.0379,-8.2407],[115.0378,-8.243],[115.0345,-8.2466],[115.0307,-8.2469],[115.0235,-8.2512],[115.0206,-8.2501],[115.0101,-8.2522],[115.0057,-8.2505],[115.0086,-8.2422]]]]}},{"type":"Feature","properties":{"GID_4":"IDN.2.3.1.13_1","GID_0":"IDN","COUNTRY":"Indonesia","GID_1":"IDN.2_1","NAME_1":"Bali","GID_2":"IDN.2.3_1","NAME_2":"Buleleng","GID_3":"IDN.2.3.1_1","NAME_3":"Banjar","NAME_4":"Sidetapa","VARNAME_4":"NA","TYPE_4":"Desa","ENGTYPE_4":"Village","CC_4":"5108040011"},"geometry":{"type":"MultiPolygon","coordinates":[[[[114.976,-8.2126],[114.9757,-8.2082],[114.9792,-8.2065],[114.9764,-8.2052],[114.9771,-8.2021],[114.9755,-8.1981],[114.9765,-8.195],[114.9792,-8.1947],[114.9889,-8.198],[114.9896,-8.1996],[114.9863,-8.2033],[114.9879,-8.2048],[114.9953,-8.207],[115.0063,-8.214],[115.0075,-8.2157],[115.0071,-8.2229],[115.0041,-8.2263],[115.0004,-8.226],[114.9928,-8.2302],[114.9891,-8.2293],[114.9876,-8.226],[114.9844,-8.2243],[114.9845,-8.2197],[114.9816,-8.2159],[114.976,-8.2126]]]]}},{"type":"Feature","properties":{"GID_4":"IDN.2.3.1.14_1","GID_0":"IDN","COUNTRY":"Indonesia","GID_1":"IDN.2_1","NAME_1":"Bali","GID_2":"IDN.2.3_1","NAME_2":"Buleleng","GID_3":"IDN.2.3.1_1","NAME_3":"Banjar","NAME_4":"Tampekan","VARNAME_4":"NA","TYPE_4":"Desa","ENGTYPE_4":"Village","CC_4":"5108040012"},"geometry":{"type":"MultiPolygon","coordinates":[[[[114.9757,-8.2082],[114.9705,-8.202],[114.9761,-8.1959],[114.9763,-8.205],[114.9792,-8.2065],[114.9757,-8.2082]]]]}},{"type":"Feature","properties":{"GID_4":"IDN.2.3.1.15_1","GID_0":"IDN","COUNTRY":"Indonesia","GID_1":"IDN.2_1","NAME_1":"Bali","GID_2":"IDN.2.3_1","NAME_2":"Buleleng","GID_3":"IDN.2.3.1_1","NAME_3":"Banjar","NAME_4":"Temukus","VARNAME_4":"NA","TYPE_4":"Desa","ENGTYPE_4":"Village","CC_4":"5108040016"},"geometry":{"type":"MultiPolygon","coordinates":[[[[114.9983,-8.1863],[114.9919,-8.1899],[114.9898,-8.194],[114.9838,-8.1909],[114.9821,-8.182],[114.9807,-8.1811],[115.0035,-8.1748],[115.0097,-8.1661],[115.0115,-8.1769],[115.0104,-8.1816],[115.005,-8.1845],[115.0008,-8.1829],[114.9983,-8.1863]]]]}},{"type":"Feature","properties":{"GID_4":"IDN.2.3.1.16_1","GID_0":"IDN","COUNTRY":"Indonesia","GID_1":"IDN.2_1","NAME_1":"Bali","GID_2":"IDN.2.3_1","NAME_2":"Buleleng","GID_3":"IDN.2.3.1_1","NAME_3":"Banjar","NAME_4":"Tigawasa","VARNAME_4":"NA","TYPE_4":"Desa","ENGTYPE_4":"Village","CC_4":"5108040009"},"geometry":{"type":"MultiPolygon","coordinates":[[[[115.0228,-8.2215],[115.0154,-8.2174],[115.0146,-8.2081],[115.0121,-8.2069],[115.0079,-8.1997],[115.004,-8.1966],[115.0027,-8.1874],[115.0006,-8.1847],[114.9983,-8.1863],[114.9995,-8.1835],[115.0027,-8.1829],[115.005,-8.1845],[115.0105,-8.1812],[115.0123,-8.1831],[115.0182,-8.1817],[115.0235,-8.1845],[115.0249,-8.1906],[115.0363,-8.1896],[115.039,-8.2006],[115.0507,-8.2073],[115.0554,-8.2137],[115.05,-8.2239],[115.0449,-8.2221],[115.0412,-8.2248],[115.0312,-8.2235],[115.0271,-8.2208],[115.0228,-8.2215]]]]}},{"type":"Feature","properties":{"GID_4":"IDN.2.3.1.17_1","GID_0":"IDN","COUNTRY":"Indonesia","GID_1":"IDN.2_1","NAME_1":"Bali","GID_2":"IDN.2.3_1","NAME_2":"Buleleng","GID_3":"IDN.2.3.1_1","NAME_3":"Banjar","NAME_4":"Tirtasari","VARNAME_4":"NA","TYPE_4":"Desa","ENGTYPE_4":"Village","CC_4":"5108040006"},"geometry":{"type":"MultiPolygon","coordinates":[[[[115.0033,-8.253],[115.0062,-8.2503],[115.0101,-8.2522],[115.0206,-8.2501],[115.0309,-8.2517],[115.0314,-8.2558],[115.0201,-8.2531],[115.0152,-8.2549],[115.0143,-8.257],[115.0117,-8.2568],[115.0033,-8.253]]]]}},{"type":"Feature","properties":{"GID_4":"IDN.2.3.2.1_1","GID_0":"IDN","COUNTRY":"Indonesia","GID_1":"IDN.2_1","NAME_1":"Bali","GID_2":"IDN.2.3_1","NAME_2":"Buleleng","GID_3":"IDN.2.3.2_1","NAME_3":"Buleleng","NAME_4":"Alasangker","VARNAME_4":"NA","TYPE_4":"Desa","ENGTYPE_4":"Village","CC_4":"5108060028"},"geometry":{"type":"MultiPolygon","coordinates":[[[[115.1306,-8.1288],[115.1328,-8.1351],[115.1385,-8.1325],[115.1405,-8.1358],[115.1433,-8.1362],[115.1447,-8.1425],[115.1509,-8.1408],[115.1525,-8.1437],[115.1549,-8.1433],[115.1546,-8.1481],[115.1572,-8.154],[115.1564,-8.1618],[115.1482,-8.1628],[115.1448,-8.1538],[115.1406,-8.155],[115.1403,-8.1524],[115.1272,-8.1433],[115.1277,-8.1375],[115.1222,-8.1335],[115.1219,-8.1317],[115.1306,-8.1288]]]]}},{"type":"Feature","properties":{"GID_4":"IDN.2.3.2.2_1","GID_0":"IDN","COUNTRY":"Indonesia","GID_1":"IDN.2_1","NAME_1":"Bali","GID_2":"IDN.2.3_1","NAME_2":"Buleleng","GID_3":"IDN.2.3.2_1","NAME_3":"Buleleng","NAME_4":"Anturan","VARNAME_4":"NA","TYPE_4":"Desa","ENGTYPE_4":"Village","CC_4":"5108060002"},"geometry":{"type":"MultiPolygon","coordinates":[[[[115.029,-8.1695],[115.0242,-8.1618],[115.0272,-8.156],[115.0412,-8.1472],[115.0471,-8.145],[115.0509,-8.1499],[115.0543,-8.1496],[115.0616,-8.1544],[115.0611,-8.156],[115.0565,-8.157],[115.0567,-8.1609],[115.0501,-8.1654],[115.0479,-8.1626],[115.0448,-8.1622],[115.04,-8.1661],[115.0393,-8.1644],[115.0358,-8.1644],[115.029,-8.1695]]]]}},{"type":"Feature","properties":{"GID_4":"IDN.2.3.2.3_1","GID_0":"IDN","COUNTRY":"Indonesia","GID_1":"IDN.2_1","NAME_1":"Bali","GID_2":"IDN.2.3_1","NAME_2":"Buleleng","GID_3":"IDN.2.3.2_1","NAME_3":"Buleleng","NAME_4":"Astina","VARNAME_4":"NA","TYPE_4":"Desa","ENGTYPE_4":"Village","CC_4":"5108060013"},"geometry":{"type":"MultiPolygon","coordinates":[[[[115.092,-8.1178],[115.0918,-8.1165],[115.097,-8.1136],[115.097,-8.1191],[115.094,-8.1207],[115.092,-8.1178]]]]}},{"type":"Feature","properties":{"GID_4":"IDN.2.3.2.4_1","GID_0":"IDN","COUNTRY":"Indonesia","GID_1":"IDN.2_1","NAME_1":"Bali","GID_2":"IDN.2.3_1","NAME_2":"Buleleng","GID_3":"IDN.2.3.2_1","NAME_3":"Buleleng","NAME_4":"Baktiseraga","VARNAME_4":"NA","TYPE_4":"Desa","ENGTYPE_4":"Village","CC_4":"5108060005"},"geometry":{"type":"MultiPolygon","coordinates":[[[[115.0648,-8.1222],[115.0726,-8.1171],[115.0738,-8.1218],[115.0849,-8.1243],[115.0841,-8.1254],[115.0885,-8.1296],[115.0835,-8.1312],[115.0748,-8.1312],[115.0723,-8.1351],[115.0694,-8.136],[115.0674,-8.1337],[115.0648,-8.1222]]]]}},{"type":"Feature","properties":{"GID_4":"IDN.2.3.2.5_1","GID_0":"IDN","COUNTRY":"Indonesia","GID_1":"IDN.2_1","NAME_1":"Bali","GID_2":"IDN.2.3_1","NAME_2":"Buleleng","GID_3":"IDN.2.3.2_1","NAME_3":"Buleleng","NAME_4":"BanjarBali","VARNAME_4":"NA","TYPE_4":"Desa","ENGTYPE_4":"Village","CC_4":"5108060015"},"geometry":{"type":"MultiPolygon","coordinates":[[[[115.094,-8.1095],[115.09,-8.1103],[115.0892,-8.1087],[115.0925,-8.1069],[115.094,-8.1095]]]]}},{"type":"Feature","properties":{"GID_4":"IDN.2.3.2.6_1","GID_0":"IDN","COUNTRY":"Indonesia","GID_1":"IDN.2_1","NAME_1":"Bali","GID_2":"IDN.2.3_1","NAME_2":"Buleleng","GID_3":"IDN.2.3.2_1","NAME_3":"Buleleng","NAME_4":"BanjarJawa","VARNAME_4":"NA","TYPE_4":"Desa","ENGTYPE_4":"Village","CC_4":"5108060014"},"geometry":{"type":"MultiPolygon","coordinates":[[[[115.097,-8.1136],[115.0906,-8.1179],[115.0869,-8.1122],[115.0935,-8.1094],[115.097,-8.1136]]]]}},{"type":"Feature","properties":{"GID_4":"IDN.2.3.2.7_1","GID_0":"IDN","COUNTRY":"Indonesia","GID_1":"IDN.2_1","NAME_1":"Bali","GID_2":"IDN.2.3_1","NAME_2":"Buleleng","GID_3":"IDN.2.3.2_1","NAME_3":"Buleleng","NAME_4":"BanjarTegal","VARNAME_4":"NA","TYPE_4":"Desa","ENGTYPE_4":"Village","CC_4":"5108060007"},"geometry":{"type":"MultiPolygon","coordinates":[[[[115.092,-8.1178],[115.0938,-8.1273],[115.0903,-8.128],[115.0845,-8.1259],[115.0853,-8.124],[115.0882,-8.1239],[115.086,-8.1171],[115.0901,-8.1153],[115.0906,-8.1179],[115.092,-8.1178]]]]}},{"type":"Feature","properties":{"GID_4":"IDN.2.3.2.8_1","GID_0":"IDN","COUNTRY":"Indonesia","GID_1":"IDN.2_1","NAME_1":"Bali","GID_2":"IDN.2.3_1","NAME_2":"Buleleng","GID_3":"IDN.2.3.2_1","NAME_3":"Buleleng","NAME_4":"Banyuasri","VARNAME_4":"NA","TYPE_4":"Desa","ENGTYPE_4":"Village","CC_4":"5108060006"},"geometry":{"type":"MultiPolygon","coordinates":[[[[115.0849,-8.1243],[115.0734,-8.1214],[115.0726,-8.1171],[115.0786,-8.1093],[115.0823,-8.1153],[115.0836,-8.1144],[115.0866,-8.1178],[115.0882,-8.1239],[115.0849,-8.1243]]]]}},{"type":"Feature","properties":{"GID_4":"IDN.2.3.2.9_1","GID_0":"IDN","COUNTRY":"Indonesia","GID_1":"IDN.2_1","NAME_1":"Bali","GID_2":"IDN.2.3_1","NAME_2":"Buleleng","GID_3":"IDN.2.3.2_1","NAME_3":"Buleleng","NAME_4":"Banyuning","VARNAME_4":"NA","TYPE_4":"Desa","ENGTYPE_4":"Village","CC_4":"5108060021"},"geometry":{"type":"MultiPolygon","coordinates":[[[[115.0979,-8.1182],[115.097,-8.1136],[115.0933,-8.1084],[115.0984,-8.1055],[115.0976,-8.0982],[115.1014,-8.095],[115.1046,-8.0999],[115.1034,-8.104],[115.1048,-8.1075],[115.1075,-8.1111],[115.1118,-8.1124],[115.1139,-8.1148],[115.1114,-8.1191],[115.1158,-8.1257],[115.1082,-8.1279],[115.0979,-8.1182]]]]}},{"type":"Feature","properties":{"GID_4":"IDN.2.3.2.10_1","GID_0":"IDN","COUNTRY":"Indonesia","GID_1":"IDN.2_1","NAME_1":"Bali","GID_2":"IDN.2.3_1","NAME_2":"Buleleng","GID_3":"IDN.2.3.2_1","NAME_3":"Buleleng","NAME_4":"Beratan","VARNAME_4":"NA","TYPE_4":"Desa","ENGTYPE_4":"Village","CC_4":"5108060009"},"geometry":{"type":"MultiPolygon","coordinates":[[[[115.0969,-8.1354],[115.0965,-8.1322],[115.1033,-8.129],[115.104,-8.1325],[115.0969,-8.1354]]]]}},{"type":"Feature","properties":{"GID_4":"IDN.2.3.2.11_1","GID_0":"IDN","COUNTRY":"Indonesia","GID_1":"IDN.2_1","NAME_1":"Bali","GID_2":"IDN.2.3_1","NAME_2":"Buleleng","GID_3":"IDN.2.3.2_1","NAME_3":"Buleleng","NAME_4":"Jinengdalem","VARNAME_4":"NA","TYPE_4":"Desa","ENGTYPE_4":"Village","CC_4":"5108060023"},"geometry":{"type":"MultiPolygon","coordinates":[[[[115.1385,-8.1325],[115.133,-8.1352],[115.1312,-8.133],[115.1304,-8.1266],[115.1288,-8.1256],[115.1251,-8.1158],[115.1253,-8.1126],[115.1213,-8.1073],[115.1237,-8.1048],[115.1274,-8.1139],[115.1346,-8.1152],[115.1385,-8.1195],[115.1397,-8.125],[115.1351,-8.1261],[115.1385,-8.1325]]]]}},{"type":"Feature","properties":{"GID_4":"IDN.2.3.2.12_1","GID_0":"IDN","COUNTRY":"Indonesia","GID_1":"IDN.2_1","NAME_1":"Bali","GID_2":"IDN.2.3_1","NAME_2":"Buleleng","GID_3":"IDN.2.3.2_1","NAME_3":"Buleleng","NAME_4":"Kaliuntu","VARNAME_4":"NA","TYPE_4":"Desa","ENGTYPE_4":"Village","CC_4":"5108060017"},"geometry":{"type":"MultiPolygon","coordinates":[[[[115.0887,-8.1112],[115.0869,-8.1122],[115.0885,-8.1158],[115.086,-8.1171],[115.0836,-8.1144],[115.0823,-8.1153],[115.0786,-8.1093],[115.0814,-8.1075],[115.0827,-8.1097],[115.0858,-8.1084],[115.0887,-8.1112]]]]}},{"type":"Feature","properties":{"GID_4":"IDN.2.3.2.13_1","GID_0":"IDN","COUNTRY":"Indonesia","GID_1":"IDN.2_1","NAME_1":"Bali","GID_2":"IDN.2.3_1","NAME_2":"Buleleng","GID_3":"IDN.2.3.2_1","NAME_3":"Buleleng","NAME_4":"KampungAnyar","VARNAME_4":"NA","TYPE_4":"Desa","ENGTYPE_4":"Village","CC_4":"5108060018"},"geometry":{"type":"MultiPolygon","coordinates":[[[[115.0892,-8.1087],[115.09,-8.1103],[115.0887,-8.1112],[115.0858,-8.1084],[115.0827,-8.1097],[115.0814,-8.1075],[115.0844,-8.1051],[115.0862,-8.1077],[115.0885,-8.1073],[115.0892,-8.1087]]]]}},{"type":"Feature","properties":{"GID_4":"IDN.2.3.2.14_1","GID_0":"IDN","COUNTRY":"Indonesia","GID_1":"IDN.2_1","NAME_1":"Bali","GID_2":"IDN.2.3_1","NAME_2":"Buleleng","GID_3":"IDN.2.3.2_1","NAME_3":"Buleleng","NAME_4":"KampungBaru","VARNAME_4":"NA","TYPE_4":"Desa","ENGTYPE_4":"Village","CC_4":"5108060020"},"geometry":{"type":"MultiPolygon","coordinates":[[[[115.0933,-8.1084],[115.0901,-8.1033],[115.0976,-8.0982],[115.0984,-8.1055],[115.0933,-8.1084]]]]}},{"type":"Feature","properties":{"GID_4":"IDN.2.3.2.15_1","GID_0":"IDN","COUNTRY":"Indonesia","GID_1":"IDN.2_1","NAME_1":"Bali","GID_2":"IDN.2.3_1","NAME_2":"Buleleng","GID_3":"IDN.2.3.2_1","NAME_3":"Buleleng","NAME_4":"KampungBugis","VARNAME_4":"NA","TYPE_4":"Desa","ENGTYPE_4":"Village","CC_4":"5108060019"},"geometry":{"type":"MultiPolygon","coordinates":[[[[115.0885,-8.1073],[115.0862,-8.1077],[115.0844,-8.1051],[115.0901,-8.1033],[115.0909,-8.105],[115.0882,-8.106],[115.0885,-8.1073]]]]}},{"type":"Feature","properties":{"GID_4":"IDN.2.3.2.16_1","GID_0":"IDN","COUNTRY":"Indonesia","GID_1":"IDN.2_1","NAME_1":"Bali","GID_2":"IDN.2.3_1","NAME_2":"Buleleng","GID_3":"IDN.2.3.2_1","NAME_3":"Buleleng","NAME_4":"KampungKajanan","VARNAME_4":"NA","TYPE_4":"Desa","ENGTYPE_4":"Village","CC_4":"5108060016"},"geometry":{"type":"MultiPolygon","coordinates":[[[[115.0925,-8.1069],[115.0892,-8.1087],[115.0882,-8.106],[115.0909,-8.105],[115.0925,-8.1069]]]]}},{"type":"Feature","properties":{"GID_4":"IDN.2.3.2.17_1","GID_0":"IDN","COUNTRY":"Indonesia","GID_1":"IDN.2_1","NAME_1":"Bali","GID_2":"IDN.2.3_1","NAME_2":"Buleleng","GID_3":"IDN.2.3.2_1","NAME_3":"Buleleng","NAME_4":"KampungSingaraja","VARNAME_4":"NA","TYPE_4":"Desa","ENGTYPE_4":"Village","CC_4":"5108060011"},"geometry":{"type":"MultiPolygon","coordinates":[[[[115.0928,-8.1248],[115.099,-8.1227],[115.1011,-8.1253],[115.0971,-8.1267],[115.097,-8.1247],[115.0928,-8.1248]]]]}},{"type":"Feature","properties":{"GID_4":"IDN.2.3.2.18_1","GID_0":"IDN","COUNTRY":"Indonesia","GID_1":"IDN.2_1","NAME_1":"Bali","GID_2":"IDN.2.3_1","NAME_2":"Buleleng","GID_3":"IDN.2.3.2_1","NAME_3":"Buleleng","NAME_4":"Kendran","VARNAME_4":"NA","TYPE_4":"Desa","ENGTYPE_4":"Village","CC_4":"5108060012"},"geometry":{"type":"MultiPolygon","coordinates":[[[[115.0922,-8.1197],[115.0946,-8.1206],[115.0979,-8.1182],[115.1011,-8.1221],[115.0927,-8.1242],[115.0922,-8.1197]]]]}},{"type":"Feature","properties":{"GID_4":"IDN.2.3.2.19_1","GID_0":"IDN","COUNTRY":"Indonesia","GID_1":"IDN.2_1","NAME_1":"Bali","GID_2":"IDN.2.3_1","NAME_2":"Buleleng","GID_3":"IDN.2.3.2_1","NAME_3":"Buleleng","NAME_4":"Liligundi","VARNAME_4":"NA","TYPE_4":"Desa","ENGTYPE_4":"Village","CC_4":"5108060010"},"geometry":{"type":"MultiPolygon","coordinates":[[[[115.1033,-8.129],[115.0965,-8.1322],[115.0975,-8.1368],[115.0963,-8.1376],[115.0915,-8.1315],[115.0971,-8.1267],[115.1011,-8.1253],[115.1033,-8.129]]]]}},{"type":"Feature","properties":{"GID_4":"IDN.2.3.2.20_1","GID_0":"IDN","COUNTRY":"Indonesia","GID_1":"IDN.2_1","NAME_1":"Bali","GID_2":"IDN.2.3_1","NAME_2":"Buleleng","GID_3":"IDN.2.3.2_1","NAME_3":"Buleleng","NAME_4":"Nagasepaha","VARNAME_4":"NA","TYPE_4":"Desa","ENGTYPE_4":"Village","CC_4":"5108060027"},"geometry":{"type":"MultiPolygon","coordinates":[[[[115.1179,-8.1387],[115.1192,-8.1411],[115.1255,-8.1444],[115.125,-8.1496],[115.1269,-8.1508],[115.125,-8.1541],[115.1207,-8.1514],[115.1208,-8.1492],[115.1181,-8.1458],[115.1179,-8.1387]]]]}},{"type":"Feature","properties":{"GID_4":"IDN.2.3.2.21_1","GID_0":"IDN","COUNTRY":"Indonesia","GID_1":"IDN.2_1","NAME_1":"Bali","GID_2":"IDN.2.3_1","NAME_2":"Buleleng","GID_3":"IDN.2.3.2_1","NAME_3":"Buleleng","NAME_4":"PaketAgung","VARNAME_4":"NA","TYPE_4":"Desa","ENGTYPE_4":"Village","CC_4":"5108060008"},"geometry":{"type":"MultiPolygon","coordinates":[[[[115.0885,-8.1296],[115.0852,-8.1264],[115.0903,-8.128],[115.0938,-8.1273],[115.0928,-8.1248],[115.0971,-8.1248],[115.0971,-8.1279],[115.0915,-8.1315],[115.0885,-8.1296]]]]}},{"type":"Feature","properties":{"GID_4":"IDN.2.3.2.22_1","GID_0":"IDN","COUNTRY":"Indonesia","GID_1":"IDN.2_1","NAME_1":"Bali","GID_2":"IDN.2.3_1","NAME_2":"Buleleng","GID_3":"IDN.2.3.2_1","NAME_3":"Buleleng","NAME_4":"Pemaron","VARNAME_4":"NA","TYPE_4":"Desa","ENGTYPE_4":"Village","CC_4":"5108060004"},"geometry":{"type":"MultiPolygon","coordinates":[[[[115.0648,-8.1222],[115.0674,-8.1337],[115.0694,-8.136],[115.0614,-8.1407],[115.0588,-8.1361],[115.0559,-8.1345],[115.0648,-8.1222]]]]}},{"type":"Feature","properties":{"GID_4":"IDN.2.3.2.23_1","GID_0":"IDN","COUNTRY":"Indonesia","GID_1":"IDN.2_1","NAME_1":"Bali","GID_2":"IDN.2.3_1","NAME_2":"Buleleng","GID_3":"IDN.2.3.2_1","NAME_3":"Buleleng","NAME_4":"Penarukan","VARNAME_4":"NA","TYPE_4":"Desa","ENGTYPE_4":"Village","CC_4":"5108060022"},"geometry":{"type":"MultiPolygon","coordinates":[[[[115.1139,-8.1148],[115.1118,-8.1124],[115.1075,-8.1111],[115.1048,-8.1075],[115.1034,-8.104],[115.1046,-8.0999],[115.1014,-8.095],[115.1172,-8.0815],[115.1167,-8.0873],[115.1202,-8.0928],[115.1205,-8.0999],[115.1229,-8.1053],[115.1139,-8.1148]]]]}},{"type":"Feature","properties":{"GID_4":"IDN.2.3.2.24_1","GID_0":"IDN","COUNTRY":"Indonesia","GID_1":"IDN.2_1","NAME_1":"Bali","GID_2":"IDN.2.3_1","NAME_2":"Buleleng","GID_3":"IDN.2.3.2_1","NAME_3":"Buleleng","NAME_4":"Penglatan","VARNAME_4":"NA","TYPE_4":"Desa","ENGTYPE_4":"Village","CC_4":"5108060024"},"geometry":{"type":"MultiPolygon","coordinates":[[[[115.1306,-8.1288],[115.1219,-8.1317],[115.1114,-8.1191],[115.1213,-8.1073],[115.1253,-8.1126],[115.1251,-8.1158],[115.1306,-8.1288]]]]}},{"type":"Feature","properties":{"GID_4":"IDN.2.3.2.25_1","GID_0":"IDN","COUNTRY":"Indonesia","GID_1":"IDN.2_1","NAME_1":"Bali","GID_2":"IDN.2.3_1","NAME_2":"Buleleng","GID_3":"IDN.2.3.2_1","NAME_3":"Buleleng","NAME_4":"Petandakan","VARNAME_4":"NA","TYPE_4":"Desa","ENGTYPE_4":"Village","CC_4":"5108060025"},"geometry":{"type":"MultiPolygon","coordinates":[[[[115.1219,-8.1317],[115.1222,-8.1335],[115.1277,-8.1375],[115.1277,-8.1435],[115.1255,-8.1444],[115.1192,-8.1411],[115.1154,-8.1335],[115.1111,-8.1309],[115.1102,-8.1283],[115.1158,-8.1257],[115.1219,-8.1317]]]]}},{"type":"Feature","properties":{"GID_4":"IDN.2.3.2.26_1","GID_0":"IDN","COUNTRY":"Indonesia","GID_1":"IDN.2_1","NAME_1":"Bali","GID_2":"IDN.2.3_1","NAME_2":"Buleleng","GID_3":"IDN.2.3.2_1","NAME_3":"Buleleng","NAME_4":"PohBergong","VARNAME_4":"NA","TYPE_4":"Desa","ENGTYPE_4":"Village","CC_4":"5108060029"},"geometry":{"type":"MultiPolygon","coordinates":[[[[115.1509,-8.1408],[115.1447,-8.1425],[115.1433,-8.1362],[115.14,-8.1353],[115.1351,-8.1261],[115.1397,-8.125],[115.1408,-8.1269],[115.1428,-8.1263],[115.1436,-8.1285],[115.1465,-8.1297],[115.1481,-8.1339],[115.1502,-8.1331],[115.1522,-8.1405],[115.1509,-8.1408]]]]}},{"type":"Feature","properties":{"GID_4":"IDN.2.3.2.27_1","GID_0":"IDN","COUNTRY":"Indonesia","GID_1":"IDN.2_1","NAME_1":"Bali","GID_2":"IDN.2.3_1","NAME_2":"Buleleng","GID_3":"IDN.2.3.2_1","NAME_3":"Buleleng","NAME_4":"SariMekar","VARNAME_4":"NA","TYPE_4":"Desa","ENGTYPE_4":"Village","CC_4":"5108060026"},"geometry":{"type":"MultiPolygon","coordinates":[[[[115.1011,-8.1221],[115.1154,-8.1335],[115.1179,-8.1387],[115.1171,-8.1407],[115.119,-8.1436],[115.119,-8.1474],[115.1125,-8.1483],[115.1097,-8.1462],[115.1066,-8.1403],[115.1083,-8.1375],[115.099,-8.1229],[115.1011,-8.1221]]]]}},{"type":"Feature","properties":{"GID_4":"IDN.2.3.2.28_1","GID_0":"IDN","COUNTRY":"Indonesia","GID_1":"IDN.2_1","NAME_1":"Bali","GID_2":"IDN.2.3_1","NAME_2":"Buleleng","GID_3":"IDN.2.3.2_1","NAME_3":"Buleleng","NAME_4":"Tukadmungga","VARNAME_4":"NA","TYPE_4":"Desa","ENGTYPE_4":"Village","CC_4":"5108060003"},"geometry":{"type":"MultiPolygon","coordinates":[[[[115.0597,-8.153],[115.0543,-8.1496],[115.0509,-8.1499],[115.0471,-8.145],[115.0505,-8.1417],[115.0513,-8.1382],[115.0559,-8.1345],[115.0619,-8.1399],[115.0642,-8.1463],[115.0597,-8.153]]]]}},{"type":"Feature","properties":{"GID_4":"IDN.2.3.3.1_1","GID_0":"IDN","COUNTRY":"Indonesia","GID_1":"IDN.2_1","NAME_1":"Bali","GID_2":"IDN.2.3_1","NAME_2":"Buleleng","GID_3":"IDN.2.3.3_1","NAME_3":"Busungbiu","NAME_4":"Bengkel","VARNAME_4":"NA","TYPE_4":"Desa","ENGTYPE_4":"Village","CC_4":"5108030014"},"geometry":{"type":"MultiPolygon","coordinates":[[[[115.0116,-8.2672],[115.0138,-8.2661],[115.0204,-8.2675],[115.0212,-8.2694],[115.0246,-8.27],[115.027,-8.2726],[115.0301,-8.2725],[115.0297,-8.2771],[115.0256,-8.2859],[115.0348,-8.293],[115.0361,-8.3025],[115.0262,-8.3004],[115.0213,-8.2917],[115.0199,-8.2919],[115.0178,-8.2874],[115.0143,-8.2858],[115.0115,-8.2819],[115.0101,-8.2738],[115.0116,-8.2672]]]]}},{"type":"Feature","properties":{"GID_4":"IDN.2.3.3.2_1","GID_0":"IDN","COUNTRY":"Indonesia","GID_1":"IDN.2_1","NAME_1":"Bali","GID_2":"IDN.2.3_1","NAME_2":"Buleleng","GID_3":"IDN.2.3.3_1","NAME_3":"Busungbiu","NAME_4":"Bongancina","VARNAME_4":"NA","TYPE_4":"Desa","ENGTYPE_4":"Village","CC_4":"5108030003"},"geometry":{"type":"MultiPolygon","coordinates":[[[[114.939,-8.3444],[114.9453,-8.338],[114.9454,-8.3338],[114.9515,-8.3281],[114.9554,-8.3291],[114.959,-8.3342],[114.9554,-8.338],[114.9556,-8.3458],[114.9542,-8.3459],[114.952,-8.3508],[114.9525,-8.3551],[114.9507,-8.3562],[114.949,-8.3616],[114.9354,-8.3568],[114.9352,-8.3533],[114.937,-8.3523],[114.9366,-8.3472],[114.939,-8.3444]]]]}},{"type":"Feature","properties":{"GID_4":"IDN.2.3.3.3_1","GID_0":"IDN","COUNTRY":"Indonesia","GID_1":"IDN.2_1","NAME_1":"Bali","GID_2":"IDN.2.3_1","NAME_2":"Buleleng","GID_3":"IDN.2.3.3_1","NAME_3":"Busungbiu","NAME_4":"Busungbiu","VARNAME_4":"NA","TYPE_4":"Desa","ENGTYPE_4":"Village","CC_4":"5108030009"},"geometry":{"type":"MultiPolygon","coordinates":[[[[114.9831,-8.2648],[114.9749,-8.2638],[114.9654,-8.2596],[114.9632,-8.2597],[114.9632,-8.2655],[114.9612,-8.2648],[114.9501,-8.2554],[114.947,-8.255],[114.9481,-8.251],[114.9454,-8.2495],[114.9486,-8.2464],[114.953,-8.2487],[114.954,-8.2469],[114.952,-8.2422],[114.9534,-8.2419],[114.9538,-8.2434],[114.9553,-8.242],[114.9593,-8.2471],[114.9694,-8.2482],[114.9743,-8.2525],[114.9747,-8.2545],[114.9835,-8.2581],[114.9847,-8.2608],[114.9831,-8.2648]]]]}},{"type":"Feature","properties":{"GID_4":"IDN.2.3.3.4_1","GID_0":"IDN","COUNTRY":"Indonesia","GID_1":"IDN.2_1","NAME_1":"Bali","GID_2":"IDN.2.3_1","NAME_2":"Buleleng","GID_3":"IDN.2.3.3_1","NAME_3":"Busungbiu","NAME_4":"Kedis","VARNAME_4":"NA","TYPE_4":"Desa","ENGTYPE_4":"Village","CC_4":"5108030013"},"geometry":{"type":"MultiPolygon","coordinates":[[[[115.0101,-8.2738],[115.0115,-8.2819],[115.0143,-8.2858],[115.0178,-8.2874],[115.0198,-8.2917],[115.0124,-8.2915],[114.9984,-8.2859],[114.9894,-8.2883],[114.986,-8.2844],[114.9809,-8.2836],[114.9779,-8.2779],[114.9721,-8.2758],[114.9687,-8.2716],[114.9784,-8.2743],[114.9872,-8.2746],[114.9961,-8.2727],[115.0013,-8.2742],[115.0101,-8.2738]]]]}},{"type":"Feature","properties":{"GID_4":"IDN.2.3.3.5_1","GID_0":"IDN","COUNTRY":"Indonesia","GID_1":"IDN.2_1","NAME_1":"Bali","GID_2":"IDN.2.3_1","NAME_2":"Buleleng","GID_3":"IDN.2.3.3_1","NAME_3":"Busungbiu","NAME_4":"Kekeran","VARNAME_4":"NA","TYPE_4":"Desa","ENGTYPE_4":"Village","CC_4":"5108030008"},"geometry":{"type":"MultiPolygon","coordinates":[[[[114.9632,-8.2655],[114.9632,-8.2597],[114.9749,-8.2638],[114.9817,-8.2639],[114.9831,-8.2648],[114.9832,-8.2735],[114.9743,-8.2738],[114.9687,-8.2716],[114.9632,-8.2655]]]]}},{"type":"Feature","properties":{"GID_4":"IDN.2.3.3.6_1","GID_0":"IDN","COUNTRY":"Indonesia","GID_1":"IDN.2_1","NAME_1":"Bali","GID_2":"IDN.2.3_1","NAME_2":"Buleleng","GID_3":"IDN.2.3.3_1","NAME_3":"Busungbiu","NAME_4":"Pelapuan","VARNAME_4":"NA","TYPE_4":"Desa","ENGTYPE_4":"Village","CC_4":"5108030010"},"geometry":{"type":"MultiPolygon","coordinates":[[[[115.0054,-8.2651],[115.0116,-8.2672],[115.0101,-8.2738],[115.0013,-8.2742],[114.9961,-8.2727],[114.987,-8.2746],[114.9825,-8.2724],[114.9847,-8.2608],[114.9837,-8.2575],[114.987,-8.2574],[114.9952,-8.2631],[115.0054,-8.2651]]]]}},{"type":"Feature","properties":{"GID_4":"IDN.2.3.3.7_1","GID_0":"IDN","COUNTRY":"Indonesia","GID_1":"IDN.2_1","NAME_1":"Bali","GID_2":"IDN.2.3_1","NAME_2":"Buleleng","GID_3":"IDN.2.3.3_1","NAME_3":"Busungbiu","NAME_4":"Pucaksari","VARNAME_4":"NA","TYPE_4":"Desa","ENGTYPE_4":"Village","CC_4":"5108030004"},"geometry":{"type":"MultiPolygon","coordinates":[[[[114.9587,-8.3336],[114.9529,-8.3275],[114.9454,-8.3338],[114.9453,-8.338],[114.9413,-8.3407],[114.9399,-8.344],[114.938,-8.3439],[114.9343,-8.3382],[114.9348,-8.3318],[114.9375,-8.3251],[114.9366,-8.3101],[114.9418,-8.3038],[114.9428,-8.2982],[114.9454,-8.2944],[114.9518,-8.2935],[114.9568,-8.2793],[114.9596,-8.2761],[114.9641,-8.2751],[114.9677,-8.283],[114.9665,-8.2849],[114.9672,-8.291],[114.972,-8.2952],[114.9752,-8.3022],[114.9644,-8.3065],[114.9627,-8.3101],[114.9645,-8.3118],[114.9625,-8.3129],[114.9604,-8.3211],[114.9583,-8.3236],[114.9604,-8.3284],[114.9605,-8.3315],[114.9587,-8.3336]]]]}},{"type":"Feature","properties":{"GID_4":"IDN.2.3.3.8_1","GID_0":"IDN","COUNTRY":"Indonesia","GID_1":"IDN.2_1","NAME_1":"Bali","GID_2":"IDN.2.3_1","NAME_2":"Buleleng","GID_3":"IDN.2.3.3_1","NAME_3":"Busungbiu","NAME_4":"Sepang","VARNAME_4":"NA","TYPE_4":"Desa","ENGTYPE_4":"Village","CC_4":"5108030005"},"geometry":{"type":"MultiPolygon","coordinates":[[[[114.9437,-8.2966],[114.9418,-8.3038],[114.9403,-8.3041],[114.9361,-8.3116],[114.9375,-8.3251],[114.934,-8.3381],[114.9327,-8.335],[114.9273,-8.3346],[114.9245,-8.3314],[114.9242,-8.3249],[114.9205,-8.3242],[114.915,-8.3182],[114.9129,-8.319],[114.9115,-8.3138],[114.903,-8.3057],[114.9005,-8.2995],[114.901,-8.2956],[114.8918,-8.2931],[114.8891,-8.2851],[114.8917,-8.2825],[114.8948,-8.2823],[114.9006,-8.2838],[114.9088,-8.2833],[114.9142,-8.2864],[114.9195,-8.2844],[114.9231,-8.2795],[114.9312,-8.2803],[114.9437,-8.2966]]]]}},{"type":"Feature","properties":{"GID_4":"IDN.2.3.3.9_1","GID_0":"IDN","COUNTRY":"Indonesia","GID_1":"IDN.2_1","NAME_1":"Bali","GID_2":"IDN.2.3_1","NAME_2":"Buleleng","GID_3":"IDN.2.3.3_1","NAME_3":"Busungbiu","NAME_4":"SepangKelod","VARNAME_4":"NA","TYPE_4":"Desa","ENGTYPE_4":"Village","CC_4":"5108030001"},"geometry":{"type":"MultiPolygon","coordinates":[[[[114.8918,-8.2931],[114.901,-8.2956],[114.9005,-8.2995],[114.903,-8.3057],[114.9115,-8.3138],[114.9129,-8.319],[114.915,-8.3182],[114.9248,-8.3268],[114.9217,-8.3415],[114.9175,-8.3462],[114.9122,-8.3481],[114.9126,-8.3521],[114.8989,-8.3666],[114.8967,-8.3576],[114.8874,-8.3518],[114.8844,-8.3467],[114.8782,-8.3443],[114.872,-8.3381],[114.864,-8.3353],[114.8608,-8.3407],[114.8585,-8.3415],[114.8511,-8.3366],[114.8479,-8.3373],[114.8519,-8.3337],[114.8526,-8.3273],[114.8573,-8.3239],[114.8604,-8.3185],[114.8688,-8.3122],[114.8773,-8.3022],[114.8918,-8.2931]]]]}},{"type":"Feature","properties":{"GID_4":"IDN.2.3.3.10_1","GID_0":"IDN","COUNTRY":"Indonesia","GID_1":"IDN.2_1","NAME_1":"Bali","GID_2":"IDN.2.3_1","NAME_2":"Buleleng","GID_3":"IDN.2.3.3_1","NAME_3":"Busungbiu","NAME_4":"Subuk","VARNAME_4":"NA","TYPE_4":"Desa","ENGTYPE_4":"Village","CC_4":"5108030011"},"geometry":{"type":"MultiPolygon","coordinates":[[[[114.9687,-8.2716],[114.9751,-8.278],[114.9758,-8.2811],[114.9776,-8.2813],[114.9789,-8.2843],[114.978,-8.2884],[114.9815,-8.2957],[114.9802,-8.2985],[114.9752,-8.3022],[114.972,-8.2952],[114.9672,-8.291],[114.9665,-8.2849],[114.9677,-8.283],[114.9645,-8.2744],[114.9659,-8.2737],[114.9665,-8.2692],[114.9687,-8.2716]]]]}},{"type":"Feature","properties":{"GID_4":"IDN.2.3.3.11_1","GID_0":"IDN","COUNTRY":"Indonesia","GID_1":"IDN.2_1","NAME_1":"Bali","GID_2":"IDN.2.3_1","NAME_2":"Buleleng","GID_3":"IDN.2.3.3_1","NAME_3":"Busungbiu","NAME_4":"Telaga","VARNAME_4":"NA","TYPE_4":"Desa","ENGTYPE_4":"Village","CC_4":"5108030006"},"geometry":{"type":"MultiPolygon","coordinates":[[[[114.9568,-8.2793],[114.9518,-8.2935],[114.9454,-8.2944],[114.9464,-8.2851],[114.9433,-8.2709],[114.9395,-8.2659],[114.9398,-8.2623],[114.9462,-8.2596],[114.955,-8.27],[114.9568,-8.2793]]]]}},{"type":"Feature","properties":{"GID_4":"IDN.2.3.3.12_1","GID_0":"IDN","COUNTRY":"Indonesia","GID_1":"IDN.2_1","NAME_1":"Bali","GID_2":"IDN.2.3_1","NAME_2":"Buleleng","GID_3":"IDN.2.3.3_1","NAME_3":"Busungbiu","NAME_4":"Tinggarsari","VARNAME_4":"NA","TYPE_4":"Desa","ENGTYPE_4":"Village","CC_4":"5108030012"},"geometry":{"type":"MultiPolygon","coordinates":[[[[115.0198,-8.2917],[115.0213,-8.2917],[115.0262,-8.3004],[115.0245,-8.3007],[115.0207,-8.3082],[115.0143,-8.3062],[115.01,-8.3117],[115.0069,-8.3066],[114.9987,-8.3032],[114.9962,-8.2994],[114.991,-8.2986],[114.9863,-8.2894],[114.985,-8.2904],[114.9788,-8.2885],[114.9789,-8.2841],[114.9738,-8.2763],[114.9779,-8.2779],[114.9809,-8.2836],[114.986,-8.2844],[114.9894,-8.2883],[114.9984,-8.2859],[115.0124,-8.2915],[115.0198,-8.2917]]]]}},{"type":"Feature","properties":{"GID_4":"IDN.2.3.3.13_1","GID_0":"IDN","COUNTRY":"Indonesia","GID_1":"IDN.2_1","NAME_1":"Bali","GID_2":"IDN.2.3_1","NAME_2":"Buleleng","GID_3":"IDN.2.3.3_1","NAME_3":"Busungbiu","NAME_4":"Tista","VARNAME_4":"NA","TYPE_4":"Desa","ENGTYPE_4":"Village","CC_4":"5108030002"},"geometry":{"type":"MultiPolygon","coordinates":[[[[114.939,-8.3444],[114.9366,-8.3472],[114.937,-8.3523],[114.9352,-8.3533],[114.9357,-8.3585],[114.9342,-8.3593],[114.9352,-8.361],[114.9336,-8.3609],[114.9316,-8.3638],[114.9329,-8.3648],[114.9311,-8.367],[114.9288,-8.3766],[114.9331,-8.3802],[114.9317,-8.3832],[114.9234,-8.3833],[114.9025,-8.3753],[114.8989,-8.3666],[114.9126,-8.3521],[114.9122,-8.3481],[114.9175,-8.3462],[114.9217,-8.3415],[114.9245,-8.3314],[114.9273,-8.3346],[114.9329,-8.3351],[114.9331,-8.3376],[114.939,-8.3444]]]]}},{"type":"Feature","properties":{"GID_4":"IDN.2.3.3.14_1","GID_0":"IDN","COUNTRY":"Indonesia","GID_1":"IDN.2_1","NAME_1":"Bali","GID_2":"IDN.2.3_1","NAME_2":"Buleleng","GID_3":"IDN.2.3.3_1","NAME_3":"Busungbiu","NAME_4":"Titab","VARNAME_4":"NA","TYPE_4":"Desa","ENGTYPE_4":"Village","CC_4":"5108030007"},"geometry":{"type":"MultiPolygon","coordinates":[[[[114.9472,-8.2551],[114.9499,-8.2553],[114.9509,-8.2574],[114.9577,-8.2608],[114.9665,-8.2692],[114.9645,-8.2755],[114.9599,-8.2759],[114.9568,-8.2793],[114.9543,-8.2688],[114.9464,-8.2605],[114.9472,-8.2551]]]]}},{"type":"Feature","properties":{"GID_4":"IDN.2.3.3.15_1","GID_0":"IDN","COUNTRY":"Indonesia","GID_1":"IDN.2_1","NAME_1":"Bali","GID_2":"IDN.2.3_1","NAME_2":"Buleleng","GID_3":"IDN.2.3.3_1","NAME_3":"Busungbiu","NAME_4":"Umejero","VARNAME_4":"NA","TYPE_4":"Desa","ENGTYPE_4":"Village","CC_4":"5108030015"},"geometry":{"type":"MultiPolygon","coordinates":[[[[115.0405,-8.2752],[115.0441,-8.2782],[115.0441,-8.2805],[115.0577,-8.2888],[115.0608,-8.2936],[115.0646,-8.2945],[115.0644,-8.3015],[115.0724,-8.3043],[115.0732,-8.3119],[115.0638,-8.3097],[115.0592,-8.3104],[115.0492,-8.3064],[115.0441,-8.307],[115.0361,-8.3025],[115.0348,-8.293],[115.0256,-8.2859],[115.0297,-8.2771],[115.0296,-8.272],[115.0345,-8.2718],[115.0405,-8.2752]]]]}},{"type":"Feature","properties":{"GID_4":"IDN.2.3.4.1_1","GID_0":"IDN","COUNTRY":"Indonesia","GID_1":"IDN.2_1","NAME_1":"Bali","GID_2":"IDN.2.3_1","NAME_2":"Buleleng","GID_3":"IDN.2.3.4_1","NAME_3":"Gerokgak","NAME_4":"Banyupoh","VARNAME_4":"NA","TYPE_4":"Desa","ENGTYPE_4":"Village","CC_4":"5108010005"},"geometry":{"type":"MultiPolygon","coordinates":[[[[114.6774,-8.1471],[114.6815,-8.1444],[114.6937,-8.1443],[114.7029,-8.1512],[114.7003,-8.1627],[114.6947,-8.1684],[114.6996,-8.1714],[114.6972,-8.1747],[114.7044,-8.1857],[114.7024,-8.1919],[114.7027,-8.1984],[114.6913,-8.2095],[114.6907,-8.2195],[114.6843,-8.2317],[114.674,-8.2233],[114.6675,-8.2224],[114.6525,-8.226],[114.6459,-8.2198],[114.6508,-8.2041],[114.651,-8.1949],[114.655,-8.1895],[114.656,-8.1818],[114.6603,-8.1741],[114.6661,-8.1728],[114.673,-8.1662],[114.6735,-8.1605],[114.6791,-8.1547],[114.6774,-8.1471]]]]}},{"type":"Feature","properties":{"GID_4":"IDN.2.3.4.2_1","GID_0":"IDN","COUNTRY":"Indonesia","GID_1":"IDN.2_1","NAME_1":"Bali","GID_2":"IDN.2.3_1","NAME_2":"Buleleng","GID_3":"IDN.2.3.4_1","NAME_3":"Gerokgak","NAME_4":"CelukanBawang","VARNAME_4":"NA","TYPE_4":"Desa","ENGTYPE_4":"Village","CC_4":"5108010013"},"geometry":{"type":"MultiPolygon","coordinates":[[[[114.8346,-8.1933],[114.8397,-8.1935],[114.8417,-8.1907],[114.8524,-8.1951],[114.8612,-8.1966],[114.8707,-8.196],[114.872,-8.2032],[114.8561,-8.2031],[114.8543,-8.2019],[114.8551,-8.2009],[114.8335,-8.2004],[114.8346,-8.1933]]]]}},{"type":"Feature","properties":{"GID_4":"IDN.2.3.4.3_1","GID_0":"IDN","COUNTRY":"Indonesia","GID_1":"IDN.2_1","NAME_1":"Bali","GID_2":"IDN.2.3_1","NAME_2":"Buleleng","GID_3":"IDN.2.3.4_1","NAME_3":"Gerokgak","NAME_4":"Gerokgak","VARNAME_4":"NA","TYPE_4":"Desa","ENGTYPE_4":"Village","CC_4":"5108010009"},"geometry":{"type":"MultiPolygon","coordinates":[[[[114.7753,-8.1737],[114.7973,-8.1801],[114.7975,-8.1824],[114.7936,-8.1863],[114.7927,-8.1905],[114.7842,-8.1979],[114.7817,-8.2022],[114.7803,-8.2067],[114.781,-8.2121],[114.7792,-8.2129],[114.7793,-8.2166],[114.7812,-8.2174],[114.781,-8.2264],[114.7777,-8.2289],[114.7736,-8.25],[114.7709,-8.2554],[114.7662,-8.2534],[114.7629,-8.2491],[114.7585,-8.2412],[114.7559,-8.2319],[114.7455,-8.2226],[114.7476,-8.2199],[114.7539,-8.2197],[114.7606,-8.211],[114.7686,-8.2087],[114.7732,-8.2044],[114.7715,-8.1965],[114.7753,-8.1737]]]]}},{"type":"Feature","properties":{"GID_4":"IDN.2.3.4.4_1","GID_0":"IDN","COUNTRY":"Indonesia","GID_1":"IDN.2_1","NAME_1":"Bali","GID_2":"IDN.2.3_1","NAME_2":"Buleleng","GID_3":"IDN.2.3.4_1","NAME_3":"Gerokgak","NAME_4":"Musi","VARNAME_4":"NA","TYPE_4":"Desa","ENGTYPE_4":"Village","CC_4":"5108010007"},"geometry":{"type":"MultiPolygon","coordinates":[[[[114.7476,-8.2199],[114.7455,-8.2226],[114.7382,-8.2209],[114.7276,-8.217],[114.7193,-8.2098],[114.7205,-8.2061],[114.7253,-8.2017],[114.7257,-8.1931],[114.7283,-8.1848],[114.7402,-8.1645],[114.7503,-8.1694],[114.7549,-8.1692],[114.7555,-8.1709],[114.7541,-8.1757],[114.7485,-8.1808],[114.7495,-8.1837],[114.7536,-8.1866],[114.7533,-8.1908],[114.7551,-8.1936],[114.7533,-8.1984],[114.7538,-8.2038],[114.7502,-8.211],[114.7445,-8.2148],[114.7476,-8.2199]]]]}},{"type":"Feature","properties":{"GID_4":"IDN.2.3.4.5_1","GID_0":"IDN","COUNTRY":"Indonesia","GID_1":"IDN.2_1","NAME_1":"Bali","GID_2":"IDN.2.3_1","NAME_2":"Buleleng","GID_3":"IDN.2.3.4_1","NAME_3":"Gerokgak","NAME_4":"Patas","VARNAME_4":"NA","TYPE_4":"Desa","ENGTYPE_4":"Village","CC_4":"5108010010"},"geometry":{"type":"MultiPolygon","coordinates":[[[[114.7709,-8.2554],[114.7736,-8.25],[114.7777,-8.2289],[114.781,-8.2264],[114.7812,-8.2174],[114.7793,-8.2166],[114.7792,-8.2129],[114.7809,-8.2124],[114.7804,-8.2061],[114.7836,-8.1987],[114.793,-8.1901],[114.7936,-8.1863],[114.7975,-8.1824],[114.7973,-8.1801],[114.8041,-8.1822],[114.8095,-8.1862],[114.8172,-8.1851],[114.8214,-8.1926],[114.8172,-8.2032],[114.8187,-8.2148],[114.815,-8.2166],[114.8134,-8.2221],[114.8135,-8.2269],[114.8162,-8.2293],[114.8156,-8.2335],[114.8123,-8.2366],[114.8111,-8.2449],[114.8056,-8.2515],[114.7998,-8.252],[114.7956,-8.2566],[114.785,-8.2543],[114.7832,-8.256],[114.7832,-8.2595],[114.7783,-8.2604],[114.7761,-8.2631],[114.771,-8.2602],[114.7709,-8.2554]]]]}},{"type":"Feature","properties":{"GID_4":"IDN.2.3.4.6_1","GID_0":"IDN","COUNTRY":"Indonesia","GID_1":"IDN.2_1","NAME_1":"Bali","GID_2":"IDN.2.3_1","NAME_2":"Buleleng","GID_3":"IDN.2.3.4_1","NAME_3":"Gerokgak","NAME_4":"Pejarakan","VARNAME_4":"NA","TYPE_4":"Desa","ENGTYPE_4":"Village","CC_4":"5108010002"},"geometry":{"type":"MultiPolygon","coordinates":[[[[114.5992,-8.137],[114.5996,-8.1407],[114.598,-8.144],[114.6011,-8.158],[114.6005,-8.1659],[114.6047,-8.1781],[114.5958,-8.1763],[114.5912,-8.1774],[114.5898,-8.1734],[114.5882,-8.1765],[114.5853,-8.1775],[114.5825,-8.1818],[114.573,-8.1893],[114.5686,-8.1843],[114.5647,-8.1825],[114.5657,-8.178],[114.5624,-8.175],[114.5615,-8.1718],[114.5588,-8.1702],[114.5541,-8.1527],[114.5476,-8.149],[114.5407,-8.1406],[114.5454,-8.1392],[114.5507,-8.1335],[114.5559,-8.1312],[114.5589,-8.1335],[114.5585,-8.138],[114.5621,-8.1406],[114.5634,-8.1437],[114.5702,-8.1387],[114.5676,-8.1367],[114.5617,-8.1364],[114.5623,-8.132],[114.5676,-8.1291],[114.5691,-8.1298],[114.5689,-8.1268],[114.5713,-8.127],[114.574,-8.1238],[114.5867,-8.1197],[114.5919,-8.1205],[114.5953,-8.1236],[114.593,-8.1305],[114.5942,-8.1386],[114.5964,-8.1392],[114.5992,-8.137]]],[[[114.5927,-8.1181],[114.5924,-8.1186],[114.592,-8.1185],[114.5922,-8.1181],[114.5927,-8.1181]]]]}},{"type":"Feature","properties":{"GID_4":"IDN.2.3.4.7_1","GID_0":"IDN","COUNTRY":"Indonesia","GID_1":"IDN.2_1","NAME_1":"Bali","GID_2":"IDN.2.3_1","NAME_2":"Buleleng","GID_3":"IDN.2.3.4_1","NAME_3":"Gerokgak","NAME_4":"Pemuteran","VARNAME_4":"NA","TYPE_4":"Desa","ENGTYPE_4":"Village","CC_4":"5108010004"},"geometry":{"type":"MultiPolygon","coordinates":[[[[114.6774,-8.1471],[114.6789,-8.1553],[114.6735,-8.1605],[114.6726,-8.1666],[114.6661,-8.1728],[114.6621,-8.1729],[114.6594,-8.1753],[114.6557,-8.1826],[114.655,-8.1895],[114.651,-8.1949],[114.6508,-8.2041],[114.6486,-8.2084],[114.6483,-8.2144],[114.6435,-8.2139],[114.6373,-8.2072],[114.6342,-8.1892],[114.6301,-8.1873],[114.6244,-8.1819],[114.6241,-8.1795],[114.6221,-8.1793],[114.6236,-8.1764],[114.6233,-8.1717],[114.619,-8.1582],[114.6248,-8.1423],[114.6212,-8.1325],[114.6214,-8.1271],[114.6303,-8.1281],[114.6348,-8.1314],[114.6358,-8.1348],[114.6396,-8.1382],[114.6447,-8.1353],[114.6439,-8.1317],[114.6456,-8.1309],[114.6556,-8.1435],[114.6605,-8.1445],[114.663,-8.1427],[114.6667,-8.146],[114.6774,-8.1471]]]]}},{"type":"Feature","properties":{"GID_4":"IDN.2.3.4.8_1","GID_0":"IDN","COUNTRY":"Indonesia","GID_1":"IDN.2_1","NAME_1":"Bali","GID_2":"IDN.2.3_1","NAME_2":"Buleleng","GID_3":"IDN.2.3.4_1","NAME_3":"Gerokgak","NAME_4":"Pengulon","VARNAME_4":"NA","TYPE_4":"Desa","ENGTYPE_4":"Village","CC_4":"5108010011"},"geometry":{"type":"MultiPolygon","coordinates":[[[[114.8346,-8.1933],[114.8335,-8.2013],[114.8354,-8.2064],[114.8348,-8.2106],[114.8392,-8.2172],[114.8367,-8.2204],[114.8376,-8.2281],[114.8332,-8.2308],[114.833,-8.2347],[114.8246,-8.2433],[114.8211,-8.2519],[114.8169,-8.2556],[114.8156,-8.2595],[114.8102,-8.2539],[114.8056,-8.2515],[114.8111,-8.2449],[114.8123,-8.2366],[114.8156,-8.2335],[114.8162,-8.2293],[114.8135,-8.2269],[114.8134,-8.2223],[114.815,-8.2166],[114.8187,-8.2148],[114.8174,-8.2024],[114.8215,-8.1912],[114.828,-8.1919],[114.8326,-8.1874],[114.8324,-8.1907],[114.8346,-8.1933]]]]}},{"type":"Feature","properties":{"GID_4":"IDN.2.3.4.9_1","GID_0":"IDN","COUNTRY":"Indonesia","GID_1":"IDN.2_1","NAME_1":"Bali","GID_2":"IDN.2.3_1","NAME_2":"Buleleng","GID_3":"IDN.2.3.4_1","NAME_3":"Gerokgak","NAME_4":"Penyabangan","VARNAME_4":"NA","TYPE_4":"Desa","ENGTYPE_4":"Village","CC_4":"5108010006"},"geometry":{"type":"MultiPolygon","coordinates":[[[[114.7027,-8.1984],[114.7024,-8.1919],[114.7044,-8.1857],[114.6972,-8.1747],[114.6996,-8.1714],[114.6947,-8.1684],[114.7003,-8.1627],[114.7029,-8.1512],[114.7124,-8.1555],[114.7161,-8.1504],[114.7152,-8.1546],[114.7165,-8.1559],[114.7312,-8.159],[114.7402,-8.1645],[114.7283,-8.1848],[114.7257,-8.1931],[114.7253,-8.2017],[114.7205,-8.2061],[114.7193,-8.2098],[114.7068,-8.2026],[114.7027,-8.1984]]]]}},{"type":"Feature","properties":{"GID_4":"IDN.2.3.4.10_1","GID_0":"IDN","COUNTRY":"Indonesia","GID_1":"IDN.2_1","NAME_1":"Bali","GID_2":"IDN.2.3_1","NAME_2":"Buleleng","GID_3":"IDN.2.3.4_1","NAME_3":"Gerokgak","NAME_4":"Sanggalangit","VARNAME_4":"NA","TYPE_4":"Desa","ENGTYPE_4":"Village","CC_4":"5108010008"},"geometry":{"type":"MultiPolygon","coordinates":[[[[114.7753,-8.1737],[114.7715,-8.1965],[114.7732,-8.2044],[114.7686,-8.2087],[114.7606,-8.211],[114.7536,-8.2199],[114.7476,-8.2199],[114.7445,-8.2148],[114.7502,-8.211],[114.7538,-8.2038],[114.7533,-8.1984],[114.7551,-8.1936],[114.7533,-8.1908],[114.7536,-8.1866],[114.7495,-8.1837],[114.7485,-8.1808],[114.7541,-8.1757],[114.7549,-8.1692],[114.7678,-8.1733],[114.7753,-8.1737]]]]}},{"type":"Feature","properties":{"GID_4":"IDN.2.3.4.11_1","GID_0":"IDN","COUNTRY":"Indonesia","GID_1":"IDN.2_1","NAME_1":"Bali","GID_2":"IDN.2.3_1","NAME_2":"Buleleng","GID_3":"IDN.2.3.4_1","NAME_3":"Gerokgak","NAME_4":"SumberKlampok","VARNAME_4":"NA","TYPE_4":"Desa","ENGTYPE_4":"Village","CC_4":"5108010001"},"geometry":{"type":"MultiPolygon","coordinates":[[[[114.5408,-8.1408],[114.5476,-8.149],[114.5541,-8.1527],[114.5588,-8.1702],[114.5615,-8.1718],[114.5624,-8.175],[114.5657,-8.178],[114.5647,-8.1825],[114.5686,-8.1843],[114.5727,-8.1896],[114.5624,-8.1919],[114.5532,-8.1978],[114.532,-8.1912],[114.5194,-8.2049],[114.5137,-8.2057],[114.5096,-8.2053],[114.5059,-8.1999],[114.5001,-8.1987],[114.4943,-8.1936],[114.4808,-8.1972],[114.4603,-8.1944],[114.457,-8.1925],[114.4563,-8.1765],[114.459,-8.1718],[114.4662,-8.1686],[114.4682,-8.166],[114.463,-8.1624],[114.4601,-8.1632],[114.4592,-8.1602],[114.4514,-8.161],[114.445,-8.1568],[114.4447,-8.1487],[114.4466,-8.1442],[114.4438,-8.1329],[114.4327,-8.1191],[114.434,-8.1172],[114.4358,-8.098],[114.4407,-8.0945],[114.4518,-8.0926],[114.4772,-8.0962],[114.4906,-8.0942],[114.4942,-8.096],[114.5014,-8.1038],[114.5053,-8.1109],[114.5115,-8.1162],[114.5232,-8.1339],[114.5235,-8.1384],[114.5173,-8.1447],[114.5197,-8.1455],[114.5178,-8.1499],[114.5193,-8.1527],[114.5236,-8.1548],[114.5285,-8.1531],[114.5408,-8.1408]]],[[[114.5182,-8.0928],[114.5267,-8.0924],[114.5284,-8.0952],[114.5239,-8.0986],[114.5176,-8.1002],[114.5028,-8.096],[114.5023,-8.0944],[114.5145,-8.0919],[114.5182,-8.0928]]]]}},{"type":"Feature","properties":{"GID_4":"IDN.2.3.4.12_1","GID_0":"IDN","COUNTRY":"Indonesia","GID_1":"IDN.2_1","NAME_1":"Bali","GID_2":"IDN.2.3_1","NAME_2":"Buleleng","GID_3":"IDN.2.3.4_1","NAME_3":"Gerokgak","NAME_4":"Sumberkima","VARNAME_4":"NA","TYPE_4":"Desa","ENGTYPE_4":"Village","CC_4":"5108010003"},"geometry":{"type":"MultiPolygon","coordinates":[[[[114.6479,-8.2152],[114.6459,-8.2198],[114.6394,-8.2182],[114.6331,-8.2141],[114.6282,-8.205],[114.6267,-8.199],[114.6206,-8.1904],[114.6193,-8.1845],[114.6137,-8.1844],[114.6049,-8.1784],[114.6005,-8.1664],[114.6011,-8.158],[114.598,-8.144],[114.5997,-8.1406],[114.5992,-8.1364],[114.6038,-8.1385],[114.6077,-8.1336],[114.6131,-8.1321],[114.6125,-8.1279],[114.6164,-8.1258],[114.6175,-8.1228],[114.6214,-8.1271],[114.6212,-8.1325],[114.6248,-8.1423],[114.619,-8.1582],[114.6233,-8.1717],[114.6236,-8.1764],[114.6221,-8.1793],[114.6241,-8.1795],[114.6244,-8.1819],[114.6301,-8.1873],[114.6342,-8.1892],[114.6373,-8.2073],[114.6435,-8.2139],[114.6479,-8.2152]]],[[[114.6202,-8.1189],[114.6201,-8.1186],[114.6206,-8.1185],[114.6206,-8.1187],[114.6202,-8.1189]]],[[[114.6101,-8.1228],[114.6097,-8.1223],[114.6098,-8.1217],[114.6103,-8.1223],[114.6101,-8.1228]]],[[[114.6208,-8.117],[114.619,-8.1158],[114.6172,-8.1149],[114.6201,-8.1158],[114.6208,-8.117]]],[[[114.6161,-8.115],[114.6162,-8.1146],[114.6166,-8.1146],[114.6164,-8.1152],[114.6161,-8.115]]]]}},{"type":"Feature","properties":{"GID_4":"IDN.2.3.4.13_1","GID_0":"IDN","COUNTRY":"Indonesia","GID_1":"IDN.2_1","NAME_1":"Bali","GID_2":"IDN.2.3_1","NAME_2":"Buleleng","GID_3":"IDN.2.3.4_1","NAME_3":"Gerokgak","NAME_4":"TingaTinga","VARNAME_4":"NA","TYPE_4":"Desa","ENGTYPE_4":"Village","CC_4":"5108010012"},"geometry":{"type":"MultiPolygon","coordinates":[[[[114.8335,-8.2004],[114.8551,-8.2009],[114.8493,-8.2102],[114.8507,-8.2169],[114.8462,-8.2283],[114.8488,-8.2369],[114.8442,-8.2538],[114.8443,-8.2585],[114.8497,-8.2637],[114.851,-8.2706],[114.8475,-8.2754],[114.8464,-8.28],[114.8484,-8.284],[114.8484,-8.289],[114.8417,-8.2928],[114.8402,-8.2955],[114.8356,-8.2962],[114.8296,-8.3006],[114.8285,-8.31],[114.8256,-8.3137],[114.8229,-8.3145],[114.8239,-8.3176],[114.8209,-8.3174],[114.8187,-8.3132],[114.8206,-8.3015],[114.8159,-8.2895],[114.8171,-8.2818],[114.8131,-8.2791],[114.8136,-8.2715],[114.8108,-8.2663],[114.8118,-8.2637],[114.816,-8.2643],[114.8165,-8.2562],[114.8211,-8.2519],[114.8246,-8.2433],[114.833,-8.2347],[114.8332,-8.2308],[114.8376,-8.2281],[114.8367,-8.2204],[114.8392,-8.2172],[114.8352,-8.2125],[114.8354,-8.2064],[114.8335,-8.2004]]]]}},{"type":"Feature","properties":{"GID_4":"IDN.2.3.4.14_1","GID_0":"IDN","COUNTRY":"Indonesia","GID_1":"IDN.2_1","NAME_1":"Bali","GID_2":"IDN.2.3_1","NAME_2":"Buleleng","GID_3":"IDN.2.3.4_1","NAME_3":"Gerokgak","NAME_4":"TukadSumaga","VARNAME_4":"NA","TYPE_4":"Desa","ENGTYPE_4":"Village","CC_4":"5108010014"},"geometry":{"type":"MultiPolygon","coordinates":[[[[114.8543,-8.2019],[114.8686,-8.2039],[114.8753,-8.2031],[114.8755,-8.2123],[114.8805,-8.2255],[114.8853,-8.2334],[114.8858,-8.2377],[114.8763,-8.2517],[114.8722,-8.2536],[114.8694,-8.2606],[114.8719,-8.2705],[114.8678,-8.2761],[114.8725,-8.2852],[114.8716,-8.2885],[114.8683,-8.2916],[114.862,-8.2933],[114.856,-8.2989],[114.8494,-8.3],[114.8366,-8.3077],[114.8239,-8.3176],[114.8229,-8.3145],[114.8257,-8.3135],[114.8293,-8.3078],[114.8296,-8.3006],[114.8356,-8.2962],[114.8402,-8.2955],[114.8417,-8.2928],[114.8485,-8.2887],[114.8464,-8.28],[114.8509,-8.2688],[114.8497,-8.2637],[114.8443,-8.2585],[114.8442,-8.2538],[114.8488,-8.2369],[114.8462,-8.2283],[114.8507,-8.2169],[114.8493,-8.2102],[114.8543,-8.2019]]]]}},{"type":"Feature","properties":{"GID_4":"IDN.2.3.5.1_1","GID_0":"IDN","COUNTRY":"Indonesia","GID_1":"IDN.2_1","NAME_1":"Bali","GID_2":"IDN.2.3_1","NAME_2":"Buleleng","GID_3":"IDN.2.3.5_1","NAME_3":"Kubutambahan","NAME_4":"Bengkala","VARNAME_4":"NA","TYPE_4":"Desa","ENGTYPE_4":"Village","CC_4":"5108080010"},"geometry":{"type":"MultiPolygon","coordinates":[[[[115.1737,-8.0901],[115.177,-8.0973],[115.1808,-8.1011],[115.1805,-8.1054],[115.1847,-8.1103],[115.1855,-8.1138],[115.1778,-8.118],[115.1725,-8.1136],[115.1714,-8.1141],[115.1711,-8.1126],[115.1687,-8.1138],[115.1684,-8.1077],[115.1638,-8.106],[115.1649,-8.0948],[115.1632,-8.0936],[115.1646,-8.093],[115.1644,-8.091],[115.1657,-8.0894],[115.1737,-8.0901]]]]}},{"type":"Feature","properties":{"GID_4":"IDN.2.3.5.2_1","GID_0":"IDN","COUNTRY":"Indonesia","GID_1":"IDN.2_1","NAME_1":"Bali","GID_2":"IDN.2.3_1","NAME_2":"Buleleng","GID_3":"IDN.2.3.5_1","NAME_3":"Kubutambahan","NAME_4":"Bila","VARNAME_4":"NA","TYPE_4":"Desa","ENGTYPE_4":"Village","CC_4":"5108080009"},"geometry":{"type":"MultiPolygon","coordinates":[[[[115.1778,-8.118],[115.1855,-8.1138],[115.1847,-8.1103],[115.1805,-8.1054],[115.1808,-8.1011],[115.1738,-8.0909],[115.1759,-8.0897],[115.1788,-8.0898],[115.1798,-8.0915],[115.1828,-8.1033],[115.1848,-8.1044],[115.1869,-8.1106],[115.1919,-8.113],[115.202,-8.1253],[115.1976,-8.1267],[115.1927,-8.1341],[115.1849,-8.1353],[115.182,-8.1334],[115.1832,-8.1323],[115.1812,-8.1296],[115.1815,-8.1243],[115.1782,-8.1212],[115.1778,-8.118]]]]}},{"type":"Feature","properties":{"GID_4":"IDN.2.3.5.3_1","GID_0":"IDN","COUNTRY":"Indonesia","GID_1":"IDN.2_1","NAME_1":"Bali","GID_2":"IDN.2.3_1","NAME_2":"Buleleng","GID_3":"IDN.2.3.5_1","NAME_3":"Kubutambahan","NAME_4":"Bontihing","VARNAME_4":"NA","TYPE_4":"Desa","ENGTYPE_4":"Village","CC_4":"5108080003"},"geometry":{"type":"MultiPolygon","coordinates":[[[[115.1825,-8.1342],[115.1899,-8.1363],[115.1944,-8.1398],[115.1988,-8.1393],[115.2001,-8.1377],[115.203,-8.1396],[115.2085,-8.1326],[115.218,-8.1356],[115.2224,-8.1344],[115.2289,-8.1384],[115.2295,-8.1466],[115.2218,-8.146],[115.2148,-8.1488],[115.2073,-8.1468],[115.1973,-8.1479],[115.19,-8.1441],[115.1825,-8.1342]]]]}},{"type":"Feature","properties":{"GID_4":"IDN.2.3.5.4_1","GID_0":"IDN","COUNTRY":"Indonesia","GID_1":"IDN.2_1","NAME_1":"Bali","GID_2":"IDN.2.3_1","NAME_2":"Buleleng","GID_3":"IDN.2.3.5_1","NAME_3":"Kubutambahan","NAME_4":"Bukti","VARNAME_4":"NA","TYPE_4":"Desa","ENGTYPE_4":"Village","CC_4":"5108080012"},"geometry":{"type":"MultiPolygon","coordinates":[[[[115.2143,-8.0765],[115.2354,-8.0833],[115.2443,-8.0832],[115.2532,-8.0859],[115.256,-8.0922],[115.2551,-8.0959],[115.2521,-8.099],[115.2408,-8.0955],[115.238,-8.0976],[115.2327,-8.0954],[115.2327,-8.1009],[115.2286,-8.0989],[115.2276,-8.0958],[115.2251,-8.0945],[115.2242,-8.0981],[115.222,-8.0978],[115.2206,-8.0952],[115.2181,-8.0986],[115.2152,-8.0993],[115.2138,-8.0968],[115.2162,-8.0897],[115.2131,-8.0899],[115.2118,-8.0866],[115.2077,-8.0861],[115.2143,-8.0765]]]]}},{"type":"Feature","properties":{"GID_4":"IDN.2.3.5.5_1","GID_0":"IDN","COUNTRY":"Indonesia","GID_1":"IDN.2_1","NAME_1":"Bali","GID_2":"IDN.2.3_1","NAME_2":"Buleleng","GID_3":"IDN.2.3.5_1","NAME_3":"Kubutambahan","NAME_4":"Bulian","VARNAME_4":"NA","TYPE_4":"Desa","ENGTYPE_4":"Village","CC_4":"5108080007"},"geometry":{"type":"MultiPolygon","coordinates":[[[[115.2013,-8.1229],[115.1962,-8.1192],[115.1919,-8.113],[115.1869,-8.1106],[115.1848,-8.1044],[115.1828,-8.1033],[115.1823,-8.0987],[115.1983,-8.0952],[115.2057,-8.0905],[115.2077,-8.0861],[115.2115,-8.0865],[115.2131,-8.0899],[115.2162,-8.0899],[115.2138,-8.0971],[115.2165,-8.0997],[115.2153,-8.1078],[115.2175,-8.1097],[115.2151,-8.1143],[115.2184,-8.1217],[115.2102,-8.1239],[115.2013,-8.1229]]]]}},{"type":"Feature","properties":{"GID_4":"IDN.2.3.5.6_1","GID_0":"IDN","COUNTRY":"Indonesia","GID_1":"IDN.2_1","NAME_1":"Bali","GID_2":"IDN.2.3_1","NAME_2":"Buleleng","GID_3":"IDN.2.3.5_1","NAME_3":"Kubutambahan","NAME_4":"Depeha","VARNAME_4":"NA","TYPE_4":"Desa","ENGTYPE_4":"Village","CC_4":"5108080006"},"geometry":{"type":"MultiPolygon","coordinates":[[[[115.2165,-8.0997],[115.2206,-8.0952],[115.222,-8.0978],[115.2242,-8.0981],[115.2242,-8.0949],[115.2256,-8.0946],[115.2286,-8.0989],[115.2325,-8.1005],[115.2348,-8.1043],[115.2346,-8.1094],[115.2411,-8.1195],[115.2436,-8.1298],[115.2369,-8.1331],[115.2308,-8.1262],[115.2226,-8.126],[115.2186,-8.1221],[115.2151,-8.1143],[115.2175,-8.1097],[115.2153,-8.1078],[115.2165,-8.0997]]]]}},{"type":"Feature","properties":{"GID_4":"IDN.2.3.5.7_1","GID_0":"IDN","COUNTRY":"Indonesia","GID_1":"IDN.2_1","NAME_1":"Bali","GID_2":"IDN.2.3_1","NAME_2":"Buleleng","GID_3":"IDN.2.3.5_1","NAME_3":"Kubutambahan","NAME_4":"Kubutambahan","VARNAME_4":"NA","TYPE_4":"Desa","ENGTYPE_4":"Village","CC_4":"5108080011"},"geometry":{"type":"MultiPolygon","coordinates":[[[[115.1823,-8.0987],[115.1788,-8.0898],[115.1738,-8.0901],[115.1738,-8.0879],[115.1659,-8.079],[115.1681,-8.076],[115.1683,-8.0696],[115.1726,-8.0673],[115.1733,-8.063],[115.1863,-8.062],[115.2023,-8.0724],[115.2143,-8.0765],[115.2078,-8.0853],[115.2062,-8.0899],[115.2026,-8.093],[115.1935,-8.0968],[115.1823,-8.0987]]]]}},{"type":"Feature","properties":{"GID_4":"IDN.2.3.5.8_1","GID_0":"IDN","COUNTRY":"Indonesia","GID_1":"IDN.2_1","NAME_1":"Bali","GID_2":"IDN.2.3_1","NAME_2":"Buleleng","GID_3":"IDN.2.3.5_1","NAME_3":"Kubutambahan","NAME_4":"Mengening","VARNAME_4":"NA","TYPE_4":"Desa","ENGTYPE_4":"Village","CC_4":"5108080013"},"geometry":{"type":"MultiPolygon","coordinates":[[[[115.2482,-8.1737],[115.246,-8.1718],[115.2444,-8.1754],[115.2353,-8.1613],[115.2355,-8.158],[115.2317,-8.1556],[115.2306,-8.1481],[115.2289,-8.1459],[115.2293,-8.1394],[115.2335,-8.133],[115.2343,-8.1381],[115.2362,-8.1373],[115.2382,-8.139],[115.2365,-8.1391],[115.2368,-8.1403],[115.2464,-8.1443],[115.2488,-8.1465],[115.2479,-8.1474],[115.2514,-8.149],[115.2518,-8.1539],[115.2469,-8.1532],[115.2502,-8.1555],[115.25,-8.1574],[115.2449,-8.1578],[115.2505,-8.1606],[115.2488,-8.1647],[115.2506,-8.1705],[115.2478,-8.1709],[115.2482,-8.1737]]]]}},{"type":"Feature","properties":{"GID_4":"IDN.2.3.5.9_1","GID_0":"IDN","COUNTRY":"Indonesia","GID_1":"IDN.2_1","NAME_1":"Bali","GID_2":"IDN.2.3_1","NAME_2":"Buleleng","GID_3":"IDN.2.3.5_1","NAME_3":"Kubutambahan","NAME_4":"Pakisan","VARNAME_4":"NA","TYPE_4":"Desa","ENGTYPE_4":"Village","CC_4":"5108080002"},"geometry":{"type":"MultiPolygon","coordinates":[[[[115.1927,-8.1458],[115.1978,-8.148],[115.2073,-8.1468],[115.2148,-8.1488],[115.2218,-8.146],[115.2295,-8.1466],[115.2317,-8.1556],[115.2355,-8.158],[115.2353,-8.1613],[115.2406,-8.1702],[115.2402,-8.1753],[115.2387,-8.1757],[115.2363,-8.1839],[115.2373,-8.1853],[115.2318,-8.1979],[115.233,-8.2037],[115.2237,-8.2129],[115.2139,-8.2175],[115.2098,-8.2175],[115.2181,-8.2066],[115.2194,-8.1996],[115.2184,-8.1942],[115.2233,-8.185],[115.2236,-8.1776],[115.213,-8.1706],[115.21,-8.1651],[115.2098,-8.1607],[115.2071,-8.1574],[115.1941,-8.1514],[115.1927,-8.1458]]]]}},{"type":"Feature","properties":{"GID_4":"IDN.2.3.5.10_1","GID_0":"IDN","COUNTRY":"Indonesia","GID_1":"IDN.2_1","NAME_1":"Bali","GID_2":"IDN.2.3_1","NAME_2":"Buleleng","GID_3":"IDN.2.3.5_1","NAME_3":"Kubutambahan","NAME_4":"Tajun","VARNAME_4":"NA","TYPE_4":"Desa","ENGTYPE_4":"Village","CC_4":"5108080004"},"geometry":{"type":"MultiPolygon","coordinates":[[[[115.2549,-8.1786],[115.2482,-8.1737],[115.2478,-8.1709],[115.2506,-8.1705],[115.2488,-8.1647],[115.2505,-8.1606],[115.2449,-8.1578],[115.25,-8.1574],[115.2502,-8.1555],[115.2469,-8.1532],[115.2518,-8.1539],[115.2514,-8.149],[115.2479,-8.1474],[115.2488,-8.1465],[115.2464,-8.1443],[115.2368,-8.1403],[115.2365,-8.1391],[115.2382,-8.139],[115.2362,-8.1373],[115.2343,-8.1381],[115.2335,-8.133],[115.2314,-8.1351],[115.2333,-8.132],[115.2382,-8.1331],[115.2436,-8.1298],[115.2466,-8.133],[115.2504,-8.1328],[115.2575,-8.1224],[115.2625,-8.1266],[115.2594,-8.1299],[115.2571,-8.1387],[115.2612,-8.1405],[115.2636,-8.1442],[115.2655,-8.1507],[115.2644,-8.154],[115.2667,-8.1604],[115.2662,-8.1651],[115.2549,-8.1786]]]]}},{"type":"Feature","properties":{"GID_4":"IDN.2.3.5.11_1","GID_0":"IDN","COUNTRY":"Indonesia","GID_1":"IDN.2_1","NAME_1":"Bali","GID_2":"IDN.2.3_1","NAME_2":"Buleleng","GID_3":"IDN.2.3.5_1","NAME_3":"Kubutambahan","NAME_4":"Tambakan","VARNAME_4":"NA","TYPE_4":"Desa","ENGTYPE_4":"Village","CC_4":"5108080001"},"geometry":{"type":"MultiPolygon","coordinates":[[[[115.2326,-8.2419],[115.2298,-8.2439],[115.2248,-8.2426],[115.2182,-8.2462],[115.2083,-8.2478],[115.1971,-8.2451],[115.1842,-8.2449],[115.1921,-8.2334],[115.197,-8.2306],[115.2046,-8.2217],[115.2098,-8.2175],[115.2193,-8.2156],[115.2329,-8.2039],[115.2318,-8.1979],[115.2373,-8.1853],[115.2363,-8.1839],[115.2387,-8.1757],[115.2402,-8.1753],[115.2406,-8.1702],[115.245,-8.1766],[115.2447,-8.1825],[115.2424,-8.1876],[115.2452,-8.1949],[115.2451,-8.1993],[115.2372,-8.2329],[115.2324,-8.2395],[115.2326,-8.2419]]]]}},{"type":"Feature","properties":{"GID_4":"IDN.2.3.5.12_1","GID_0":"IDN","COUNTRY":"Indonesia","GID_1":"IDN.2_1","NAME_1":"Bali","GID_2":"IDN.2.3_1","NAME_2":"Buleleng","GID_3":"IDN.2.3.5_1","NAME_3":"Kubutambahan","NAME_4":"Tamblang","VARNAME_4":"NA","TYPE_4":"Desa","ENGTYPE_4":"Village","CC_4":"5108080008"},"geometry":{"type":"MultiPolygon","coordinates":[[[[115.1881,-8.1356],[115.1933,-8.1336],[115.1976,-8.1267],[115.2017,-8.1257],[115.2022,-8.1226],[115.2102,-8.1239],[115.2184,-8.1217],[115.2226,-8.126],[115.2308,-8.1262],[115.2361,-8.1327],[115.2327,-8.1326],[115.2293,-8.1394],[115.224,-8.1349],[115.218,-8.1356],[115.2096,-8.1325],[115.2077,-8.1329],[115.2058,-8.1376],[115.203,-8.1396],[115.2001,-8.1377],[115.1988,-8.1393],[115.1941,-8.1397],[115.1881,-8.1356]]]]}},{"type":"Feature","properties":{"GID_4":"IDN.2.3.5.13_1","GID_0":"IDN","COUNTRY":"Indonesia","GID_1":"IDN.2_1","NAME_1":"Bali","GID_2":"IDN.2.3_1","NAME_2":"Buleleng","GID_3":"IDN.2.3.5_1","NAME_3":"Kubutambahan","NAME_4":"Tunjung","VARNAME_4":"NA","TYPE_4":"Desa","ENGTYPE_4":"Village","CC_4":"5108080005"},"geometry":{"type":"MultiPolygon","coordinates":[[[[115.2327,-8.1009],[115.2327,-8.0954],[115.238,-8.0976],[115.2408,-8.0955],[115.2521,-8.099],[115.2521,-8.1022],[115.2551,-8.1071],[115.2539,-8.1131],[115.2575,-8.1224],[115.2504,-8.1328],[115.2466,-8.133],[115.2436,-8.1298],[115.2411,-8.1195],[115.2346,-8.1094],[115.2348,-8.1043],[115.2327,-8.1009]]]]}},{"type":"Feature","properties":{"GID_4":"IDN.2.3.6.1_1","GID_0":"IDN","COUNTRY":"Indonesia","GID_1":"IDN.2_1","NAME_1":"Bali","GID_2":"IDN.2.3_1","NAME_2":"Buleleng","GID_3":"IDN.2.3.6_1","NAME_3":"Sawan","NAME_4":"Bebetin","VARNAME_4":"NA","TYPE_4":"Desa","ENGTYPE_4":"Village","CC_4":"5108070004"},"geometry":{"type":"MultiPolygon","coordinates":[[[[115.1833,-8.1366],[115.1848,-8.1363],[115.1859,-8.1402],[115.1926,-8.1455],[115.1941,-8.1514],[115.208,-8.1583],[115.213,-8.1706],[115.2232,-8.1768],[115.2233,-8.185],[115.2188,-8.1934],[115.2151,-8.1921],[115.2123,-8.1881],[115.2068,-8.1859],[115.2014,-8.1763],[115.2011,-8.1701],[115.1917,-8.1568],[115.1843,-8.1582],[115.1811,-8.1572],[115.1794,-8.1597],[115.169,-8.1511],[115.1685,-8.1465],[115.1806,-8.1451],[115.1837,-8.1423],[115.1833,-8.1366]]]]}},{"type":"Feature","properties":{"GID_4":"IDN.2.3.6.2_1","GID_0":"IDN","COUNTRY":"Indonesia","GID_1":"IDN.2_1","NAME_1":"Bali","GID_2":"IDN.2.3_1","NAME_2":"Buleleng","GID_3":"IDN.2.3.6_1","NAME_3":"Sawan","NAME_4":"Bungkulan","VARNAME_4":"NA","TYPE_4":"Desa","ENGTYPE_4":"Village","CC_4":"5108070013"},"geometry":{"type":"MultiPolygon","coordinates":[[[[115.1737,-8.0901],[115.1657,-8.0894],[115.1632,-8.0936],[115.1649,-8.0948],[115.1643,-8.0974],[115.1556,-8.0997],[115.149,-8.0902],[115.1442,-8.0873],[115.1443,-8.083],[115.141,-8.0788],[115.1404,-8.0731],[115.1565,-8.0649],[115.1733,-8.063],[115.1726,-8.0673],[115.1683,-8.0696],[115.1681,-8.076],[115.1657,-8.0778],[115.1738,-8.0879],[115.1737,-8.0901]]]]}},{"type":"Feature","properties":{"GID_4":"IDN.2.3.6.3_1","GID_0":"IDN","COUNTRY":"Indonesia","GID_1":"IDN.2_1","NAME_1":"Bali","GID_2":"IDN.2.3_1","NAME_2":"Buleleng","GID_3":"IDN.2.3.6_1","NAME_3":"Sawan","NAME_4":"Galungan","VARNAME_4":"NA","TYPE_4":"Desa","ENGTYPE_4":"Village","CC_4":"5108070002"},"geometry":{"type":"MultiPolygon","coordinates":[[[[115.2188,-8.1934],[115.2188,-8.204],[115.2134,-8.1985],[115.2027,-8.1934],[115.1959,-8.1882],[115.1951,-8.1858],[115.187,-8.1789],[115.1883,-8.1733],[115.1921,-8.1707],[115.198,-8.173],[115.2034,-8.179],[115.2068,-8.1859],[115.2123,-8.1881],[115.2151,-8.1921],[115.2188,-8.1934]]]]}},{"type":"Feature","properties":{"GID_4":"IDN.2.3.6.4_1","GID_0":"IDN","COUNTRY":"Indonesia","GID_1":"IDN.2_1","NAME_1":"Bali","GID_2":"IDN.2.3_1","NAME_2":"Buleleng","GID_3":"IDN.2.3.6_1","NAME_3":"Sawan","NAME_4":"GiriEmas","VARNAME_4":"NA","TYPE_4":"Desa","ENGTYPE_4":"Village","CC_4":"5108070014"},"geometry":{"type":"MultiPolygon","coordinates":[[[[115.1404,-8.0731],[115.141,-8.0788],[115.1443,-8.083],[115.1442,-8.0873],[115.149,-8.0902],[115.1556,-8.0997],[115.1474,-8.0999],[115.1477,-8.098],[115.1447,-8.0963],[115.1426,-8.0897],[115.1359,-8.083],[115.1337,-8.0772],[115.1404,-8.0731]]]]}},{"type":"Feature","properties":{"GID_4":"IDN.2.3.6.5_1","GID_0":"IDN","COUNTRY":"Indonesia","GID_1":"IDN.2_1","NAME_1":"Bali","GID_2":"IDN.2.3_1","NAME_2":"Buleleng","GID_3":"IDN.2.3.6_1","NAME_3":"Sawan","NAME_4":"Jagaraga","VARNAME_4":"NA","TYPE_4":"Desa","ENGTYPE_4":"Village","CC_4":"5108070009"},"geometry":{"type":"MultiPolygon","coordinates":[[[[115.1643,-8.0974],[115.1638,-8.106],[115.1684,-8.1077],[115.1686,-8.1137],[115.1709,-8.1125],[115.1736,-8.1151],[115.1659,-8.1185],[115.1575,-8.1178],[115.1527,-8.1137],[115.1503,-8.1083],[115.1512,-8.1073],[115.1478,-8.1025],[115.1493,-8.1005],[115.1643,-8.0974]]]]}},{"type":"Feature","properties":{"GID_4":"IDN.2.3.6.6_1","GID_0":"IDN","COUNTRY":"Indonesia","GID_1":"IDN.2_1","NAME_1":"Bali","GID_2":"IDN.2.3_1","NAME_2":"Buleleng","GID_3":"IDN.2.3.6_1","NAME_3":"Sawan","NAME_4":"Kerobokan","VARNAME_4":"NA","TYPE_4":"Desa","ENGTYPE_4":"Village","CC_4":"5108070011"},"geometry":{"type":"MultiPolygon","coordinates":[[[[115.1226,-8.1035],[115.1205,-8.0999],[115.1202,-8.0928],[115.1167,-8.0873],[115.1172,-8.0815],[115.1208,-8.0819],[115.1226,-8.0892],[115.1291,-8.0894],[115.133,-8.099],[115.1226,-8.1035]]]]}},{"type":"Feature","properties":{"GID_4":"IDN.2.3.6.7_1","GID_0":"IDN","COUNTRY":"Indonesia","GID_1":"IDN.2_1","NAME_1":"Bali","GID_2":"IDN.2.3_1","NAME_2":"Buleleng","GID_3":"IDN.2.3.6_1","NAME_3":"Sawan","NAME_4":"Lemukih","VARNAME_4":"NA","TYPE_4":"Desa","ENGTYPE_4":"Village","CC_4":"5108070001"},"geometry":{"type":"MultiPolygon","coordinates":[[[[115.1842,-8.2449],[115.1741,-8.2389],[115.1647,-8.223],[115.1699,-8.2153],[115.1707,-8.2045],[115.174,-8.1966],[115.1825,-8.1839],[115.1813,-8.1779],[115.1838,-8.1774],[115.1888,-8.1795],[115.1959,-8.1882],[115.2027,-8.1934],[115.2134,-8.1985],[115.2188,-8.204],[115.2118,-8.2154],[115.197,-8.2306],[115.1921,-8.2334],[115.1842,-8.2449]]]]}},{"type":"Feature","properties":{"GID_4":"IDN.2.3.6.8_1","GID_0":"IDN","COUNTRY":"Indonesia","GID_1":"IDN.2_1","NAME_1":"Bali","GID_2":"IDN.2.3_1","NAME_2":"Buleleng","GID_3":"IDN.2.3.6_1","NAME_3":"Sawan","NAME_4":"Menyali","VARNAME_4":"NA","TYPE_4":"Desa","ENGTYPE_4":"Village","CC_4":"5108070007"},"geometry":{"type":"MultiPolygon","coordinates":[[[[115.1736,-8.1151],[115.1778,-8.118],[115.1782,-8.1212],[115.1815,-8.1243],[115.1818,-8.1281],[115.1781,-8.1273],[115.1738,-8.1291],[115.1734,-8.1337],[115.1714,-8.1362],[115.1633,-8.1346],[115.1636,-8.1277],[115.1575,-8.1178],[115.1659,-8.1185],[115.1736,-8.1151]]]]}},{"type":"Feature","properties":{"GID_4":"IDN.2.3.6.9_1","GID_0":"IDN","COUNTRY":"Indonesia","GID_1":"IDN.2_1","NAME_1":"Bali","GID_2":"IDN.2.3_1","NAME_2":"Buleleng","GID_3":"IDN.2.3.6_1","NAME_3":"Sawan","NAME_4":"Sangsit","VARNAME_4":"NA","TYPE_4":"Desa","ENGTYPE_4":"Village","CC_4":"5108070012"},"geometry":{"type":"MultiPolygon","coordinates":[[[[115.1337,-8.0772],[115.1359,-8.083],[115.1426,-8.0897],[115.1447,-8.0963],[115.1477,-8.098],[115.148,-8.1031],[115.1512,-8.1074],[115.1486,-8.1096],[115.146,-8.1101],[115.1381,-8.0989],[115.133,-8.0995],[115.1284,-8.0888],[115.125,-8.0898],[115.1218,-8.0885],[115.1208,-8.0819],[115.1337,-8.0772]]]]}},{"type":"Feature","properties":{"GID_4":"IDN.2.3.6.10_1","GID_0":"IDN","COUNTRY":"Indonesia","GID_1":"IDN.2_1","NAME_1":"Bali","GID_2":"IDN.2.3_1","NAME_2":"Buleleng","GID_3":"IDN.2.3.6_1","NAME_3":"Sawan","NAME_4":"Sawan","VARNAME_4":"NA","TYPE_4":"Desa","ENGTYPE_4":"Village","CC_4":"5108070006"},"geometry":{"type":"MultiPolygon","coordinates":[[[[115.1818,-8.1281],[115.1837,-8.1423],[115.1806,-8.1451],[115.1679,-8.1462],[115.1639,-8.1396],[115.1633,-8.1346],[115.1714,-8.1362],[115.1734,-8.1337],[115.1738,-8.1291],[115.1781,-8.1273],[115.1818,-8.1281]]]]}},{"type":"Feature","properties":{"GID_4":"IDN.2.3.6.11_1","GID_0":"IDN","COUNTRY":"Indonesia","GID_1":"IDN.2_1","NAME_1":"Bali","GID_2":"IDN.2.3_1","NAME_2":"Buleleng","GID_3":"IDN.2.3.6_1","NAME_3":"Sawan","NAME_4":"Sekumpul","VARNAME_4":"NA","TYPE_4":"Desa","ENGTYPE_4":"Village","CC_4":"5108070003"},"geometry":{"type":"MultiPolygon","coordinates":[[[[115.1794,-8.1597],[115.1811,-8.1572],[115.1843,-8.1582],[115.1917,-8.1568],[115.2013,-8.1705],[115.2014,-8.1763],[115.198,-8.173],[115.1921,-8.1707],[115.1854,-8.1756],[115.1784,-8.167],[115.1805,-8.1615],[115.1794,-8.1597]]]]}},{"type":"Feature","properties":{"GID_4":"IDN.2.3.6.12_1","GID_0":"IDN","COUNTRY":"Indonesia","GID_1":"IDN.2_1","NAME_1":"Bali","GID_2":"IDN.2.3_1","NAME_2":"Buleleng","GID_3":"IDN.2.3.6_1","NAME_3":"Sawan","NAME_4":"Sinabun","VARNAME_4":"NA","TYPE_4":"Desa","ENGTYPE_4":"Village","CC_4":"5108070010"},"geometry":{"type":"MultiPolygon","coordinates":[[[[115.1358,-8.1164],[115.1274,-8.1139],[115.1247,-8.1059],[115.1225,-8.1051],[115.1233,-8.1025],[115.1378,-8.0989],[115.1408,-8.1015],[115.1458,-8.1106],[115.1401,-8.1123],[115.1358,-8.1164]]]]}},{"type":"Feature","properties":{"GID_4":"IDN.2.3.6.13_1","GID_0":"IDN","COUNTRY":"Indonesia","GID_1":"IDN.2_1","NAME_1":"Bali","GID_2":"IDN.2.3_1","NAME_2":"Buleleng","GID_3":"IDN.2.3.6_1","NAME_3":"Sawan","NAME_4":"Sudaji","VARNAME_4":"NA","TYPE_4":"Desa","ENGTYPE_4":"Village","CC_4":"5108070005"},"geometry":{"type":"MultiPolygon","coordinates":[[[[115.1564,-8.1618],[115.1572,-8.154],[115.1546,-8.1481],[115.1553,-8.1438],[115.1525,-8.1437],[115.1509,-8.1405],[115.1522,-8.1405],[115.1515,-8.1387],[115.153,-8.1367],[115.1581,-8.1333],[115.162,-8.125],[115.1637,-8.1282],[115.1633,-8.138],[115.1686,-8.1466],[115.169,-8.1511],[115.1803,-8.1605],[115.1784,-8.1669],[115.1814,-8.1715],[115.186,-8.1759],[115.1878,-8.1747],[115.187,-8.1789],[115.1813,-8.1779],[115.1825,-8.1839],[115.1797,-8.1881],[115.173,-8.1855],[115.1673,-8.1744],[115.1596,-8.1673],[115.1592,-8.1649],[115.1559,-8.1636],[115.1564,-8.1618]]]]}},{"type":"Feature","properties":{"GID_4":"IDN.2.3.6.14_1","GID_0":"IDN","COUNTRY":"Indonesia","GID_1":"IDN.2_1","NAME_1":"Bali","GID_2":"IDN.2.3_1","NAME_2":"Buleleng","GID_3":"IDN.2.3.6_1","NAME_3":"Sawan","NAME_4":"Suwug","VARNAME_4":"NA","TYPE_4":"Desa","ENGTYPE_4":"Village","CC_4":"5108070008"},"geometry":{"type":"MultiPolygon","coordinates":[[[[115.1397,-8.125],[115.1359,-8.116],[115.1405,-8.1121],[115.1503,-8.1083],[115.1527,-8.1137],[115.1611,-8.1222],[115.162,-8.125],[115.1581,-8.1333],[115.1515,-8.1387],[115.1502,-8.1331],[115.1482,-8.134],[115.146,-8.1292],[115.1397,-8.125]]]]}},{"type":"Feature","properties":{"GID_4":"IDN.2.3.7.1_1","GID_0":"IDN","COUNTRY":"Indonesia","GID_1":"IDN.2_1","NAME_1":"Bali","GID_2":"IDN.2.3_1","NAME_2":"Buleleng","GID_3":"IDN.2.3.7_1","NAME_3":"Seririt","NAME_4":"BanjarAsem","VARNAME_4":"NA","TYPE_4":"Desa","ENGTYPE_4":"Village","CC_4":"5108020019"},"geometry":{"type":"MultiPolygon","coordinates":[[[[114.8919,-8.1888],[114.901,-8.1885],[114.9044,-8.1866],[114.9064,-8.194],[114.9102,-8.1957],[114.9114,-8.1983],[114.9073,-8.1982],[114.9073,-8.2001],[114.9039,-8.1992],[114.9041,-8.2014],[114.8979,-8.2004],[114.8983,-8.207],[114.8953,-8.2082],[114.8953,-8.205],[114.8935,-8.2078],[114.8936,-8.2114],[114.8809,-8.2082],[114.8794,-8.2053],[114.8862,-8.2002],[114.8895,-8.2008],[114.8929,-8.1987],[114.8949,-8.1945],[114.8919,-8.1917],[114.8919,-8.1888]]]]}},{"type":"Feature","properties":{"GID_4":"IDN.2.3.7.2_1","GID_0":"IDN","COUNTRY":"Indonesia","GID_1":"IDN.2_1","NAME_1":"Bali","GID_2":"IDN.2.3_1","NAME_2":"Buleleng","GID_3":"IDN.2.3.7_1","NAME_3":"Seririt","NAME_4":"Bestala","VARNAME_4":"NA","TYPE_4":"Desa","ENGTYPE_4":"Village","CC_4":"5108020004"},"geometry":{"type":"MultiPolygon","coordinates":[[[[114.9687,-8.2372],[114.9705,-8.2388],[114.9741,-8.2388],[114.9753,-8.2413],[114.986,-8.248],[114.9863,-8.2504],[114.9839,-8.2527],[114.9794,-8.2522],[114.9766,-8.2553],[114.9747,-8.2545],[114.9743,-8.2525],[114.9694,-8.2494],[114.9676,-8.243],[114.9645,-8.2431],[114.9651,-8.2386],[114.9687,-8.2372]]]]}},{"type":"Feature","properties":{"GID_4":"IDN.2.3.7.3_1","GID_0":"IDN","COUNTRY":"Indonesia","GID_1":"IDN.2_1","NAME_1":"Bali","GID_2":"IDN.2.3_1","NAME_2":"Buleleng","GID_3":"IDN.2.3.7_1","NAME_3":"Seririt","NAME_4":"Bubunan","VARNAME_4":"NA","TYPE_4":"Desa","ENGTYPE_4":"Village","CC_4":"5108020013"},"geometry":{"type":"MultiPolygon","coordinates":[[[[114.9422,-8.2044],[114.9438,-8.2137],[114.9454,-8.2175],[114.9369,-8.2119],[114.9327,-8.1984],[114.9343,-8.1955],[114.9375,-8.1955],[114.9372,-8.1975],[114.9405,-8.2001],[114.9422,-8.2044]]]]}},{"type":"Feature","properties":{"GID_4":"IDN.2.3.7.4_1","GID_0":"IDN","COUNTRY":"Indonesia","GID_1":"IDN.2_1","NAME_1":"Bali","GID_2":"IDN.2.3_1","NAME_2":"Buleleng","GID_3":"IDN.2.3.7_1","NAME_3":"Seririt","NAME_4":"Gunungsari","VARNAME_4":"NA","TYPE_4":"Desa","ENGTYPE_4":"Village","CC_4":"5108020002"},"geometry":{"type":"MultiPolygon","coordinates":[[[[115.0116,-8.2606],[115.0064,-8.2624],[115.0052,-8.2651],[114.9952,-8.2631],[114.987,-8.2574],[114.9809,-8.2578],[114.9768,-8.2552],[114.9794,-8.2522],[114.9839,-8.2527],[114.9863,-8.2504],[114.9981,-8.2542],[115.0016,-8.2523],[115.0112,-8.2567],[115.0132,-8.2603],[115.0116,-8.2606]]]]}},{"type":"Feature","properties":{"GID_4":"IDN.2.3.7.5_1","GID_0":"IDN","COUNTRY":"Indonesia","GID_1":"IDN.2_1","NAME_1":"Bali","GID_2":"IDN.2.3_1","NAME_2":"Buleleng","GID_3":"IDN.2.3.7_1","NAME_3":"Seririt","NAME_4":"Joanyar","VARNAME_4":"NA","TYPE_4":"Desa","ENGTYPE_4":"Village","CC_4":"5108020009"},"geometry":{"type":"MultiPolygon","coordinates":[[[[114.9583,-8.2067],[114.9593,-8.2103],[114.9527,-8.2177],[114.953,-8.2293],[114.9482,-8.2284],[114.9438,-8.2137],[114.9426,-8.2029],[114.9436,-8.202],[114.9464,-8.2042],[114.9523,-8.1984],[114.9559,-8.1988],[114.9565,-8.2064],[114.9583,-8.2067]]]]}},{"type":"Feature","properties":{"GID_4":"IDN.2.3.7.6_1","GID_0":"IDN","COUNTRY":"Indonesia","GID_1":"IDN.2_1","NAME_1":"Bali","GID_2":"IDN.2.3_1","NAME_2":"Buleleng","GID_3":"IDN.2.3.7_1","NAME_3":"Seririt","NAME_4":"Kalianget","VARNAME_4":"NA","TYPE_4":"Desa","ENGTYPE_4":"Village","CC_4":"5108020010"},"geometry":{"type":"MultiPolygon","coordinates":[[[[114.9615,-8.1828],[114.9588,-8.1853],[114.9617,-8.1867],[114.961,-8.1881],[114.9649,-8.1953],[114.9583,-8.2067],[114.9566,-8.2067],[114.9564,-8.199],[114.954,-8.1988],[114.9557,-8.1963],[114.955,-8.1853],[114.956,-8.1823],[114.9615,-8.1828]]]]}},{"type":"Feature","properties":{"GID_4":"IDN.2.3.7.7_1","GID_0":"IDN","COUNTRY":"Indonesia","GID_1":"IDN.2_1","NAME_1":"Bali","GID_2":"IDN.2.3_1","NAME_2":"Buleleng","GID_3":"IDN.2.3.7_1","NAME_3":"Seririt","NAME_4":"Kalisada","VARNAME_4":"NA","TYPE_4":"Desa","ENGTYPE_4":"Village","CC_4":"5108020020"},"geometry":{"type":"MultiPolygon","coordinates":[[[[114.8717,-8.2039],[114.8707,-8.196],[114.8785,-8.1947],[114.8919,-8.1888],[114.8919,-8.1917],[114.8949,-8.1945],[114.8929,-8.1987],[114.8895,-8.2008],[114.8862,-8.2002],[114.8794,-8.2053],[114.8754,-8.2056],[114.8746,-8.2026],[114.8717,-8.2039]]]]}},{"type":"Feature","properties":{"GID_4":"IDN.2.3.7.8_1","GID_0":"IDN","COUNTRY":"Indonesia","GID_1":"IDN.2_1","NAME_1":"Bali","GID_2":"IDN.2.3_1","NAME_2":"Buleleng","GID_3":"IDN.2.3.7_1","NAME_3":"Seririt","NAME_4":"Lokapaksa","VARNAME_4":"NA","TYPE_4":"Desa","ENGTYPE_4":"Village","CC_4":"5108020017"},"geometry":{"type":"MultiPolygon","coordinates":[[[[114.9149,-8.1842],[114.9283,-8.1814],[114.9277,-8.1852],[114.9241,-8.1878],[114.9264,-8.1901],[114.9263,-8.2007],[114.9229,-8.205],[114.932,-8.2137],[114.9307,-8.2177],[114.933,-8.2196],[114.9316,-8.2254],[114.9198,-8.2355],[114.9086,-8.2321],[114.9047,-8.2237],[114.9098,-8.2176],[114.9124,-8.2085],[114.9112,-8.203],[114.9182,-8.2024],[114.9181,-8.1924],[114.9149,-8.1842]]]]}},{"type":"Feature","properties":{"GID_4":"IDN.2.3.7.9_1","GID_0":"IDN","COUNTRY":"Indonesia","GID_1":"IDN.2_1","NAME_1":"Bali","GID_2":"IDN.2.3_1","NAME_2":"Buleleng","GID_3":"IDN.2.3.7_1","NAME_3":"Seririt","NAME_4":"Mayong","VARNAME_4":"NA","TYPE_4":"Desa","ENGTYPE_4":"Village","CC_4":"5108020005"},"geometry":{"type":"MultiPolygon","coordinates":[[[[114.9531,-8.2191],[114.9566,-8.2208],[114.9642,-8.2319],[114.9681,-8.2349],[114.9687,-8.2372],[114.9651,-8.2386],[114.9642,-8.2417],[114.9646,-8.2432],[114.9677,-8.2431],[114.9692,-8.2482],[114.9681,-8.2487],[114.9648,-8.2474],[114.9636,-8.2484],[114.9604,-8.2462],[114.9593,-8.2471],[114.9567,-8.2451],[114.9561,-8.2433],[114.9579,-8.2412],[114.9571,-8.2361],[114.9519,-8.2302],[114.9531,-8.2289],[114.952,-8.2262],[114.9531,-8.2191]]]]}},{"type":"Feature","properties":{"GID_4":"IDN.2.3.7.10_1","GID_0":"IDN","COUNTRY":"Indonesia","GID_1":"IDN.2_1","NAME_1":"Bali","GID_2":"IDN.2.3_1","NAME_2":"Buleleng","GID_3":"IDN.2.3.7_1","NAME_3":"Seririt","NAME_4":"MundukBestala","VARNAME_4":"NA","TYPE_4":"Desa","ENGTYPE_4":"Village","CC_4":"5108020003"},"geometry":{"type":"MultiPolygon","coordinates":[[[[114.9766,-8.2418],[114.9785,-8.2359],[114.9823,-8.2357],[114.9897,-8.2419],[114.994,-8.2428],[114.9987,-8.2466],[114.9996,-8.2532],[114.9981,-8.2542],[114.9879,-8.2516],[114.986,-8.248],[114.9766,-8.2418]]]]}},{"type":"Feature","properties":{"GID_4":"IDN.2.3.7.11_1","GID_0":"IDN","COUNTRY":"Indonesia","GID_1":"IDN.2_1","NAME_1":"Bali","GID_2":"IDN.2.3_1","NAME_2":"Buleleng","GID_3":"IDN.2.3.7_1","NAME_3":"Seririt","NAME_4":"Pangkungparuk","VARNAME_4":"NA","TYPE_4":"Desa","ENGTYPE_4":"Village","CC_4":"5108020021"},"geometry":{"type":"MultiPolygon","coordinates":[[[[114.8918,-8.2931],[114.8773,-8.3022],[114.8688,-8.3122],[114.8604,-8.3185],[114.8573,-8.3239],[114.8526,-8.3273],[114.8519,-8.3337],[114.8479,-8.3373],[114.8426,-8.3352],[114.8389,-8.3378],[114.8309,-8.3341],[114.8241,-8.3329],[114.8222,-8.325],[114.8253,-8.3161],[114.8372,-8.3073],[114.8494,-8.3],[114.856,-8.2989],[114.862,-8.2933],[114.8683,-8.2916],[114.8722,-8.2877],[114.8722,-8.2845],[114.8679,-8.2769],[114.8719,-8.2705],[114.8694,-8.2606],[114.8722,-8.2536],[114.8763,-8.2517],[114.8858,-8.2377],[114.8853,-8.2334],[114.8805,-8.2255],[114.8755,-8.2123],[114.8766,-8.2046],[114.8794,-8.2053],[114.8809,-8.2082],[114.8936,-8.2114],[114.8935,-8.2078],[114.8956,-8.2049],[114.8952,-8.2081],[114.897,-8.207],[114.9036,-8.213],[114.9049,-8.2251],[114.9074,-8.2307],[114.9124,-8.2342],[114.9204,-8.2359],[114.9145,-8.2504],[114.907,-8.2581],[114.9065,-8.2622],[114.9044,-8.2647],[114.9039,-8.2721],[114.9011,-8.2786],[114.9025,-8.2834],[114.8933,-8.2823],[114.8892,-8.2846],[114.8918,-8.2931]]]]}},{"type":"Feature","properties":{"GID_4":"IDN.2.3.7.12_1","GID_0":"IDN","COUNTRY":"Indonesia","GID_1":"IDN.2_1","NAME_1":"Bali","GID_2":"IDN.2.3_1","NAME_2":"Buleleng","GID_3":"IDN.2.3.7_1","NAME_3":"Seririt","NAME_4":"Patemon","VARNAME_4":"NA","TYPE_4":"Desa","ENGTYPE_4":"Village","CC_4":"5108020016"},"geometry":{"type":"MultiPolygon","coordinates":[[[[114.9327,-8.1984],[114.9369,-8.2119],[114.9408,-8.2156],[114.9339,-8.2204],[114.9307,-8.2177],[114.9319,-8.2136],[114.9229,-8.205],[114.9293,-8.1966],[114.9327,-8.1984]]]]}},{"type":"Feature","properties":{"GID_4":"IDN.2.3.7.13_1","GID_0":"IDN","COUNTRY":"Indonesia","GID_1":"IDN.2_1","NAME_1":"Bali","GID_2":"IDN.2.3_1","NAME_2":"Buleleng","GID_3":"IDN.2.3.7_1","NAME_3":"Seririt","NAME_4":"Pengastulan","VARNAME_4":"NA","TYPE_4":"Desa","ENGTYPE_4":"Village","CC_4":"5108020015"},"geometry":{"type":"MultiPolygon","coordinates":[[[[114.9264,-8.1905],[114.9241,-8.1878],[114.9281,-8.1844],[114.9277,-8.1811],[114.9359,-8.1834],[114.9356,-8.1879],[114.9264,-8.1905]]]]}},{"type":"Feature","properties":{"GID_4":"IDN.2.3.7.14_1","GID_0":"IDN","COUNTRY":"Indonesia","GID_1":"IDN.2_1","NAME_1":"Bali","GID_2":"IDN.2.3_1","NAME_2":"Buleleng","GID_3":"IDN.2.3.7_1","NAME_3":"Seririt","NAME_4":"Rangdu","VARNAME_4":"NA","TYPE_4":"Desa","ENGTYPE_4":"Village","CC_4":"5108020006"},"geometry":{"type":"MultiPolygon","coordinates":[[[[114.9565,-8.2428],[114.9552,-8.242],[114.9538,-8.2434],[114.9513,-8.241],[114.9513,-8.2372],[114.9488,-8.2366],[114.9462,-8.2321],[114.9476,-8.2287],[114.953,-8.2293],[114.9521,-8.2307],[114.9572,-8.2363],[114.9579,-8.2412],[114.9565,-8.2428]]]]}},{"type":"Feature","properties":{"GID_4":"IDN.2.3.7.15_1","GID_0":"IDN","COUNTRY":"Indonesia","GID_1":"IDN.2_1","NAME_1":"Bali","GID_2":"IDN.2.3_1","NAME_2":"Buleleng","GID_3":"IDN.2.3.7_1","NAME_3":"Seririt","NAME_4":"Ringdikit","VARNAME_4":"NA","TYPE_4":"Desa","ENGTYPE_4":"Village","CC_4":"5108020008"},"geometry":{"type":"MultiPolygon","coordinates":[[[[114.9523,-8.2419],[114.954,-8.2469],[114.953,-8.2487],[114.9486,-8.2464],[114.9462,-8.2485],[114.9437,-8.2481],[114.9428,-8.2333],[114.938,-8.2313],[114.938,-8.2283],[114.9317,-8.2258],[114.9312,-8.2231],[114.933,-8.2196],[114.9346,-8.2201],[114.9408,-8.2156],[114.9454,-8.2175],[114.9482,-8.2284],[114.9463,-8.2298],[114.9462,-8.2321],[114.9488,-8.2366],[114.9513,-8.2372],[114.9523,-8.2419]]]]}},{"type":"Feature","properties":{"GID_4":"IDN.2.3.7.16_1","GID_0":"IDN","COUNTRY":"Indonesia","GID_1":"IDN.2_1","NAME_1":"Bali","GID_2":"IDN.2.3_1","NAME_2":"Buleleng","GID_3":"IDN.2.3.7_1","NAME_3":"Seririt","NAME_4":"Seririt","VARNAME_4":"NA","TYPE_4":"Desa","ENGTYPE_4":"Village","CC_4":"5108020014"},"geometry":{"type":"MultiPolygon","coordinates":[[[[114.9375,-8.1955],[114.9347,-8.1952],[114.9327,-8.1984],[114.9293,-8.1966],[114.9263,-8.2011],[114.9264,-8.1905],[114.9356,-8.1879],[114.9359,-8.1834],[114.9405,-8.1835],[114.9409,-8.188],[114.9438,-8.1893],[114.9441,-8.1926],[114.9375,-8.1955]]]]}},{"type":"Feature","properties":{"GID_4":"IDN.2.3.7.17_1","GID_0":"IDN","COUNTRY":"Indonesia","GID_1":"IDN.2_1","NAME_1":"Bali","GID_2":"IDN.2.3_1","NAME_2":"Buleleng","GID_3":"IDN.2.3.7_1","NAME_3":"Seririt","NAME_4":"Sulanyah","VARNAME_4":"NA","TYPE_4":"Desa","ENGTYPE_4":"Village","CC_4":"5108020012"},"geometry":{"type":"MultiPolygon","coordinates":[[[[114.9422,-8.2044],[114.9371,-8.1959],[114.9441,-8.1926],[114.9438,-8.1893],[114.9409,-8.188],[114.9405,-8.1835],[114.947,-8.1827],[114.9461,-8.1947],[114.9422,-8.2044]]]]}},{"type":"Feature","properties":{"GID_4":"IDN.2.3.7.18_1","GID_0":"IDN","COUNTRY":"Indonesia","GID_1":"IDN.2_1","NAME_1":"Bali","GID_2":"IDN.2.3_1","NAME_2":"Buleleng","GID_3":"IDN.2.3.7_1","NAME_3":"Seririt","NAME_4":"Tangguwisia","VARNAME_4":"NA","TYPE_4":"Desa","ENGTYPE_4":"Village","CC_4":"5108020011"},"geometry":{"type":"MultiPolygon","coordinates":[[[[114.954,-8.1988],[114.9516,-8.1988],[114.9474,-8.2038],[114.9438,-8.2028],[114.9472,-8.1887],[114.947,-8.1827],[114.956,-8.1823],[114.9547,-8.1931],[114.9557,-8.1963],[114.954,-8.1988]]]]}},{"type":"Feature","properties":{"GID_4":"IDN.2.3.7.19_1","GID_0":"IDN","COUNTRY":"Indonesia","GID_1":"IDN.2_1","NAME_1":"Bali","GID_2":"IDN.2.3_1","NAME_2":"Buleleng","GID_3":"IDN.2.3.7_1","NAME_3":"Seririt","NAME_4":"Ularan","VARNAME_4":"NA","TYPE_4":"Desa","ENGTYPE_4":"Village","CC_4":"5108020007"},"geometry":{"type":"MultiPolygon","coordinates":[[[[114.9462,-8.2485],[114.9457,-8.25],[114.9482,-8.2513],[114.9467,-8.2588],[114.9408,-8.262],[114.938,-8.2591],[114.9321,-8.2454],[114.9296,-8.2434],[114.9295,-8.2407],[114.9273,-8.2391],[114.9251,-8.2397],[114.9231,-8.2363],[114.9202,-8.2354],[114.9207,-8.2344],[114.9316,-8.2254],[114.938,-8.2283],[114.938,-8.2313],[114.9428,-8.2333],[114.942,-8.2359],[114.9439,-8.2371],[114.9441,-8.241],[114.9425,-8.2443],[114.9437,-8.2481],[114.9462,-8.2485]]]]}},{"type":"Feature","properties":{"GID_4":"IDN.2.3.7.20_1","GID_0":"IDN","COUNTRY":"Indonesia","GID_1":"IDN.2_1","NAME_1":"Bali","GID_2":"IDN.2.3_1","NAME_2":"Buleleng","GID_3":"IDN.2.3.7_1","NAME_3":"Seririt","NAME_4":"Umeanyar","VARNAME_4":"NA","TYPE_4":"Desa","ENGTYPE_4":"Village","CC_4":"5108020018"},"geometry":{"type":"MultiPolygon","coordinates":[[[[114.8978,-8.208],[114.8979,-8.2004],[114.9041,-8.2014],[114.9039,-8.1992],[114.9073,-8.2001],[114.9073,-8.1982],[114.9114,-8.1983],[114.9102,-8.1957],[114.9064,-8.194],[114.9044,-8.187],[114.9051,-8.1844],[114.907,-8.1826],[114.9149,-8.1842],[114.9181,-8.1924],[114.9182,-8.2024],[114.9112,-8.203],[114.9124,-8.2085],[114.9098,-8.2176],[114.9047,-8.2237],[114.9036,-8.213],[114.8978,-8.208]]]]}},{"type":"Feature","properties":{"GID_4":"IDN.2.3.7.21_1","GID_0":"IDN","COUNTRY":"Indonesia","GID_1":"IDN.2_1","NAME_1":"Bali","GID_2":"IDN.2.3_1","NAME_2":"Buleleng","GID_3":"IDN.2.3.7_1","NAME_3":"Seririt","NAME_4":"Unggahan","VARNAME_4":"NA","TYPE_4":"Desa","ENGTYPE_4":"Village","CC_4":"5108020001"},"geometry":{"type":"MultiPolygon","coordinates":[[[[114.9454,-8.2944],[114.9431,-8.2962],[114.9312,-8.2803],[114.9231,-8.2795],[114.9195,-8.2844],[114.9142,-8.2864],[114.9088,-8.2833],[114.9023,-8.283],[114.9011,-8.2786],[114.9039,-8.2721],[114.9044,-8.2647],[114.9065,-8.2622],[114.907,-8.2581],[114.9145,-8.2504],[114.9202,-8.2354],[114.9231,-8.2363],[114.9251,-8.2397],[114.9273,-8.2391],[114.9295,-8.2407],[114.9296,-8.2434],[114.9366,-8.2535],[114.938,-8.2591],[114.941,-8.2608],[114.9395,-8.2659],[114.9433,-8.2709],[114.9465,-8.2855],[114.9454,-8.2944]]]]}},{"type":"Feature","properties":{"GID_4":"IDN.2.3.8.1_1","GID_0":"IDN","COUNTRY":"Indonesia","GID_1":"IDN.2_1","NAME_1":"Bali","GID_2":"IDN.2.3_1","NAME_2":"Buleleng","GID_3":"IDN.2.3.8_1","NAME_3":"Sukasada","NAME_4":"Ambengan","VARNAME_4":"NA","TYPE_4":"Desa","ENGTYPE_4":"Village","CC_4":"5108050003"},"geometry":{"type":"MultiPolygon","coordinates":[[[[115.1224,-8.1704],[115.1316,-8.1832],[115.1389,-8.2025],[115.1368,-8.2044],[115.1296,-8.2023],[115.127,-8.2037],[115.125,-8.2007],[115.1182,-8.2085],[115.1138,-8.1992],[115.1139,-8.1888],[115.1102,-8.1827],[115.1082,-8.1716],[115.1053,-8.1681],[115.1055,-8.1636],[115.1101,-8.1673],[115.1145,-8.1675],[115.1174,-8.1631],[115.1204,-8.165],[115.1224,-8.1704]]]]}},{"type":"Feature","properties":{"GID_4":"IDN.2.3.8.2_1","GID_0":"IDN","COUNTRY":"Indonesia","GID_1":"IDN.2_1","NAME_1":"Bali","GID_2":"IDN.2.3_1","NAME_2":"Buleleng","GID_3":"IDN.2.3.8_1","NAME_3":"Sukasada","NAME_4":"Gitgit","VARNAME_4":"NA","TYPE_4":"Desa","ENGTYPE_4":"Village","CC_4":"5108050004"},"geometry":{"type":"MultiPolygon","coordinates":[[[[115.1385,-8.2036],[115.1388,-8.2016],[115.1316,-8.1832],[115.1224,-8.1704],[115.1289,-8.1675],[115.133,-8.1675],[115.1326,-8.172],[115.1408,-8.1928],[115.1409,-8.1976],[115.1446,-8.2035],[115.1457,-8.2109],[115.1415,-8.2129],[115.1379,-8.2122],[115.1363,-8.21],[115.1385,-8.2036]]]]}},{"type":"Feature","properties":{"GID_4":"IDN.2.3.8.3_1","GID_0":"IDN","COUNTRY":"Indonesia","GID_1":"IDN.2_1","NAME_1":"Bali","GID_2":"IDN.2.3_1","NAME_2":"Buleleng","GID_3":"IDN.2.3.8_1","NAME_3":"Sukasada","NAME_4":"Kayuputih","VARNAME_4":"NA","TYPE_4":"Desa","ENGTYPE_4":"Village","CC_4":"5108050015"},"geometry":{"type":"MultiPolygon","coordinates":[[[[115.0363,-8.1896],[115.0354,-8.1834],[115.0292,-8.1786],[115.0321,-8.1733],[115.0312,-8.17],[115.029,-8.1695],[115.0358,-8.1644],[115.0393,-8.1644],[115.04,-8.1661],[115.0448,-8.1622],[115.0443,-8.1673],[115.0501,-8.1844],[115.0588,-8.193],[115.0595,-8.1993],[115.0575,-8.2058],[115.0599,-8.2092],[115.0596,-8.2147],[115.0554,-8.2137],[115.0507,-8.2073],[115.039,-8.2006],[115.0363,-8.1896]]]]}},{"type":"Feature","properties":{"GID_4":"IDN.2.3.8.4_1","GID_0":"IDN","COUNTRY":"Indonesia","GID_1":"IDN.2_1","NAME_1":"Bali","GID_2":"IDN.2.3_1","NAME_2":"Buleleng","GID_3":"IDN.2.3.8_1","NAME_3":"Sukasada","NAME_4":"Padangbulia","VARNAME_4":"NA","TYPE_4":"Desa","ENGTYPE_4":"Village","CC_4":"5108050008"},"geometry":{"type":"MultiPolygon","coordinates":[[[[115.119,-8.1474],[115.1226,-8.153],[115.125,-8.1541],[115.1268,-8.1523],[115.1283,-8.1567],[115.1317,-8.1604],[115.133,-8.1675],[115.1289,-8.1675],[115.1224,-8.1704],[115.1204,-8.165],[115.1175,-8.1633],[115.1183,-8.1598],[115.1165,-8.1524],[115.1125,-8.1483],[115.119,-8.1474]]]]}},{"type":"Feature","properties":{"GID_4":"IDN.2.3.8.5_1","GID_0":"IDN","COUNTRY":"Indonesia","GID_1":"IDN.2_1","NAME_1":"Bali","GID_2":"IDN.2.3_1","NAME_2":"Buleleng","GID_3":"IDN.2.3.8_1","NAME_3":"Sukasada","NAME_4":"Pancasari","VARNAME_4":"NA","TYPE_4":"Desa","ENGTYPE_4":"Village","CC_4":"5108050001"},"geometry":{"type":"MultiPolygon","coordinates":[[[[115.1087,-8.2987],[115.1091,-8.2863],[115.1121,-8.2807],[115.1064,-8.2783],[115.1089,-8.2687],[115.1065,-8.2647],[115.1066,-8.2534],[115.1029,-8.2506],[115.1006,-8.2463],[115.1019,-8.2445],[115.108,-8.2397],[115.1141,-8.2377],[115.1346,-8.2365],[115.1452,-8.2377],[115.1475,-8.2402],[115.16,-8.2427],[115.169,-8.2489],[115.1639,-8.2547],[115.1473,-8.2607],[115.1435,-8.2661],[115.1352,-8.2698],[115.1258,-8.2925],[115.1253,-8.2953],[115.1265,-8.2956],[115.124,-8.3078],[115.1184,-8.3067],[115.1087,-8.2987]]]]}},{"type":"Feature","properties":{"GID_4":"IDN.2.3.8.6_1","GID_0":"IDN","COUNTRY":"Indonesia","GID_1":"IDN.2_1","NAME_1":"Bali","GID_2":"IDN.2.3_1","NAME_2":"Buleleng","GID_3":"IDN.2.3.8_1","NAME_3":"Sukasada","NAME_4":"Panji","VARNAME_4":"NA","TYPE_4":"Desa","ENGTYPE_4":"Village","CC_4":"5108050011"},"geometry":{"type":"MultiPolygon","coordinates":[[[[115.0694,-8.136],[115.0723,-8.1351],[115.0748,-8.1312],[115.0825,-8.1312],[115.0921,-8.1443],[115.0988,-8.1619],[115.103,-8.1676],[115.104,-8.1845],[115.1028,-8.1899],[115.105,-8.197],[115.1044,-8.2014],[115.1082,-8.2081],[115.1039,-8.215],[115.0988,-8.2034],[115.0976,-8.1935],[115.092,-8.1782],[115.0937,-8.1704],[115.0977,-8.1717],[115.1,-8.1708],[115.0883,-8.1603],[115.084,-8.1518],[115.0762,-8.1472],[115.068,-8.1369],[115.0694,-8.136]]]]}},{"type":"Feature","properties":{"GID_4":"IDN.2.3.8.7_1","GID_0":"IDN","COUNTRY":"Indonesia","GID_1":"IDN.2_1","NAME_1":"Bali","GID_2":"IDN.2.3_1","NAME_2":"Buleleng","GID_3":"IDN.2.3.8_1","NAME_3":"Sukasada","NAME_4":"PanjiAnom","VARNAME_4":"NA","TYPE_4":"Desa","ENGTYPE_4":"Village","CC_4":"5108050012"},"geometry":{"type":"MultiPolygon","coordinates":[[[[115.0961,-8.2245],[115.0864,-8.2238],[115.0848,-8.2204],[115.0901,-8.2202],[115.0914,-8.2163],[115.0948,-8.2148],[115.0928,-8.1948],[115.0879,-8.188],[115.0858,-8.1726],[115.0817,-8.164],[115.0773,-8.1608],[115.0717,-8.1513],[115.0652,-8.1485],[115.0619,-8.1427],[115.0623,-8.1397],[115.068,-8.1369],[115.0767,-8.1478],[115.084,-8.1518],[115.0883,-8.1603],[115.1,-8.1708],[115.0977,-8.1717],[115.094,-8.1702],[115.0924,-8.1722],[115.0927,-8.1819],[115.0975,-8.1934],[115.1004,-8.2083],[115.1039,-8.215],[115.0961,-8.2245]]]]}},{"type":"Feature","properties":{"GID_4":"IDN.2.3.8.8_1","GID_0":"IDN","COUNTRY":"Indonesia","GID_1":"IDN.2_1","NAME_1":"Bali","GID_2":"IDN.2.3_1","NAME_2":"Buleleng","GID_3":"IDN.2.3.8_1","NAME_3":"Sukasada","NAME_4":"Pegadungan","VARNAME_4":"NA","TYPE_4":"Desa","ENGTYPE_4":"Village","CC_4":"5108050007"},"geometry":{"type":"MultiPolygon","coordinates":[[[[115.1277,-8.1435],[115.1403,-8.1524],[115.1397,-8.1557],[115.1435,-8.1608],[115.1423,-8.1647],[115.1332,-8.1714],[115.1317,-8.1604],[115.1279,-8.1561],[115.1265,-8.15],[115.125,-8.1496],[115.1255,-8.1444],[115.1277,-8.1435]]]]}},{"type":"Feature","properties":{"GID_4":"IDN.2.3.8.9_1","GID_0":"IDN","COUNTRY":"Indonesia","GID_1":"IDN.2_1","NAME_1":"Bali","GID_2":"IDN.2.3_1","NAME_2":"Buleleng","GID_3":"IDN.2.3.8_1","NAME_3":"Sukasada","NAME_4":"Pegayaman","VARNAME_4":"NA","TYPE_4":"Desa","ENGTYPE_4":"Village","CC_4":"5108050005"},"geometry":{"type":"MultiPolygon","coordinates":[[[[115.1659,-8.2252],[115.177,-8.2417],[115.1742,-8.2419],[115.169,-8.2489],[115.1629,-8.2439],[115.1475,-8.2402],[115.1453,-8.2384],[115.1437,-8.2172],[115.1459,-8.2082],[115.1409,-8.1976],[115.1408,-8.1928],[115.1326,-8.1717],[115.1432,-8.1632],[115.1456,-8.1655],[115.1477,-8.1721],[115.1488,-8.1814],[115.1507,-8.1824],[115.151,-8.1894],[115.1585,-8.1979],[115.1574,-8.2066],[115.1625,-8.2139],[115.1606,-8.2203],[115.1622,-8.2276],[115.1641,-8.2277],[115.1659,-8.2252]]]]}},{"type":"Feature","properties":{"GID_4":"IDN.2.3.8.10_1","GID_0":"IDN","COUNTRY":"Indonesia","GID_1":"IDN.2_1","NAME_1":"Bali","GID_2":"IDN.2.3_1","NAME_2":"Buleleng","GID_3":"IDN.2.3.8_1","NAME_3":"Sukasada","NAME_4":"Sambangan","VARNAME_4":"NA","TYPE_4":"Desa","ENGTYPE_4":"Village","CC_4":"5108050010"},"geometry":{"type":"MultiPolygon","coordinates":[[[[115.0825,-8.1312],[115.0904,-8.13],[115.0994,-8.1414],[115.1054,-8.1614],[115.1053,-8.1681],[115.1082,-8.1716],[115.1102,-8.1827],[115.1137,-8.1883],[115.1138,-8.1992],[115.1182,-8.2085],[115.1138,-8.2136],[115.1114,-8.2099],[115.1088,-8.2131],[115.1054,-8.2131],[115.1082,-8.2081],[115.1044,-8.2014],[115.105,-8.197],[115.1027,-8.1894],[115.104,-8.1845],[115.1028,-8.1777],[115.1035,-8.1693],[115.0988,-8.1619],[115.0921,-8.1443],[115.0825,-8.1312]]]]}},{"type":"Feature","properties":{"GID_4":"IDN.2.3.8.11_1","GID_0":"IDN","COUNTRY":"Indonesia","GID_1":"IDN.2_1","NAME_1":"Bali","GID_2":"IDN.2.3_1","NAME_2":"Buleleng","GID_3":"IDN.2.3.8_1","NAME_3":"Sukasada","NAME_4":"Selat","VARNAME_4":"NA","TYPE_4":"Desa","ENGTYPE_4":"Village","CC_4":"5108050014"},"geometry":{"type":"MultiPolygon","coordinates":[[[[115.0848,-8.2204],[115.0796,-8.224],[115.0788,-8.2287],[115.0743,-8.2325],[115.0691,-8.2301],[115.0667,-8.2269],[115.0596,-8.2147],[115.0599,-8.2092],[115.0575,-8.2058],[115.0595,-8.1993],[115.0588,-8.193],[115.0501,-8.1844],[115.0443,-8.1673],[115.0448,-8.1622],[115.0479,-8.1626],[115.0501,-8.1654],[115.0567,-8.1609],[115.0567,-8.1568],[115.0617,-8.1551],[115.0634,-8.1564],[115.0658,-8.1641],[115.0703,-8.1663],[115.07,-8.1698],[115.0754,-8.1751],[115.0752,-8.1817],[115.0806,-8.1908],[115.0824,-8.2092],[115.0914,-8.2163],[115.0901,-8.2202],[115.0848,-8.2204]]]]}},{"type":"Feature","properties":{"GID_4":"IDN.2.3.8.12_1","GID_0":"IDN","COUNTRY":"Indonesia","GID_1":"IDN.2_1","NAME_1":"Bali","GID_2":"IDN.2.3_1","NAME_2":"Buleleng","GID_3":"IDN.2.3.8_1","NAME_3":"Sukasada","NAME_4":"Silangjana","VARNAME_4":"NA","TYPE_4":"Desa","ENGTYPE_4":"Village","CC_4":"5108050006"},"geometry":{"type":"MultiPolygon","coordinates":[[[[115.1403,-8.1547],[115.1453,-8.1543],[115.1482,-8.1628],[115.1564,-8.1618],[115.1559,-8.1636],[115.1592,-8.1649],[115.1596,-8.1673],[115.1673,-8.1744],[115.173,-8.1855],[115.1797,-8.1881],[115.1752,-8.1939],[115.1707,-8.2045],[115.1699,-8.2153],[115.1647,-8.223],[115.1659,-8.2252],[115.1637,-8.2278],[115.1622,-8.2276],[115.1606,-8.2203],[115.1625,-8.2139],[115.1575,-8.2069],[115.1585,-8.1979],[115.151,-8.1894],[115.1507,-8.1824],[115.1488,-8.1814],[115.1477,-8.1721],[115.1403,-8.1547]]]]}},{"type":"Feature","properties":{"GID_4":"IDN.2.3.8.13_1","GID_0":"IDN","COUNTRY":"Indonesia","GID_1":"IDN.2_1","NAME_1":"Bali","GID_2":"IDN.2.3_1","NAME_2":"Buleleng","GID_3":"IDN.2.3.8_1","NAME_3":"Sukasada","NAME_4":"Sukasada","VARNAME_4":"NA","TYPE_4":"Desa","ENGTYPE_4":"Village","CC_4":"5108050009"},"geometry":{"type":"MultiPolygon","coordinates":[[[[115.0969,-8.1354],[115.104,-8.1325],[115.1083,-8.1375],[115.1066,-8.1403],[115.1097,-8.1462],[115.1159,-8.1514],[115.1183,-8.1598],[115.1148,-8.1674],[115.1101,-8.1673],[115.1055,-8.1636],[115.1018,-8.1479],[115.0963,-8.1376],[115.0969,-8.1354]]]]}},{"type":"Feature","properties":{"GID_4":"IDN.2.3.8.14_1","GID_0":"IDN","COUNTRY":"Indonesia","GID_1":"IDN.2_1","NAME_1":"Bali","GID_2":"IDN.2.3_1","NAME_2":"Buleleng","GID_3":"IDN.2.3.8_1","NAME_3":"Sukasada","NAME_4":"TegalLinggah","VARNAME_4":"NA","TYPE_4":"Desa","ENGTYPE_4":"Village","CC_4":"5108050013"},"geometry":{"type":"MultiPolygon","coordinates":[[[[115.0617,-8.1551],[115.0596,-8.1525],[115.0642,-8.1463],[115.0654,-8.1486],[115.0717,-8.1513],[115.0745,-8.1573],[115.0824,-8.1652],[115.0858,-8.1726],[115.0879,-8.188],[115.0928,-8.1948],[115.0951,-8.211],[115.0938,-8.2158],[115.0912,-8.2163],[115.0824,-8.2092],[115.0807,-8.191],[115.0752,-8.1817],[115.0754,-8.1751],[115.07,-8.1698],[115.0702,-8.1662],[115.0658,-8.1641],[115.0634,-8.1564],[115.0617,-8.1551]]]]}},{"type":"Feature","properties":{"GID_4":"IDN.2.3.8.15_1","GID_0":"IDN","COUNTRY":"Indonesia","GID_1":"IDN.2_1","NAME_1":"Bali","GID_2":"IDN.2.3_1","NAME_2":"Buleleng","GID_3":"IDN.2.3.8_1","NAME_3":"Sukasada","NAME_4":"Wanagiri","VARNAME_4":"NA","TYPE_4":"Desa","ENGTYPE_4":"Village","CC_4":"5108050002"},"geometry":{"type":"MultiPolygon","coordinates":[[[[115.1006,-8.2463],[115.1007,-8.2348],[115.098,-8.2258],[115.0961,-8.2245],[115.1054,-8.2131],[115.1088,-8.2131],[115.1114,-8.2099],[115.1126,-8.2134],[115.1142,-8.2134],[115.125,-8.2007],[115.127,-8.2037],[115.1296,-8.2023],[115.1365,-8.2044],[115.1385,-8.2036],[115.1363,-8.21],[115.1382,-8.2124],[115.1415,-8.2129],[115.1457,-8.2109],[115.1437,-8.2172],[115.1454,-8.2377],[115.1346,-8.2365],[115.1141,-8.2377],[115.108,-8.2397],[115.1006,-8.2463]]]]}},{"type":"Feature","properties":{"GID_4":"IDN.2.3.9.1_1","GID_0":"IDN","COUNTRY":"Indonesia","GID_1":"IDN.2_1","NAME_1":"Bali","GID_2":"IDN.2.3_1","NAME_2":"Buleleng","GID_3":"IDN.2.3.9_1","NAME_3":"Tejakula","NAME_4":"Bondalem","VARNAME_4":"NA","TYPE_4":"Desa","ENGTYPE_4":"Village","CC_4":"5108090004"},"geometry":{"type":"MultiPolygon","coordinates":[[[[115.3048,-8.1059],[115.3093,-8.1062],[115.3232,-8.1129],[115.3289,-8.1128],[115.3294,-8.1271],[115.3271,-8.1295],[115.3255,-8.1353],[115.3219,-8.1383],[115.3105,-8.1411],[115.3024,-8.1391],[115.2997,-8.1297],[115.3027,-8.1242],[115.303,-8.1165],[115.3052,-8.1146],[115.3048,-8.1059]]]]}},{"type":"Feature","properties":{"GID_4":"IDN.2.3.9.2_1","GID_0":"IDN","COUNTRY":"Indonesia","GID_1":"IDN.2_1","NAME_1":"Bali","GID_2":"IDN.2.3_1","NAME_2":"Buleleng","GID_3":"IDN.2.3.9_1","NAME_3":"Tejakula","NAME_4":"Julah","VARNAME_4":"NA","TYPE_4":"Desa","ENGTYPE_4":"Village","CC_4":"5108090003"},"geometry":{"type":"MultiPolygon","coordinates":[[[[115.3048,-8.1059],[115.3052,-8.1146],[115.303,-8.1165],[115.3027,-8.1242],[115.2997,-8.1297],[115.3004,-8.1339],[115.2986,-8.1383],[115.2996,-8.1421],[115.2982,-8.146],[115.2932,-8.1478],[115.288,-8.147],[115.2851,-8.149],[115.2873,-8.125],[115.2906,-8.1236],[115.2933,-8.1169],[115.2931,-8.1128],[115.2972,-8.1047],[115.3048,-8.1059]]]]}},{"type":"Feature","properties":{"GID_4":"IDN.2.3.9.3_1","GID_0":"IDN","COUNTRY":"Indonesia","GID_1":"IDN.2_1","NAME_1":"Bali","GID_2":"IDN.2.3_1","NAME_2":"Buleleng","GID_3":"IDN.2.3.9_1","NAME_3":"Tejakula","NAME_4":"Les","VARNAME_4":"NA","TYPE_4":"Desa","ENGTYPE_4":"Village","CC_4":"5108090007"},"geometry":{"type":"MultiPolygon","coordinates":[[[[115.3735,-8.1663],[115.3719,-8.1686],[115.37,-8.1685],[115.3649,-8.1619],[115.368,-8.1533],[115.3667,-8.1521],[115.3605,-8.1534],[115.3628,-8.1458],[115.3534,-8.1497],[115.3617,-8.1369],[115.3613,-8.1291],[115.3747,-8.1315],[115.3789,-8.1344],[115.3786,-8.1383],[115.3755,-8.1433],[115.377,-8.1463],[115.3745,-8.1531],[115.3735,-8.1663]]]]}},{"type":"Feature","properties":{"GID_4":"IDN.2.3.9.4_1","GID_0":"IDN","COUNTRY":"Indonesia","GID_1":"IDN.2_1","NAME_1":"Bali","GID_2":"IDN.2.3_1","NAME_2":"Buleleng","GID_3":"IDN.2.3.9_1","NAME_3":"Tejakula","NAME_4":"Madenan","VARNAME_4":"NA","TYPE_4":"Desa","ENGTYPE_4":"Village","CC_4":"5108090005"},"geometry":{"type":"MultiPolygon","coordinates":[[[[115.3059,-8.1741],[115.301,-8.1734],[115.293,-8.1688],[115.289,-8.1709],[115.2853,-8.1708],[115.281,-8.1673],[115.2816,-8.1644],[115.2799,-8.1609],[115.2851,-8.149],[115.288,-8.147],[115.2932,-8.1478],[115.2982,-8.146],[115.2996,-8.1421],[115.2986,-8.1383],[115.3002,-8.1347],[115.3036,-8.1399],[115.3124,-8.141],[115.3219,-8.1383],[115.3268,-8.1321],[115.3282,-8.1322],[115.3295,-8.1335],[115.3273,-8.1383],[115.3156,-8.1449],[115.3168,-8.1564],[115.3119,-8.164],[115.3046,-8.1688],[115.3059,-8.1741]]]]}},{"type":"Feature","properties":{"GID_4":"IDN.2.3.9.5_1","GID_0":"IDN","COUNTRY":"Indonesia","GID_1":"IDN.2_1","NAME_1":"Bali","GID_2":"IDN.2.3_1","NAME_2":"Buleleng","GID_3":"IDN.2.3.9_1","NAME_3":"Tejakula","NAME_4":"Pacung","VARNAME_4":"NA","TYPE_4":"Desa","ENGTYPE_4":"Village","CC_4":"5108090002"},"geometry":{"type":"MultiPolygon","coordinates":[[[[115.2972,-8.1048],[115.2949,-8.1114],[115.293,-8.113],[115.2905,-8.1078],[115.2929,-8.1044],[115.2972,-8.1048]]],[[[115.2522,-8.0988],[115.2551,-8.0959],[115.256,-8.0922],[115.2531,-8.087],[115.2541,-8.0858],[115.2648,-8.088],[115.2767,-8.0965],[115.2869,-8.1005],[115.2771,-8.1114],[115.2701,-8.1152],[115.2662,-8.1122],[115.2632,-8.1122],[115.2557,-8.1054],[115.2539,-8.1056],[115.2522,-8.0988]]]]}},{"type":"Feature","properties":{"GID_4":"IDN.2.3.9.6_1","GID_0":"IDN","COUNTRY":"Indonesia","GID_1":"IDN.2_1","NAME_1":"Bali","GID_2":"IDN.2.3_1","NAME_2":"Buleleng","GID_3":"IDN.2.3.9_1","NAME_3":"Tejakula","NAME_4":"Penuktukan","VARNAME_4":"NA","TYPE_4":"Desa","ENGTYPE_4":"Village","CC_4":"5108090008"},"geometry":{"type":"MultiPolygon","coordinates":[[[[115.3818,-8.1732],[115.3792,-8.1709],[115.3811,-8.1681],[115.3781,-8.1652],[115.3752,-8.1635],[115.3735,-8.166],[115.3745,-8.1531],[115.377,-8.1463],[115.3755,-8.1433],[115.3786,-8.1383],[115.3789,-8.1344],[115.3898,-8.1358],[115.3965,-8.139],[115.3818,-8.1732]]]]}},{"type":"Feature","properties":{"GID_4":"IDN.2.3.9.7_1","GID_0":"IDN","COUNTRY":"Indonesia","GID_1":"IDN.2_1","NAME_1":"Bali","GID_2":"IDN.2.3_1","NAME_2":"Buleleng","GID_3":"IDN.2.3.9_1","NAME_3":"Tejakula","NAME_4":"Sambirenteng","VARNAME_4":"NA","TYPE_4":"Desa","ENGTYPE_4":"Village","CC_4":"5108090009"},"geometry":{"type":"MultiPolygon","coordinates":[[[[115.4285,-8.1885],[115.3995,-8.1892],[115.39,-8.1858],[115.391,-8.1783],[115.3816,-8.1736],[115.3965,-8.139],[115.4047,-8.143],[115.4154,-8.1518],[115.4211,-8.152],[115.421,-8.1628],[115.4183,-8.1709],[115.4181,-8.1771],[115.4147,-8.1834],[115.4153,-8.1853],[115.4207,-8.1861],[115.4229,-8.1834],[115.4259,-8.1847],[115.429,-8.1823],[115.4285,-8.1885]]]]}},{"type":"Feature","properties":{"GID_4":"IDN.2.3.9.8_1","GID_0":"IDN","COUNTRY":"Indonesia","GID_1":"IDN.2_1","NAME_1":"Bali","GID_2":"IDN.2.3_1","NAME_2":"Buleleng","GID_3":"IDN.2.3.9_1","NAME_3":"Tejakula","NAME_4":"Sembiran","VARNAME_4":"NA","TYPE_4":"Desa","ENGTYPE_4":"Village","CC_4":"5108090001"},"geometry":{"type":"MultiPolygon","coordinates":[[[[115.2799,-8.1609],[115.276,-8.1617],[115.2712,-8.1664],[115.2662,-8.1651],[115.2667,-8.1594],[115.2644,-8.154],[115.2655,-8.1507],[115.2636,-8.1442],[115.2612,-8.1405],[115.2571,-8.1387],[115.2594,-8.1299],[115.2625,-8.1266],[115.2563,-8.1204],[115.2539,-8.1131],[115.2544,-8.1054],[115.2632,-8.1122],[115.2662,-8.1122],[115.2701,-8.1152],[115.2771,-8.1114],[115.2869,-8.1005],[115.2936,-8.1043],[115.2905,-8.1078],[115.2933,-8.1169],[115.2906,-8.1238],[115.2872,-8.1252],[115.2847,-8.1509],[115.2799,-8.1609]]]]}},{"type":"Feature","properties":{"GID_4":"IDN.2.3.9.9_1","GID_0":"IDN","COUNTRY":"Indonesia","GID_1":"IDN.2_1","NAME_1":"Bali","GID_2":"IDN.2.3_1","NAME_2":"Buleleng","GID_3":"IDN.2.3.9_1","NAME_3":"Tejakula","NAME_4":"Tejakula","VARNAME_4":"NA","TYPE_4":"Desa","ENGTYPE_4":"Village","CC_4":"5108090006"},"geometry":{"type":"MultiPolygon","coordinates":[[[[115.3334,-8.1563],[115.3235,-8.1447],[115.3222,-8.1442],[115.3166,-8.1489],[115.3154,-8.1456],[115.3209,-8.1409],[115.3244,-8.1408],[115.3283,-8.1369],[115.3295,-8.1335],[115.3265,-8.1309],[115.3294,-8.1271],[115.3289,-8.1128],[115.3364,-8.1111],[115.3404,-8.1123],[115.3449,-8.1184],[115.3546,-8.1264],[115.3613,-8.1291],[115.3623,-8.1349],[115.3529,-8.1512],[115.3476,-8.15],[115.3389,-8.143],[115.3373,-8.1506],[115.3334,-8.1563]]]]}},{"type":"Feature","properties":{"GID_4":"IDN.2.3.9.10_1","GID_0":"IDN","COUNTRY":"Indonesia","GID_1":"IDN.2_1","NAME_1":"Bali","GID_2":"IDN.2.3_1","NAME_2":"Buleleng","GID_3":"IDN.2.3.9_1","NAME_3":"Tejakula","NAME_4":"Tembok","VARNAME_4":"NA","TYPE_4":"Desa","ENGTYPE_4":"Village","CC_4":"5108090010"},"geometry":{"type":"MultiPolygon","coordinates":[[[[115.4363,-8.1814],[115.4352,-8.1804],[115.4286,-8.1822],[115.4259,-8.1847],[115.4229,-8.1834],[115.4213,-8.186],[115.4153,-8.1853],[115.4147,-8.1834],[115.4181,-8.1771],[115.4183,-8.1709],[115.421,-8.1628],[115.4211,-8.152],[115.4422,-8.1576],[115.4537,-8.1624],[115.4571,-8.1657],[115.443,-8.1729],[115.4419,-8.1777],[115.4363,-8.1814]]]]}},{"type":"Feature","properties":{"GID_4":"IDN.2.4.1.1_1","GID_0":"IDN","COUNTRY":"Indonesia","GID_1":"IDN.2_1","NAME_1":"Bali","GID_2":"IDN.2.4_1","NAME_2":"Denpasar","GID_3":"IDN.2.4.1_1","NAME_3":"DenpasarBarat","NAME_4":"DauhPuri","VARNAME_4":"NA","TYPE_4":"Kelurahan","ENGTYPE_4":"UrbanCommunity","CC_4":"5171030005"},"geometry":{"type":"MultiPolygon","coordinates":[[[[115.2133,-8.6613],[115.2214,-8.6613],[115.2204,-8.6697],[115.2181,-8.6698],[115.2179,-8.6676],[115.2137,-8.6671],[115.2113,-8.6647],[115.2097,-8.6652],[115.2133,-8.6613]]]]}},{"type":"Feature","properties":{"GID_4":"IDN.2.4.1.2_1","GID_0":"IDN","COUNTRY":"Indonesia","GID_1":"IDN.2_1","NAME_1":"Bali","GID_2":"IDN.2.4_1","NAME_2":"Denpasar","GID_3":"IDN.2.4.1_1","NAME_3":"DenpasarBarat","NAME_4":"DauhPuriKangin","VARNAME_4":"NA","TYPE_4":"Kelurahan","ENGTYPE_4":"UrbanCommunity","CC_4":"5171030006"},"geometry":{"type":"MultiPolygon","coordinates":[[[[115.2182,-8.6606],[115.2133,-8.6613],[115.2123,-8.6553],[115.2186,-8.6562],[115.2182,-8.6606]]]]}},{"type":"Feature","properties":{"GID_4":"IDN.2.4.1.3_1","GID_0":"IDN","COUNTRY":"Indonesia","GID_1":"IDN.2_1","NAME_1":"Bali","GID_2":"IDN.2.4_1","NAME_2":"Denpasar","GID_3":"IDN.2.4.1_1","NAME_3":"DenpasarBarat","NAME_4":"DauhPuriKauh","VARNAME_4":"NA","TYPE_4":"Kelurahan","ENGTYPE_4":"UrbanCommunity","CC_4":"5171030003"},"geometry":{"type":"MultiPolygon","coordinates":[[[[115.2097,-8.6652],[115.2113,-8.6647],[115.2137,-8.6666],[115.2135,-8.6694],[115.2104,-8.67],[115.208,-8.6736],[115.2066,-8.6764],[115.2071,-8.6811],[115.199,-8.6867],[115.1979,-8.6894],[115.1944,-8.6888],[115.1987,-8.6792],[115.2059,-8.6729],[115.2054,-8.6708],[115.2097,-8.6652]]]]}},{"type":"Feature","properties":{"GID_4":"IDN.2.4.1.4_1","GID_0":"IDN","COUNTRY":"Indonesia","GID_1":"IDN.2_1","NAME_1":"Bali","GID_2":"IDN.2.4_1","NAME_2":"Denpasar","GID_3":"IDN.2.4.1_1","NAME_3":"DenpasarBarat","NAME_4":"DauhPuriKlod","VARNAME_4":"NA","TYPE_4":"Kelurahan","ENGTYPE_4":"UrbanCommunity","CC_4":"5171030004"},"geometry":{"type":"MultiPolygon","coordinates":[[[[115.2071,-8.6811],[115.2066,-8.6764],[115.2101,-8.6703],[115.2135,-8.6694],[115.2137,-8.6671],[115.2179,-8.6676],[115.2181,-8.6698],[115.2196,-8.6698],[115.2196,-8.674],[115.2179,-8.6739],[115.2168,-8.6794],[115.2132,-8.6798],[115.2131,-8.6817],[115.2114,-8.6823],[115.2071,-8.6811]]]]}},{"type":"Feature","properties":{"GID_4":"IDN.2.4.1.5_1","GID_0":"IDN","COUNTRY":"Indonesia","GID_1":"IDN.2_1","NAME_1":"Bali","GID_2":"IDN.2.4_1","NAME_2":"Denpasar","GID_3":"IDN.2.4.1_1","NAME_3":"DenpasarBarat","NAME_4":"Padangsambian","VARNAME_4":"NA","TYPE_4":"Kelurahan","ENGTYPE_4":"UrbanCommunity","CC_4":"5171030010"},"geometry":{"type":"MultiPolygon","coordinates":[[[[115.1816,-8.6563],[115.1818,-8.648],[115.1839,-8.6484],[115.1846,-8.6453],[115.1872,-8.6444],[115.1889,-8.6403],[115.1932,-8.6368],[115.1948,-8.6454],[115.1942,-8.6491],[115.1921,-8.651],[115.1937,-8.6586],[115.1929,-8.6637],[115.1895,-8.6658],[115.1915,-8.676],[115.1888,-8.6853],[115.186,-8.6829],[115.1837,-8.6858],[115.1839,-8.6825],[115.1867,-8.679],[115.1868,-8.6742],[115.1848,-8.6666],[115.1857,-8.6614],[115.1816,-8.6563]]]]}},{"type":"Feature","properties":{"GID_4":"IDN.2.4.1.6_1","GID_0":"IDN","COUNTRY":"Indonesia","GID_1":"IDN.2_1","NAME_1":"Bali","GID_2":"IDN.2.4_1","NAME_2":"Denpasar","GID_3":"IDN.2.4.1_1","NAME_3":"DenpasarBarat","NAME_4":"PadangsambianKaja","VARNAME_4":"NA","TYPE_4":"Kelurahan","ENGTYPE_4":"UrbanCommunity","CC_4":"5171030011"},"geometry":{"type":"MultiPolygon","coordinates":[[[[115.1813,-8.6363],[115.1806,-8.6298],[115.1823,-8.6287],[115.1823,-8.6244],[115.1807,-8.6233],[115.1798,-8.6162],[115.1877,-8.6152],[115.1889,-8.6172],[115.1861,-8.6225],[115.1902,-8.6276],[115.191,-8.6323],[115.1953,-8.6353],[115.1889,-8.6403],[115.1872,-8.6444],[115.1844,-8.6456],[115.1839,-8.6484],[115.1818,-8.648],[115.1809,-8.646],[115.1813,-8.6363]]]]}},{"type":"Feature","properties":{"GID_4":"IDN.2.4.1.7_1","GID_0":"IDN","COUNTRY":"Indonesia","GID_1":"IDN.2_1","NAME_1":"Bali","GID_2":"IDN.2.4_1","NAME_2":"Denpasar","GID_3":"IDN.2.4.1_1","NAME_3":"DenpasarBarat","NAME_4":"PadangsambianKlod","VARNAME_4":"NA","TYPE_4":"Kelurahan","ENGTYPE_4":"UrbanCommunity","CC_4":"5171030001"},"geometry":{"type":"MultiPolygon","coordinates":[[[[115.1776,-8.6584],[115.178,-8.6608],[115.1806,-8.6601],[115.1798,-8.6589],[115.1818,-8.6563],[115.1823,-8.6586],[115.1856,-8.6611],[115.1848,-8.6666],[115.1868,-8.6742],[115.1867,-8.679],[115.1839,-8.6825],[115.1836,-8.6862],[115.1794,-8.6869],[115.1798,-8.692],[115.1778,-8.6917],[115.1756,-8.6832],[115.1737,-8.6832],[115.1797,-8.6749],[115.1747,-8.6622],[115.1747,-8.6604],[115.1776,-8.6584]]]]}},{"type":"Feature","properties":{"GID_4":"IDN.2.4.1.8_1","GID_0":"IDN","COUNTRY":"Indonesia","GID_1":"IDN.2_1","NAME_1":"Bali","GID_2":"IDN.2.4_1","NAME_2":"Denpasar","GID_3":"IDN.2.4.1_1","NAME_3":"DenpasarBarat","NAME_4":"Pemecutan","VARNAME_4":"NA","TYPE_4":"Kelurahan","ENGTYPE_4":"UrbanCommunity","CC_4":"5171030007"},"geometry":{"type":"MultiPolygon","coordinates":[[[[115.2123,-8.6553],[115.2133,-8.6613],[115.2115,-8.6641],[115.2084,-8.6621],[115.2015,-8.6611],[115.2025,-8.6583],[115.1973,-8.6559],[115.1973,-8.654],[115.198,-8.6518],[115.2123,-8.6553]]]]}},{"type":"Feature","properties":{"GID_4":"IDN.2.4.1.9_1","GID_0":"IDN","COUNTRY":"Indonesia","GID_1":"IDN.2_1","NAME_1":"Bali","GID_2":"IDN.2.4_1","NAME_2":"Denpasar","GID_3":"IDN.2.4.1_1","NAME_3":"DenpasarBarat","NAME_4":"PemecutanKlod","VARNAME_4":"NA","TYPE_4":"Kelurahan","ENGTYPE_4":"UrbanCommunity","CC_4":"5171030002"},"geometry":{"type":"MultiPolygon","coordinates":[[[[115.1857,-8.7092],[115.182,-8.7048],[115.1812,-8.6999],[115.1762,-8.6961],[115.1796,-8.6948],[115.1794,-8.6869],[115.1836,-8.6862],[115.186,-8.6829],[115.1894,-8.6849],[115.1948,-8.6716],[115.1964,-8.6716],[115.1961,-8.6697],[115.1993,-8.6699],[115.2015,-8.6611],[115.2096,-8.6624],[115.2115,-8.6641],[115.2098,-8.6643],[115.2055,-8.6706],[115.2059,-8.6729],[115.1989,-8.679],[115.1973,-8.6844],[115.1944,-8.6888],[115.1922,-8.6896],[115.1893,-8.6961],[115.1866,-8.7096],[115.1857,-8.7092]]]]}},{"type":"Feature","properties":{"GID_4":"IDN.2.4.1.10_1","GID_0":"IDN","COUNTRY":"Indonesia","GID_1":"IDN.2_1","NAME_1":"Bali","GID_2":"IDN.2.4_1","NAME_2":"Denpasar","GID_3":"IDN.2.4.1_1","NAME_3":"DenpasarBarat","NAME_4":"TegalHarum","VARNAME_4":"NA","TYPE_4":"Kelurahan","ENGTYPE_4":"UrbanCommunity","CC_4":"5171030008"},"geometry":{"type":"MultiPolygon","coordinates":[[[[115.1914,-8.6789],[115.1901,-8.6644],[115.1928,-8.6638],[115.1939,-8.6618],[115.1951,-8.6619],[115.1948,-8.6644],[115.1984,-8.6647],[115.1985,-8.6633],[115.2007,-8.6631],[115.1993,-8.6699],[115.1961,-8.6697],[115.1964,-8.6716],[115.1948,-8.6716],[115.1937,-8.6767],[115.1914,-8.6789]]]]}},{"type":"Feature","properties":{"GID_4":"IDN.2.4.1.11_1","GID_0":"IDN","COUNTRY":"Indonesia","GID_1":"IDN.2_1","NAME_1":"Bali","GID_2":"IDN.2.4_1","NAME_2":"Denpasar","GID_3":"IDN.2.4.1_1","NAME_3":"DenpasarBarat","NAME_4":"TegalKertha","VARNAME_4":"NA","TYPE_4":"Kelurahan","ENGTYPE_4":"UrbanCommunity","CC_4":"5171030009"},"geometry":{"type":"MultiPolygon","coordinates":[[[[115.1927,-8.6622],[115.1938,-8.6577],[115.1921,-8.6512],[115.198,-8.6518],[115.1973,-8.6559],[115.2025,-8.6583],[115.2007,-8.6631],[115.1957,-8.6645],[115.1951,-8.6619],[115.1927,-8.6622]]]]}},{"type":"Feature","properties":{"GID_4":"IDN.2.4.2.1_1","GID_0":"IDN","COUNTRY":"Indonesia","GID_1":"IDN.2_1","NAME_1":"Bali","GID_2":"IDN.2.4_1","NAME_2":"Denpasar","GID_3":"IDN.2.4.2_1","NAME_3":"DenpasarSelatan","NAME_4":"Panjer","VARNAME_4":"NA","TYPE_4":"Kelurahan","ENGTYPE_4":"UrbanCommunity","CC_4":"5171010006"},"geometry":{"type":"MultiPolygon","coordinates":[[[[115.2168,-8.6794],[115.2179,-8.6739],[115.2335,-8.6751],[115.2348,-8.6787],[115.2334,-8.6877],[115.2345,-8.6909],[115.2334,-8.6909],[115.2334,-8.6911],[115.236,-8.6943],[115.2253,-8.6942],[115.2235,-8.6836],[115.22,-8.6831],[115.2199,-8.6812],[115.2172,-8.6809],[115.2168,-8.6794]]]]}},{"type":"Feature","properties":{"GID_4":"IDN.2.4.2.2_1","GID_0":"IDN","COUNTRY":"Indonesia","GID_1":"IDN.2_1","NAME_1":"Bali","GID_2":"IDN.2.4_1","NAME_2":"Denpasar","GID_3":"IDN.2.4.2_1","NAME_3":"DenpasarSelatan","NAME_4":"Pedungan","VARNAME_4":"NA","TYPE_4":"Kelurahan","ENGTYPE_4":"UrbanCommunity","CC_4":"5171010002"},"geometry":{"type":"MultiPolygon","coordinates":[[[[115.2015,-8.6854],[115.2067,-8.6811],[115.2114,-8.6823],[115.2147,-8.6961],[115.2143,-8.7015],[115.2167,-8.7013],[115.217,-8.7052],[115.2188,-8.705],[115.2206,-8.7146],[115.2211,-8.7178],[115.2189,-8.7231],[115.2217,-8.7265],[115.2138,-8.7268],[115.2117,-8.7364],[115.2138,-8.7381],[115.2122,-8.7448],[115.2109,-8.745],[115.2119,-8.7469],[115.206,-8.746],[115.208,-8.7383],[115.206,-8.7379],[115.2066,-8.7359],[115.2109,-8.7364],[115.2116,-8.7334],[115.2103,-8.7312],[115.2057,-8.7293],[115.2075,-8.7187],[115.2057,-8.7181],[115.2056,-8.7149],[115.2086,-8.7129],[115.2085,-8.7023],[115.2032,-8.6989],[115.2008,-8.6886],[115.1996,-8.6882],[115.2015,-8.6854]]]]}},{"type":"Feature","properties":{"GID_4":"IDN.2.4.2.3_1","GID_0":"IDN","COUNTRY":"Indonesia","GID_1":"IDN.2_1","NAME_1":"Bali","GID_2":"IDN.2.4_1","NAME_2":"Denpasar","GID_3":"IDN.2.4.2_1","NAME_3":"DenpasarSelatan","NAME_4":"Pemogan","VARNAME_4":"NA","TYPE_4":"Kelurahan","ENGTYPE_4":"UrbanCommunity","CC_4":"5171010001"},"geometry":{"type":"MultiPolygon","coordinates":[[[[115.1875,-8.7355],[115.1863,-8.7322],[115.1875,-8.7319],[115.1868,-8.7217],[115.1848,-8.7218],[115.1875,-8.7183],[115.1857,-8.7092],[115.1866,-8.7096],[115.1885,-8.7038],[115.1894,-8.6958],[115.1926,-8.6892],[115.1979,-8.6894],[115.199,-8.6867],[115.2015,-8.6854],[115.1996,-8.6882],[115.2008,-8.6886],[115.2032,-8.6989],[115.2085,-8.7023],[115.2086,-8.7129],[115.2056,-8.7149],[115.2057,-8.7181],[115.2075,-8.7187],[115.2057,-8.7293],[115.2044,-8.7299],[115.2059,-8.7319],[115.1972,-8.7339],[115.1961,-8.7382],[115.1926,-8.7366],[115.1904,-8.7377],[115.1875,-8.7355]]]]}},{"type":"Feature","properties":{"GID_4":"IDN.2.4.2.4_1","GID_0":"IDN","COUNTRY":"Indonesia","GID_1":"IDN.2_1","NAME_1":"Bali","GID_2":"IDN.2.4_1","NAME_2":"Denpasar","GID_3":"IDN.2.4.2_1","NAME_3":"DenpasarSelatan","NAME_4":"Renon","VARNAME_4":"NA","TYPE_4":"Kelurahan","ENGTYPE_4":"UrbanCommunity","CC_4":"5171010007"},"geometry":{"type":"MultiPolygon","coordinates":[[[[115.236,-8.6943],[115.2334,-8.6911],[115.2345,-8.6909],[115.2334,-8.6877],[115.2348,-8.6787],[115.2335,-8.6745],[115.2467,-8.6737],[115.2471,-8.6781],[115.2446,-8.6871],[115.2466,-8.6876],[115.2463,-8.6908],[115.2474,-8.691],[115.2449,-8.6944],[115.2445,-8.698],[115.242,-8.6991],[115.2422,-8.6976],[115.2371,-8.6964],[115.236,-8.6943]]]]}},{"type":"Feature","properties":{"GID_4":"IDN.2.4.2.5_1","GID_0":"IDN","COUNTRY":"Indonesia","GID_1":"IDN.2_1","NAME_1":"Bali","GID_2":"IDN.2.4_1","NAME_2":"Denpasar","GID_3":"IDN.2.4.2_1","NAME_3":"DenpasarSelatan","NAME_4":"Sanur","VARNAME_4":"NA","TYPE_4":"Kelurahan","ENGTYPE_4":"UrbanCommunity","CC_4":"5171010009"},"geometry":{"type":"MultiPolygon","coordinates":[[[[115.2525,-8.6816],[115.2522,-8.6795],[115.2534,-8.6795],[115.2605,-8.6802],[115.2605,-8.6822],[115.2648,-8.6826],[115.2672,-8.6913],[115.265,-8.7044],[115.2581,-8.7104],[115.2562,-8.7063],[115.2588,-8.7006],[115.2549,-8.697],[115.2543,-8.6841],[115.2525,-8.6816]]]]}},{"type":"Feature","properties":{"GID_4":"IDN.2.4.2.6_1","GID_0":"IDN","COUNTRY":"Indonesia","GID_1":"IDN.2_1","NAME_1":"Bali","GID_2":"IDN.2.4_1","NAME_2":"Denpasar","GID_3":"IDN.2.4.2_1","NAME_3":"DenpasarSelatan","NAME_4":"SanurKaja","VARNAME_4":"NA","TYPE_4":"Kelurahan","ENGTYPE_4":"UrbanCommunity","CC_4":"5171010010"},"geometry":{"type":"MultiPolygon","coordinates":[[[[115.2471,-8.6778],[115.2457,-8.6719],[115.2483,-8.6705],[115.2477,-8.6684],[115.2555,-8.6642],[115.2562,-8.6659],[115.2608,-8.6673],[115.264,-8.6735],[115.2648,-8.6826],[115.2605,-8.6822],[115.2605,-8.6802],[115.2534,-8.6795],[115.2516,-8.6816],[115.2471,-8.6778]]]]}},{"type":"Feature","properties":{"GID_4":"IDN.2.4.2.7_1","GID_0":"IDN","COUNTRY":"Indonesia","GID_1":"IDN.2_1","NAME_1":"Bali","GID_2":"IDN.2.4_1","NAME_2":"Denpasar","GID_3":"IDN.2.4.2_1","NAME_3":"DenpasarSelatan","NAME_4":"SanurKauh","VARNAME_4":"NA","TYPE_4":"Kelurahan","ENGTYPE_4":"UrbanCommunity","CC_4":"5171010008"},"geometry":{"type":"MultiPolygon","coordinates":[[[[115.2428,-8.6993],[115.2474,-8.691],[115.2463,-8.6908],[115.2466,-8.6876],[115.2446,-8.6871],[115.2474,-8.6778],[115.2534,-8.6818],[115.2543,-8.6841],[115.2542,-8.6943],[115.2555,-8.6981],[115.2588,-8.7006],[115.2562,-8.7063],[115.2581,-8.7104],[115.2507,-8.7132],[115.2444,-8.7105],[115.2428,-8.6993]]]]}},{"type":"Feature","properties":{"GID_4":"IDN.2.4.2.8_1","GID_0":"IDN","COUNTRY":"Indonesia","GID_1":"IDN.2_1","NAME_1":"Bali","GID_2":"IDN.2.4_1","NAME_2":"Denpasar","GID_3":"IDN.2.4.2_1","NAME_3":"DenpasarSelatan","NAME_4":"Serangan","VARNAME_4":"NA","TYPE_4":"Kelurahan","ENGTYPE_4":"UrbanCommunity","CC_4":"5171010004"},"geometry":{"type":"MultiPolygon","coordinates":[[[[115.2273,-8.7267],[115.2298,-8.7272],[115.2298,-8.7242],[115.2365,-8.7214],[115.2392,-8.7215],[115.2447,-8.7252],[115.2446,-8.7296],[115.2411,-8.7269],[115.2394,-8.7277],[115.2423,-8.731],[115.2394,-8.7322],[115.2401,-8.7342],[115.2366,-8.7363],[115.2378,-8.7376],[115.2408,-8.7347],[115.2445,-8.7341],[115.2448,-8.7309],[115.2491,-8.7284],[115.2467,-8.7362],[115.244,-8.7369],[115.2439,-8.7396],[115.2394,-8.7435],[115.2363,-8.7438],[115.2322,-8.7398],[115.2285,-8.739],[115.2299,-8.7374],[115.2293,-8.7352],[115.2276,-8.7418],[115.2337,-8.7442],[115.2351,-8.7466],[115.2302,-8.7502],[115.2293,-8.7526],[115.2192,-8.7488],[115.2178,-8.7468],[115.2208,-8.7352],[115.2223,-8.7343],[115.2217,-8.7319],[115.2273,-8.7267]]],[[[115.2327,-8.7228],[115.2328,-8.7226],[115.2328,-8.7227],[115.2327,-8.7228]]]]}},{"type":"Feature","properties":{"GID_4":"IDN.2.4.2.9_1","GID_0":"IDN","COUNTRY":"Indonesia","GID_1":"IDN.2_1","NAME_1":"Bali","GID_2":"IDN.2.4_1","NAME_2":"Denpasar","GID_3":"IDN.2.4.2_1","NAME_3":"DenpasarSelatan","NAME_4":"Sesetan","VARNAME_4":"NA","TYPE_4":"Kelurahan","ENGTYPE_4":"UrbanCommunity","CC_4":"5171010003"},"geometry":{"type":"MultiPolygon","coordinates":[[[[115.2114,-8.6823],[115.2131,-8.6817],[115.2132,-8.6798],[115.2168,-8.6794],[115.2172,-8.6809],[115.2199,-8.6812],[115.22,-8.6831],[115.2235,-8.6836],[115.2276,-8.7135],[115.2314,-8.7193],[115.2279,-8.7198],[115.2246,-8.7225],[115.2278,-8.726],[115.227,-8.7269],[115.2195,-8.7248],[115.219,-8.7208],[115.2211,-8.7178],[115.2191,-8.706],[115.217,-8.7052],[115.2167,-8.7013],[115.2143,-8.7015],[115.2147,-8.6961],[115.2114,-8.6823]]]]}},{"type":"Feature","properties":{"GID_4":"IDN.2.4.2.10_1","GID_0":"IDN","COUNTRY":"Indonesia","GID_1":"IDN.2_1","NAME_1":"Bali","GID_2":"IDN.2.4_1","NAME_2":"Denpasar","GID_3":"IDN.2.4.2_1","NAME_3":"DenpasarSelatan","NAME_4":"Sidakarya","VARNAME_4":"NA","TYPE_4":"Kelurahan","ENGTYPE_4":"UrbanCommunity","CC_4":"5171010005"},"geometry":{"type":"MultiPolygon","coordinates":[[[[115.2253,-8.6942],[115.237,-8.6942],[115.2371,-8.6964],[115.2422,-8.6976],[115.2426,-8.7047],[115.2444,-8.7105],[115.246,-8.7108],[115.2391,-8.7173],[115.2314,-8.7195],[115.2306,-8.7164],[115.2283,-8.7149],[115.2253,-8.6942]]]]}},{"type":"Feature","properties":{"GID_4":"IDN.2.4.3.1_1","GID_0":"IDN","COUNTRY":"Indonesia","GID_1":"IDN.2_1","NAME_1":"Bali","GID_2":"IDN.2.4_1","NAME_2":"Denpasar","GID_3":"IDN.2.4.3_1","NAME_3":"DenpasarTimur","NAME_4":"DanginPuri","VARNAME_4":"NA","TYPE_4":"Kelurahan","ENGTYPE_4":"UrbanCommunity","CC_4":"5171020010"},"geometry":{"type":"MultiPolygon","coordinates":[[[[115.2182,-8.6606],[115.2185,-8.6515],[115.2221,-8.6517],[115.2222,-8.6567],[115.2251,-8.657],[115.2248,-8.6589],[115.2214,-8.6613],[115.2182,-8.6606]]]]}},{"type":"Feature","properties":{"GID_4":"IDN.2.4.3.2_1","GID_0":"IDN","COUNTRY":"Indonesia","GID_1":"IDN.2_1","NAME_1":"Bali","GID_2":"IDN.2.4_1","NAME_2":"Denpasar","GID_3":"IDN.2.4.3_1","NAME_3":"DenpasarTimur","NAME_4":"DanginPuriKlod","VARNAME_4":"NA","TYPE_4":"Kelurahan","ENGTYPE_4":"UrbanCommunity","CC_4":"5171020001"},"geometry":{"type":"MultiPolygon","coordinates":[[[[115.2196,-8.674],[115.2214,-8.6607],[115.2258,-8.659],[115.226,-8.6607],[115.2288,-8.6607],[115.2282,-8.6743],[115.2196,-8.674]]]]}},{"type":"Feature","properties":{"GID_4":"IDN.2.4.3.3_1","GID_0":"IDN","COUNTRY":"Indonesia","GID_1":"IDN.2_1","NAME_1":"Bali","GID_2":"IDN.2.4_1","NAME_2":"Denpasar","GID_3":"IDN.2.4.3_1","NAME_3":"DenpasarTimur","NAME_4":"Kesiman","VARNAME_4":"NA","TYPE_4":"Kelurahan","ENGTYPE_4":"UrbanCommunity","CC_4":"5171020003"},"geometry":{"type":"MultiPolygon","coordinates":[[[[115.2531,-8.6646],[115.2499,-8.6681],[115.2477,-8.6684],[115.2483,-8.6705],[115.2457,-8.6719],[115.2449,-8.6661],[115.243,-8.6661],[115.2421,-8.655],[115.2399,-8.6544],[115.239,-8.6494],[115.2369,-8.6495],[115.2358,-8.6445],[115.2329,-8.6428],[115.2331,-8.6394],[115.2429,-8.6474],[115.2434,-8.6502],[115.2455,-8.6497],[115.2496,-8.6528],[115.2532,-8.6602],[115.2531,-8.6646]]]]}},{"type":"Feature","properties":{"GID_4":"IDN.2.4.3.4_1","GID_0":"IDN","COUNTRY":"Indonesia","GID_1":"IDN.2_1","NAME_1":"Bali","GID_2":"IDN.2.4_1","NAME_2":"Denpasar","GID_3":"IDN.2.4.3_1","NAME_3":"DenpasarTimur","NAME_4":"KesimanKertalangu","VARNAME_4":"NA","TYPE_4":"Kelurahan","ENGTYPE_4":"UrbanCommunity","CC_4":"5171020005"},"geometry":{"type":"MultiPolygon","coordinates":[[[[115.275,-8.6502],[115.2685,-8.6548],[115.2603,-8.6566],[115.2584,-8.6546],[115.2556,-8.6562],[115.2565,-8.6527],[115.253,-8.6532],[115.248,-8.6475],[115.2462,-8.6422],[115.2418,-8.6386],[115.245,-8.6357],[115.2441,-8.6325],[115.2521,-8.6325],[115.2534,-8.6312],[115.256,-8.6325],[115.2561,-8.6306],[115.2578,-8.6307],[115.2603,-8.6363],[115.2645,-8.6374],[115.2658,-8.6414],[115.2693,-8.6414],[115.2715,-8.6471],[115.275,-8.6502]]]]}},{"type":"Feature","properties":{"GID_4":"IDN.2.4.3.5_1","GID_0":"IDN","COUNTRY":"Indonesia","GID_1":"IDN.2_1","NAME_1":"Bali","GID_2":"IDN.2.4_1","NAME_2":"Denpasar","GID_3":"IDN.2.4.3_1","NAME_3":"DenpasarTimur","NAME_4":"KesimanPetilan","VARNAME_4":"NA","TYPE_4":"Kelurahan","ENGTYPE_4":"UrbanCommunity","CC_4":"5171020004"},"geometry":{"type":"MultiPolygon","coordinates":[[[[115.2608,-8.6673],[115.2562,-8.6659],[115.2555,-8.6642],[115.2531,-8.6646],[115.2532,-8.6602],[115.2496,-8.6528],[115.2455,-8.6497],[115.2434,-8.6502],[115.2429,-8.6474],[115.2363,-8.6425],[115.2324,-8.6354],[115.2332,-8.6336],[115.2442,-8.6397],[115.248,-8.6475],[115.253,-8.6532],[115.2565,-8.6527],[115.2556,-8.6562],[115.2584,-8.6546],[115.2603,-8.6566],[115.2686,-8.6549],[115.262,-8.6636],[115.2608,-8.6673]]]]}},{"type":"Feature","properties":{"GID_4":"IDN.2.4.3.6_1","GID_0":"IDN","COUNTRY":"Indonesia","GID_1":"IDN.2_1","NAME_1":"Bali","GID_2":"IDN.2.4_1","NAME_2":"Denpasar","GID_3":"IDN.2.4.3_1","NAME_3":"DenpasarTimur","NAME_4":"Penatih","VARNAME_4":"NA","TYPE_4":"Kelurahan","ENGTYPE_4":"UrbanCommunity","CC_4":"5171020014"},"geometry":{"type":"MultiPolygon","coordinates":[[[[115.2339,-8.5918],[115.2353,-8.5917],[115.2365,-8.5982],[115.2385,-8.5992],[115.2368,-8.6056],[115.242,-8.6135],[115.2419,-8.6271],[115.2452,-8.6352],[115.2418,-8.6386],[115.2288,-8.6277],[115.2312,-8.6272],[115.2308,-8.6129],[115.2329,-8.6109],[115.2366,-8.6104],[115.2372,-8.6084],[115.2316,-8.599],[115.2283,-8.5976],[115.2281,-8.5927],[115.2339,-8.5918]]]]}},{"type":"Feature","properties":{"GID_4":"IDN.2.4.3.7_1","GID_0":"IDN","COUNTRY":"Indonesia","GID_1":"IDN.2_1","NAME_1":"Bali","GID_2":"IDN.2.4_1","NAME_2":"Denpasar","GID_3":"IDN.2.4.3_1","NAME_3":"DenpasarTimur","NAME_4":"PenatihDanginPuri","VARNAME_4":"NA","TYPE_4":"Kelurahan","ENGTYPE_4":"UrbanCommunity","CC_4":"5171020015"},"geometry":{"type":"MultiPolygon","coordinates":[[[[115.2376,-8.6026],[115.2423,-8.6031],[115.2439,-8.6112],[115.2557,-8.6229],[115.2578,-8.6307],[115.2561,-8.6306],[115.256,-8.6325],[115.2534,-8.6312],[115.2521,-8.6325],[115.2441,-8.6325],[115.2418,-8.6266],[115.242,-8.6135],[115.2368,-8.6056],[115.2376,-8.6026]]]]}},{"type":"Feature","properties":{"GID_4":"IDN.2.4.3.8_1","GID_0":"IDN","COUNTRY":"Indonesia","GID_1":"IDN.2_1","NAME_1":"Bali","GID_2":"IDN.2.4_1","NAME_2":"Denpasar","GID_3":"IDN.2.4.3_1","NAME_3":"DenpasarTimur","NAME_4":"Sumerta","VARNAME_4":"NA","TYPE_4":"Kelurahan","ENGTYPE_4":"UrbanCommunity","CC_4":"5171020006"},"geometry":{"type":"MultiPolygon","coordinates":[[[[115.2336,-8.6436],[115.2358,-8.6445],[115.2369,-8.6495],[115.239,-8.6494],[115.2423,-8.6581],[115.2326,-8.6548],[115.2317,-8.6472],[115.2332,-8.6471],[115.2336,-8.6436]]]]}},{"type":"Feature","properties":{"GID_4":"IDN.2.4.3.9_1","GID_0":"IDN","COUNTRY":"Indonesia","GID_1":"IDN.2_1","NAME_1":"Bali","GID_2":"IDN.2.4_1","NAME_2":"Denpasar","GID_3":"IDN.2.4.3_1","NAME_3":"DenpasarTimur","NAME_4":"SumertaKaja","VARNAME_4":"NA","TYPE_4":"Kelurahan","ENGTYPE_4":"UrbanCommunity","CC_4":"5171020007"},"geometry":{"type":"MultiPolygon","coordinates":[[[[115.2331,-8.6394],[115.2332,-8.6471],[115.2317,-8.6472],[115.2329,-8.6551],[115.2294,-8.6565],[115.2277,-8.6469],[115.2308,-8.6388],[115.2331,-8.6394]]]]}},{"type":"Feature","properties":{"GID_4":"IDN.2.4.3.10_1","GID_0":"IDN","COUNTRY":"Indonesia","GID_1":"IDN.2_1","NAME_1":"Bali","GID_2":"IDN.2.4_1","NAME_2":"Denpasar","GID_3":"IDN.2.4.3_1","NAME_3":"DenpasarTimur","NAME_4":"SumertaKauh","VARNAME_4":"NA","TYPE_4":"Kelurahan","ENGTYPE_4":"UrbanCommunity","CC_4":"5171020008"},"geometry":{"type":"MultiPolygon","coordinates":[[[[115.2274,-8.6607],[115.226,-8.6607],[115.2242,-8.6569],[115.2266,-8.656],[115.2267,-8.6492],[115.2245,-8.6492],[115.2248,-8.6458],[115.2281,-8.6461],[115.2295,-8.6558],[115.2274,-8.6607]]]]}},{"type":"Feature","properties":{"GID_4":"IDN.2.4.3.11_1","GID_0":"IDN","COUNTRY":"Indonesia","GID_1":"IDN.2_1","NAME_1":"Bali","GID_2":"IDN.2.4_1","NAME_2":"Denpasar","GID_3":"IDN.2.4.3_1","NAME_3":"DenpasarTimur","NAME_4":"SumertaKelod","VARNAME_4":"NA","TYPE_4":"Kelurahan","ENGTYPE_4":"UrbanCommunity","CC_4":"5171020002"},"geometry":{"type":"MultiPolygon","coordinates":[[[[115.2335,-8.6751],[115.2282,-8.6743],[115.2289,-8.663],[115.2275,-8.6589],[115.2288,-8.6566],[115.2353,-8.6549],[115.2423,-8.6581],[115.243,-8.6661],[115.2448,-8.6658],[115.246,-8.669],[115.2458,-8.6737],[115.2335,-8.6751]]]]}},{"type":"Feature","properties":{"GID_4":"IDN.2.4.4.1_1","GID_0":"IDN","COUNTRY":"Indonesia","GID_1":"IDN.2_1","NAME_1":"Bali","GID_2":"IDN.2.4_1","NAME_2":"Denpasar","GID_3":"IDN.2.4.4_1","NAME_3":"DenpasarUtara","NAME_4":"DanginPuriKaja","VARNAME_4":"NA","TYPE_4":"Kelurahan","ENGTYPE_4":"UrbanCommunity","CC_4":"5171031004"},"geometry":{"type":"MultiPolygon","coordinates":[[[[115.2208,-8.6516],[115.2173,-8.6515],[115.2175,-8.649],[115.2151,-8.646],[115.2163,-8.6405],[115.2182,-8.6398],[115.2184,-8.6357],[115.2231,-8.6355],[115.2243,-8.6368],[115.2213,-8.6441],[115.2208,-8.6516]]]]}},{"type":"Feature","properties":{"GID_4":"IDN.2.4.4.2_1","GID_0":"IDN","COUNTRY":"Indonesia","GID_1":"IDN.2_1","NAME_1":"Bali","GID_2":"IDN.2.4_1","NAME_2":"Denpasar","GID_3":"IDN.2.4.4_1","NAME_3":"DenpasarUtara","NAME_4":"DanginPuriKangin","VARNAME_4":"NA","TYPE_4":"Kelurahan","ENGTYPE_4":"UrbanCommunity","CC_4":"5171031005"},"geometry":{"type":"MultiPolygon","coordinates":[[[[115.2242,-8.6569],[115.2222,-8.6567],[115.2221,-8.6517],[115.2208,-8.6516],[115.2213,-8.6444],[115.2243,-8.6364],[115.2265,-8.6364],[115.2245,-8.6492],[115.2267,-8.6492],[115.2266,-8.656],[115.2242,-8.6569]]]]}},{"type":"Feature","properties":{"GID_4":"IDN.2.4.4.3_1","GID_0":"IDN","COUNTRY":"Indonesia","GID_1":"IDN.2_1","NAME_1":"Bali","GID_2":"IDN.2.4_1","NAME_2":"Denpasar","GID_3":"IDN.2.4.4_1","NAME_3":"DenpasarUtara","NAME_4":"DanginPuriKauh","VARNAME_4":"NA","TYPE_4":"Kelurahan","ENGTYPE_4":"UrbanCommunity","CC_4":"5171031003"},"geometry":{"type":"MultiPolygon","coordinates":[[[[115.2186,-8.6562],[115.2142,-8.6521],[115.2151,-8.646],[115.2175,-8.649],[115.2173,-8.6515],[115.2185,-8.6515],[115.2186,-8.6562]]]]}},{"type":"Feature","properties":{"GID_4":"IDN.2.4.4.4_1","GID_0":"IDN","COUNTRY":"Indonesia","GID_1":"IDN.2_1","NAME_1":"Bali","GID_2":"IDN.2.4_1","NAME_2":"Denpasar","GID_3":"IDN.2.4.4_1","NAME_3":"DenpasarUtara","NAME_4":"DauhPuriKaja","VARNAME_4":"NA","TYPE_4":"Kelurahan","ENGTYPE_4":"UrbanCommunity","CC_4":"5171031002"},"geometry":{"type":"MultiPolygon","coordinates":[[[[115.2169,-8.656],[115.2123,-8.6553],[115.2113,-8.6478],[115.2125,-8.6459],[115.2087,-8.6332],[115.217,-8.634],[115.2159,-8.6361],[115.2184,-8.6357],[115.2141,-8.6516],[115.2171,-8.6542],[115.2169,-8.656]]]]}},{"type":"Feature","properties":{"GID_4":"IDN.2.4.4.5_1","GID_0":"IDN","COUNTRY":"Indonesia","GID_1":"IDN.2_1","NAME_1":"Bali","GID_2":"IDN.2.4_1","NAME_2":"Denpasar","GID_3":"IDN.2.4.4_1","NAME_3":"DenpasarUtara","NAME_4":"Peguyangan","VARNAME_4":"NA","TYPE_4":"Kelurahan","ENGTYPE_4":"UrbanCommunity","CC_4":"5171031007"},"geometry":{"type":"MultiPolygon","coordinates":[[[[115.2166,-8.6351],[115.217,-8.634],[115.2104,-8.6341],[115.2051,-8.63],[115.2056,-8.6248],[115.2084,-8.6227],[115.2062,-8.6207],[115.2068,-8.6161],[115.209,-8.6137],[115.2092,-8.6099],[115.2135,-8.608],[115.2152,-8.6104],[115.2184,-8.6114],[115.2197,-8.6163],[115.2167,-8.6227],[115.2192,-8.629],[115.2189,-8.6351],[115.2166,-8.6351]]]]}},{"type":"Feature","properties":{"GID_4":"IDN.2.4.4.6_1","GID_0":"IDN","COUNTRY":"Indonesia","GID_1":"IDN.2_1","NAME_1":"Bali","GID_2":"IDN.2.4_1","NAME_2":"Denpasar","GID_3":"IDN.2.4.4_1","NAME_3":"DenpasarUtara","NAME_4":"PeguyanganKaja","VARNAME_4":"NA","TYPE_4":"Kelurahan","ENGTYPE_4":"UrbanCommunity","CC_4":"5171031010"},"geometry":{"type":"MultiPolygon","coordinates":[[[[115.2042,-8.6029],[115.2092,-8.6001],[115.2099,-8.5979],[115.2128,-8.5983],[115.2146,-8.5962],[115.2225,-8.5964],[115.2241,-8.5983],[115.2227,-8.6084],[115.2199,-8.6086],[115.2175,-8.6115],[115.2144,-8.6083],[115.2107,-8.6087],[115.2069,-8.616],[115.2017,-8.6073],[115.2042,-8.6029]]]]}},{"type":"Feature","properties":{"GID_4":"IDN.2.4.4.7_1","GID_0":"IDN","COUNTRY":"Indonesia","GID_1":"IDN.2_1","NAME_1":"Bali","GID_2":"IDN.2.4_1","NAME_2":"Denpasar","GID_3":"IDN.2.4.4_1","NAME_3":"DenpasarUtara","NAME_4":"PeguyanganKangin","VARNAME_4":"NA","TYPE_4":"Kelurahan","ENGTYPE_4":"UrbanCommunity","CC_4":"5171031011"},"geometry":{"type":"MultiPolygon","coordinates":[[[[115.2238,-8.5976],[115.2262,-8.5956],[115.2256,-8.5928],[115.2281,-8.5927],[115.2283,-8.5976],[115.2316,-8.599],[115.2372,-8.6084],[115.2366,-8.6104],[115.2329,-8.6109],[115.2308,-8.6129],[115.2305,-8.6249],[115.2168,-8.6237],[115.217,-8.6202],[115.2197,-8.6165],[115.2184,-8.6108],[115.2199,-8.6086],[115.2227,-8.6084],[115.2238,-8.5976]]]]}},{"type":"Feature","properties":{"GID_4":"IDN.2.4.4.8_1","GID_0":"IDN","COUNTRY":"Indonesia","GID_1":"IDN.2_1","NAME_1":"Bali","GID_2":"IDN.2.4_1","NAME_2":"Denpasar","GID_3":"IDN.2.4.4_1","NAME_3":"DenpasarUtara","NAME_4":"PemecutanKaja","VARNAME_4":"NA","TYPE_4":"Kelurahan","ENGTYPE_4":"UrbanCommunity","CC_4":"5171031001"},"geometry":{"type":"MultiPolygon","coordinates":[[[[115.1932,-8.6368],[115.2035,-8.6391],[115.2035,-8.6377],[115.2096,-8.6379],[115.2125,-8.6459],[115.2113,-8.6478],[115.2123,-8.6553],[115.1921,-8.6512],[115.1942,-8.6491],[115.1948,-8.6454],[115.1932,-8.6368]]]]}},{"type":"Feature","properties":{"GID_4":"IDN.2.4.4.9_1","GID_0":"IDN","COUNTRY":"Indonesia","GID_1":"IDN.2_1","NAME_1":"Bali","GID_2":"IDN.2.4_1","NAME_2":"Denpasar","GID_3":"IDN.2.4.4_1","NAME_3":"DenpasarUtara","NAME_4":"Tonja","VARNAME_4":"NA","TYPE_4":"Kelurahan","ENGTYPE_4":"UrbanCommunity","CC_4":"5171031006"},"geometry":{"type":"MultiPolygon","coordinates":[[[[115.2339,-8.6331],[115.2324,-8.6354],[115.2346,-8.6397],[115.2308,-8.6388],[115.2281,-8.6461],[115.2255,-8.646],[115.225,-8.644],[115.2266,-8.6422],[115.2265,-8.6364],[115.2159,-8.6361],[115.2189,-8.6351],[115.2181,-8.6242],[115.2298,-8.6243],[115.2312,-8.6272],[115.229,-8.628],[115.2339,-8.6331]]]]}},{"type":"Feature","properties":{"GID_4":"IDN.2.4.4.10_1","GID_0":"IDN","COUNTRY":"Indonesia","GID_1":"IDN.2_1","NAME_1":"Bali","GID_2":"IDN.2.4_1","NAME_2":"Denpasar","GID_3":"IDN.2.4.4_1","NAME_3":"DenpasarUtara","NAME_4":"Ubung","VARNAME_4":"NA","TYPE_4":"Kelurahan","ENGTYPE_4":"UrbanCommunity","CC_4":"5171031008"},"geometry":{"type":"MultiPolygon","coordinates":[[[[115.1935,-8.6362],[115.195,-8.6342],[115.1913,-8.6327],[115.1899,-8.6291],[115.1931,-8.6289],[115.1993,-8.6253],[115.2021,-8.63],[115.2082,-8.6318],[115.2091,-8.6365],[115.2035,-8.6377],[115.2035,-8.6391],[115.1935,-8.6362]]]]}},{"type":"Feature","properties":{"GID_4":"IDN.2.4.4.11_1","GID_0":"IDN","COUNTRY":"Indonesia","GID_1":"IDN.2_1","NAME_1":"Bali","GID_2":"IDN.2.4_1","NAME_2":"Denpasar","GID_3":"IDN.2.4.4_1","NAME_3":"DenpasarUtara","NAME_4":"UbungKaja","VARNAME_4":"NA","TYPE_4":"Kelurahan","ENGTYPE_4":"UrbanCommunity","CC_4":"5171031009"},"geometry":{"type":"MultiPolygon","coordinates":[[[[115.2035,-8.6028],[115.204,-8.6047],[115.2017,-8.6073],[115.2066,-8.6151],[115.2062,-8.6207],[115.2084,-8.6225],[115.2055,-8.6251],[115.2056,-8.6306],[115.2021,-8.63],[115.1993,-8.6253],[115.1931,-8.6289],[115.1899,-8.6291],[115.1901,-8.6275],[115.1861,-8.6225],[115.1889,-8.6172],[115.1888,-8.6128],[115.1977,-8.612],[115.1964,-8.6061],[115.1999,-8.6064],[115.2035,-8.6028]]]]}},{"type":"Feature","properties":{"GID_4":"IDN.2.5.1.1_1","GID_0":"IDN","COUNTRY":"Indonesia","GID_1":"IDN.2_1","NAME_1":"Bali","GID_2":"IDN.2.5_1","NAME_2":"Gianyar","GID_3":"IDN.2.5.1_1","NAME_3":"Blahbatuh","NAME_4":"Bedulu","VARNAME_4":"NA","TYPE_4":"Desa","ENGTYPE_4":"Village","CC_4":"5104020009"},"geometry":{"type":"MultiPolygon","coordinates":[[[[115.3118,-8.5393],[115.3063,-8.5388],[115.3034,-8.5352],[115.3012,-8.5351],[115.2995,-8.5317],[115.2973,-8.5382],[115.2899,-8.5406],[115.2924,-8.5336],[115.287,-8.5292],[115.2881,-8.5263],[115.2841,-8.5219],[115.2864,-8.5217],[115.2871,-8.5182],[115.2935,-8.5178],[115.2987,-8.5185],[115.301,-8.5233],[115.3071,-8.5234],[115.3068,-8.5271],[115.3118,-8.5393]]]]}},{"type":"Feature","properties":{"GID_4":"IDN.2.5.1.2_1","GID_0":"IDN","COUNTRY":"Indonesia","GID_1":"IDN.2_1","NAME_1":"Bali","GID_2":"IDN.2.5_1","NAME_2":"Gianyar","GID_3":"IDN.2.5.1_1","NAME_3":"Blahbatuh","NAME_4":"Belega","VARNAME_4":"NA","TYPE_4":"Desa","ENGTYPE_4":"Village","CC_4":"5104020006"},"geometry":{"type":"MultiPolygon","coordinates":[[[[115.3255,-8.5663],[115.3252,-8.5683],[115.3188,-8.5705],[115.3169,-8.5755],[115.3148,-8.5748],[115.3119,-8.5798],[115.3094,-8.5806],[115.3059,-8.5767],[115.3052,-8.5653],[115.3077,-8.5635],[115.3083,-8.5562],[115.312,-8.5523],[115.3103,-8.5617],[115.312,-8.5644],[115.3168,-8.5671],[115.3255,-8.5663]]],[[[115.3254,-8.5642],[115.3254,-8.564],[115.3254,-8.5639],[115.3253,-8.5643],[115.3254,-8.5642]]]]}},{"type":"Feature","properties":{"GID_4":"IDN.2.5.1.3_1","GID_0":"IDN","COUNTRY":"Indonesia","GID_1":"IDN.2_1","NAME_1":"Bali","GID_2":"IDN.2.5_1","NAME_2":"Gianyar","GID_3":"IDN.2.5.1_1","NAME_3":"Blahbatuh","NAME_4":"Blahbatuh","VARNAME_4":"NA","TYPE_4":"Desa","ENGTYPE_4":"Village","CC_4":"5104020007"},"geometry":{"type":"MultiPolygon","coordinates":[[[[115.3082,-8.5564],[115.3077,-8.5635],[115.3052,-8.5653],[115.3058,-8.5748],[115.2987,-8.5768],[115.2984,-8.5711],[115.2998,-8.5693],[115.29,-8.5693],[115.2927,-8.5647],[115.2912,-8.553],[115.2987,-8.5498],[115.3013,-8.5514],[115.3023,-8.5547],[115.3082,-8.5564]]]]}},{"type":"Feature","properties":{"GID_4":"IDN.2.5.1.4_1","GID_0":"IDN","COUNTRY":"Indonesia","GID_1":"IDN.2_1","NAME_1":"Bali","GID_2":"IDN.2.5_1","NAME_2":"Gianyar","GID_3":"IDN.2.5.1_1","NAME_3":"Blahbatuh","NAME_4":"Bona","VARNAME_4":"NA","TYPE_4":"Desa","ENGTYPE_4":"Village","CC_4":"5104020005"},"geometry":{"type":"MultiPolygon","coordinates":[[[[115.3254,-8.5639],[115.3254,-8.5662],[115.3187,-8.5672],[115.3116,-8.5639],[115.3103,-8.5617],[115.3126,-8.5511],[115.3122,-8.5431],[115.3144,-8.5497],[115.3184,-8.5508],[115.3179,-8.552],[115.3252,-8.5582],[115.3254,-8.5639]]]]}},{"type":"Feature","properties":{"GID_4":"IDN.2.5.1.5_1","GID_0":"IDN","COUNTRY":"Indonesia","GID_1":"IDN.2_1","NAME_1":"Bali","GID_2":"IDN.2.5_1","NAME_2":"Gianyar","GID_3":"IDN.2.5.1_1","NAME_3":"Blahbatuh","NAME_4":"Buruan","VARNAME_4":"NA","TYPE_4":"Desa","ENGTYPE_4":"Village","CC_4":"5104020008"},"geometry":{"type":"MultiPolygon","coordinates":[[[[115.2899,-8.5406],[115.2973,-8.5382],[115.2999,-8.5317],[115.3012,-8.5351],[115.3034,-8.5352],[115.3063,-8.5388],[115.3118,-8.5393],[115.3126,-8.5515],[115.3082,-8.5564],[115.3023,-8.5547],[115.3013,-8.5514],[115.2987,-8.5498],[115.292,-8.5521],[115.2916,-8.5483],[115.29,-8.5473],[115.2912,-8.5442],[115.2893,-8.5429],[115.2899,-8.5406]]]]}},{"type":"Feature","properties":{"GID_4":"IDN.2.5.1.6_1","GID_0":"IDN","COUNTRY":"Indonesia","GID_1":"IDN.2_1","NAME_1":"Bali","GID_2":"IDN.2.5_1","NAME_2":"Gianyar","GID_3":"IDN.2.5.1_1","NAME_3":"Blahbatuh","NAME_4":"Keramas","VARNAME_4":"NA","TYPE_4":"Desa","ENGTYPE_4":"Village","CC_4":"5104020003"},"geometry":{"type":"MultiPolygon","coordinates":[[[[115.3169,-8.5755],[115.3197,-8.5699],[115.3252,-8.5683],[115.3284,-8.5706],[115.3324,-8.5792],[115.3301,-8.5875],[115.3367,-8.6],[115.3318,-8.6024],[115.3248,-8.5961],[115.3216,-8.5911],[115.3206,-8.5803],[115.3164,-8.5791],[115.3169,-8.5755]]]]}},{"type":"Feature","properties":{"GID_4":"IDN.2.5.1.7_1","GID_0":"IDN","COUNTRY":"Indonesia","GID_1":"IDN.2_1","NAME_1":"Bali","GID_2":"IDN.2.5_1","NAME_2":"Gianyar","GID_3":"IDN.2.5.1_1","NAME_3":"Blahbatuh","NAME_4":"Medahan","VARNAME_4":"NA","TYPE_4":"Desa","ENGTYPE_4":"Village","CC_4":"5104020004"},"geometry":{"type":"MultiPolygon","coordinates":[[[[115.3367,-8.6],[115.3301,-8.5875],[115.3324,-8.5792],[115.328,-8.5711],[115.3376,-8.5694],[115.3373,-8.5723],[115.3415,-8.5811],[115.3437,-8.5813],[115.346,-8.5848],[115.3492,-8.5819],[115.3518,-8.5854],[115.3499,-8.5909],[115.3466,-8.5947],[115.3367,-8.6]]]]}},{"type":"Feature","properties":{"GID_4":"IDN.2.5.1.8_1","GID_0":"IDN","COUNTRY":"Indonesia","GID_1":"IDN.2_1","NAME_1":"Bali","GID_2":"IDN.2.5_1","NAME_2":"Gianyar","GID_3":"IDN.2.5.1_1","NAME_3":"Blahbatuh","NAME_4":"Pering","VARNAME_4":"NA","TYPE_4":"Desa","ENGTYPE_4":"Village","CC_4":"5104020002"},"geometry":{"type":"MultiPolygon","coordinates":[[[[115.3058,-8.5748],[115.3094,-8.5806],[115.3119,-8.5798],[115.3148,-8.5748],[115.3167,-8.5751],[115.3165,-8.5793],[115.3206,-8.5805],[115.3223,-8.5929],[115.3318,-8.6024],[115.3232,-8.6101],[115.3216,-8.6067],[115.3138,-8.6024],[115.3109,-8.5978],[115.2981,-8.5856],[115.2987,-8.5768],[115.3058,-8.5748]]]]}},{"type":"Feature","properties":{"GID_4":"IDN.2.5.1.9_1","GID_0":"IDN","COUNTRY":"Indonesia","GID_1":"IDN.2_1","NAME_1":"Bali","GID_2":"IDN.2.5_1","NAME_2":"Gianyar","GID_3":"IDN.2.5.1_1","NAME_3":"Blahbatuh","NAME_4":"Saba","VARNAME_4":"NA","TYPE_4":"Desa","ENGTYPE_4":"Village","CC_4":"5104020001"},"geometry":{"type":"MultiPolygon","coordinates":[[[[115.2904,-8.5701],[115.2998,-8.5693],[115.2984,-8.5711],[115.2981,-8.5856],[115.3109,-8.5978],[115.3138,-8.6024],[115.3216,-8.6067],[115.3232,-8.6101],[115.3223,-8.6136],[115.3164,-8.6156],[115.3132,-8.6131],[115.3113,-8.6085],[115.3084,-8.6092],[115.298,-8.6],[115.2979,-8.5979],[115.2894,-8.5919],[115.2883,-8.5862],[115.2905,-8.5842],[115.2893,-8.5815],[115.2911,-8.5745],[115.2904,-8.5701]]]]}},{"type":"Feature","properties":{"GID_4":"IDN.2.5.2.1_1","GID_0":"IDN","COUNTRY":"Indonesia","GID_1":"IDN.2_1","NAME_1":"Bali","GID_2":"IDN.2.5_1","NAME_2":"Gianyar","GID_3":"IDN.2.5.2_1","NAME_3":"Gianyar","NAME_4":"Abianbase","VARNAME_4":"NA","TYPE_4":"Desa","ENGTYPE_4":"Village","CC_4":"5104030007"},"geometry":{"type":"MultiPolygon","coordinates":[[[[115.3253,-8.5643],[115.3258,-8.5596],[115.3202,-8.5492],[115.3257,-8.5488],[115.3256,-8.5473],[115.3273,-8.5471],[115.327,-8.5442],[115.3283,-8.5472],[115.3332,-8.544],[115.3339,-8.5526],[115.3315,-8.5532],[115.3328,-8.5587],[115.3308,-8.5664],[115.3329,-8.5705],[115.3295,-8.5712],[115.3252,-8.5687],[115.3253,-8.5643]]]]}},{"type":"Feature","properties":{"GID_4":"IDN.2.5.2.2_1","GID_0":"IDN","COUNTRY":"Indonesia","GID_1":"IDN.2_1","NAME_1":"Bali","GID_2":"IDN.2.5_1","NAME_2":"Gianyar","GID_3":"IDN.2.5.2_1","NAME_3":"Gianyar","NAME_4":"Bakbakan","VARNAME_4":"NA","TYPE_4":"Desa","ENGTYPE_4":"Village","CC_4":"5104030011"},"geometry":{"type":"MultiPolygon","coordinates":[[[[115.3251,-8.4898],[115.3242,-8.4907],[115.3265,-8.4925],[115.329,-8.5002],[115.3296,-8.5077],[115.3324,-8.5095],[115.3298,-8.5104],[115.3291,-8.513],[115.332,-8.5155],[115.3308,-8.5174],[115.3322,-8.522],[115.3303,-8.5243],[115.3239,-8.5241],[115.3222,-8.5264],[115.3214,-8.5165],[115.3152,-8.5178],[115.315,-8.515],[115.3176,-8.5054],[115.3166,-8.5041],[115.3189,-8.4889],[115.3251,-8.4898]]]]}},{"type":"Feature","properties":{"GID_4":"IDN.2.5.2.3_1","GID_0":"IDN","COUNTRY":"Indonesia","GID_1":"IDN.2_1","NAME_1":"Bali","GID_2":"IDN.2.5_1","NAME_2":"Gianyar","GID_3":"IDN.2.5.2_1","NAME_3":"Gianyar","NAME_4":"Beng","VARNAME_4":"NA","TYPE_4":"Desa","ENGTYPE_4":"Village","CC_4":"5104030009"},"geometry":{"type":"MultiPolygon","coordinates":[[[[115.3221,-8.5263],[115.3244,-8.5239],[115.3303,-8.5243],[115.3344,-8.5297],[115.3328,-8.5368],[115.3207,-8.5354],[115.3224,-8.5313],[115.3221,-8.5263]]]]}},{"type":"Feature","properties":{"GID_4":"IDN.2.5.2.4_1","GID_0":"IDN","COUNTRY":"Indonesia","GID_1":"IDN.2_1","NAME_1":"Bali","GID_2":"IDN.2.5_1","NAME_2":"Gianyar","GID_3":"IDN.2.5.2_1","NAME_3":"Gianyar","NAME_4":"Bitera","VARNAME_4":"NA","TYPE_4":"Desa","ENGTYPE_4":"Village","CC_4":"5104030010"},"geometry":{"type":"MultiPolygon","coordinates":[[[[115.3118,-8.5393],[115.3068,-8.5271],[115.3071,-8.5234],[115.313,-8.5224],[115.3152,-8.5178],[115.3208,-8.5161],[115.3221,-8.5188],[115.3224,-8.5313],[115.3158,-8.5423],[115.32,-8.548],[115.3222,-8.5548],[115.3179,-8.552],[115.3182,-8.5507],[115.3144,-8.5497],[115.3118,-8.5393]]]]}},{"type":"Feature","properties":{"GID_4":"IDN.2.5.2.5_1","GID_0":"IDN","COUNTRY":"Indonesia","GID_1":"IDN.2_1","NAME_1":"Bali","GID_2":"IDN.2.5_1","NAME_2":"Gianyar","GID_3":"IDN.2.5.2_1","NAME_3":"Gianyar","NAME_4":"Gianyar","VARNAME_4":"NA","TYPE_4":"Desa","ENGTYPE_4":"Village","CC_4":"5104030008"},"geometry":{"type":"MultiPolygon","coordinates":[[[[115.3332,-8.544],[115.3283,-8.5472],[115.327,-8.5442],[115.3273,-8.5471],[115.3256,-8.5473],[115.3257,-8.5488],[115.3202,-8.5492],[115.3159,-8.5416],[115.3207,-8.5354],[115.3309,-8.5359],[115.3334,-8.5382],[115.3332,-8.544]]]]}},{"type":"Feature","properties":{"GID_4":"IDN.2.5.2.6_1","GID_0":"IDN","COUNTRY":"Indonesia","GID_1":"IDN.2_1","NAME_1":"Bali","GID_2":"IDN.2.5_1","NAME_2":"Gianyar","GID_3":"IDN.2.5.2_1","NAME_3":"Gianyar","NAME_4":"Lebih","VARNAME_4":"NA","TYPE_4":"Desa","ENGTYPE_4":"Village","CC_4":"5104030001"},"geometry":{"type":"MultiPolygon","coordinates":[[[[115.3517,-8.5853],[115.3464,-8.577],[115.3447,-8.5696],[115.3405,-8.5677],[115.3381,-8.5641],[115.3379,-8.5627],[115.3402,-8.5631],[115.3393,-8.559],[115.3481,-8.5635],[115.3533,-8.5749],[115.3617,-8.5777],[115.3517,-8.5853]]]]}},{"type":"Feature","properties":{"GID_4":"IDN.2.5.2.7_1","GID_0":"IDN","COUNTRY":"Indonesia","GID_1":"IDN.2_1","NAME_1":"Bali","GID_2":"IDN.2.5_1","NAME_2":"Gianyar","GID_3":"IDN.2.5.2_1","NAME_3":"Gianyar","NAME_4":"Petak","VARNAME_4":"NA","TYPE_4":"Desa","ENGTYPE_4":"Village","CC_4":"5104030014"},"geometry":{"type":"MultiPolygon","coordinates":[[[[115.3265,-8.4671],[115.3249,-8.469],[115.3277,-8.4773],[115.3269,-8.4873],[115.3251,-8.4898],[115.3189,-8.4889],[115.3135,-8.4759],[115.3123,-8.4761],[115.3139,-8.4659],[115.3265,-8.4671]]]]}},{"type":"Feature","properties":{"GID_4":"IDN.2.5.2.8_1","GID_0":"IDN","COUNTRY":"Indonesia","GID_1":"IDN.2_1","NAME_1":"Bali","GID_2":"IDN.2.5_1","NAME_2":"Gianyar","GID_3":"IDN.2.5.2_1","NAME_3":"Gianyar","NAME_4":"PetakKaja","VARNAME_4":"NA","TYPE_4":"Desa","ENGTYPE_4":"Village","CC_4":"5104030015"},"geometry":{"type":"MultiPolygon","coordinates":[[[[115.3245,-8.4534],[115.3233,-8.456],[115.325,-8.4573],[115.3266,-8.4671],[115.3139,-8.4659],[115.3162,-8.4551],[115.3139,-8.4532],[115.3145,-8.4499],[115.317,-8.4478],[115.3159,-8.4427],[115.3182,-8.4394],[115.3209,-8.4407],[115.3206,-8.4447],[115.3239,-8.4495],[115.3245,-8.4534]]]]}},{"type":"Feature","properties":{"GID_4":"IDN.2.5.2.9_1","GID_0":"IDN","COUNTRY":"Indonesia","GID_1":"IDN.2_1","NAME_1":"Bali","GID_2":"IDN.2.5_1","NAME_2":"Gianyar","GID_3":"IDN.2.5.2_1","NAME_3":"Gianyar","NAME_4":"Samplangan","VARNAME_4":"NA","TYPE_4":"Desa","ENGTYPE_4":"Village","CC_4":"5104030005"},"geometry":{"type":"MultiPolygon","coordinates":[[[[115.3347,-8.5184],[115.3345,-8.5214],[115.3405,-8.5241],[115.3428,-8.5294],[115.3465,-8.53],[115.3448,-8.5362],[115.3458,-8.5422],[115.3444,-8.5481],[115.3425,-8.5497],[115.3377,-8.5478],[115.3367,-8.5438],[115.3329,-8.54],[115.333,-8.5319],[115.3344,-8.5297],[115.3302,-8.5251],[115.3322,-8.522],[115.3308,-8.5168],[115.332,-8.5158],[115.3347,-8.5184]]]]}},{"type":"Feature","properties":{"GID_4":"IDN.2.5.2.10_1","GID_0":"IDN","COUNTRY":"Indonesia","GID_1":"IDN.2_1","NAME_1":"Bali","GID_2":"IDN.2.5_1","NAME_2":"Gianyar","GID_3":"IDN.2.5.2_1","NAME_3":"Gianyar","NAME_4":"Serongga","VARNAME_4":"NA","TYPE_4":"Desa","ENGTYPE_4":"Village","CC_4":"5104030006"},"geometry":{"type":"MultiPolygon","coordinates":[[[[115.3493,-8.582],[115.3457,-8.5847],[115.3438,-8.5814],[115.3405,-8.5795],[115.3373,-8.5723],[115.3378,-8.5695],[115.3329,-8.5705],[115.3309,-8.5667],[115.3328,-8.5587],[115.3315,-8.5532],[115.3351,-8.5537],[115.3381,-8.5641],[115.3405,-8.5677],[115.3447,-8.5696],[115.346,-8.576],[115.3493,-8.582]]]]}},{"type":"Feature","properties":{"GID_4":"IDN.2.5.2.11_1","GID_0":"IDN","COUNTRY":"Indonesia","GID_1":"IDN.2_1","NAME_1":"Bali","GID_2":"IDN.2.5_1","NAME_2":"Gianyar","GID_3":"IDN.2.5.2_1","NAME_3":"Gianyar","NAME_4":"Siangan","VARNAME_4":"NA","TYPE_4":"Desa","ENGTYPE_4":"Village","CC_4":"5104030012"},"geometry":{"type":"MultiPolygon","coordinates":[[[[115.3189,-8.4889],[115.3152,-8.52],[115.3129,-8.5224],[115.3071,-8.5234],[115.3082,-8.52],[115.3036,-8.5141],[115.303,-8.509],[115.3081,-8.5015],[115.3067,-8.4988],[115.3078,-8.4936],[115.3097,-8.4938],[115.3106,-8.4891],[115.3189,-8.4889]]]]}},{"type":"Feature","properties":{"GID_4":"IDN.2.5.2.12_1","GID_0":"IDN","COUNTRY":"Indonesia","GID_1":"IDN.2_1","NAME_1":"Bali","GID_2":"IDN.2.5_1","NAME_2":"Gianyar","GID_3":"IDN.2.5.2_1","NAME_3":"Gianyar","NAME_4":"Sidan","VARNAME_4":"NA","TYPE_4":"Desa","ENGTYPE_4":"Village","CC_4":"5104030004"},"geometry":{"type":"MultiPolygon","coordinates":[[[[115.3387,-8.5232],[115.3448,-8.5249],[115.3576,-8.5209],[115.3578,-8.5234],[115.3605,-8.5246],[115.3615,-8.533],[115.3552,-8.5329],[115.3534,-8.5338],[115.3531,-8.5387],[115.3488,-8.5391],[115.3449,-8.5369],[115.3464,-8.5298],[115.3427,-8.5293],[115.3406,-8.5242],[115.3387,-8.5232]]]]}},{"type":"Feature","properties":{"GID_4":"IDN.2.5.2.13_1","GID_0":"IDN","COUNTRY":"Indonesia","GID_1":"IDN.2_1","NAME_1":"Bali","GID_2":"IDN.2.5_1","NAME_2":"Gianyar","GID_3":"IDN.2.5.2_1","NAME_3":"Gianyar","NAME_4":"Sumita","VARNAME_4":"NA","TYPE_4":"Desa","ENGTYPE_4":"Village","CC_4":"5104030016"},"geometry":{"type":"MultiPolygon","coordinates":[[[[115.3139,-8.4532],[115.3162,-8.4551],[115.312,-8.4815],[115.307,-8.4831],[115.3026,-8.4695],[115.3111,-8.46],[115.3105,-8.4586],[115.3126,-8.4566],[115.311,-8.4553],[115.3139,-8.4532]]]]}},{"type":"Feature","properties":{"GID_4":"IDN.2.5.2.14_1","GID_0":"IDN","COUNTRY":"Indonesia","GID_1":"IDN.2_1","NAME_1":"Bali","GID_2":"IDN.2.5_1","NAME_2":"Gianyar","GID_3":"IDN.2.5.2_1","NAME_3":"Gianyar","NAME_4":"Suwat","VARNAME_4":"NA","TYPE_4":"Desa","ENGTYPE_4":"Village","CC_4":"5104030013"},"geometry":{"type":"MultiPolygon","coordinates":[[[[115.3123,-8.4761],[115.3135,-8.4759],[115.3189,-8.4889],[115.3106,-8.4891],[115.3097,-8.4938],[115.3085,-8.4938],[115.3087,-8.4846],[115.307,-8.4831],[115.312,-8.4815],[115.3123,-8.4761]]]]}},{"type":"Feature","properties":{"GID_4":"IDN.2.5.2.15_1","GID_0":"IDN","COUNTRY":"Indonesia","GID_1":"IDN.2_1","NAME_1":"Bali","GID_2":"IDN.2.5_1","NAME_2":"Gianyar","GID_3":"IDN.2.5.2_1","NAME_3":"Gianyar","NAME_4":"TegalTugu","VARNAME_4":"NA","TYPE_4":"Desa","ENGTYPE_4":"Village","CC_4":"5104030017"},"geometry":{"type":"MultiPolygon","coordinates":[[[[115.3339,-8.5526],[115.3326,-8.5418],[115.3337,-8.5411],[115.3394,-8.5491],[115.3458,-8.5485],[115.3472,-8.5546],[115.3461,-8.5576],[115.3488,-8.5597],[115.3481,-8.5633],[115.3407,-8.559],[115.3391,-8.5592],[115.3402,-8.5631],[115.3382,-8.5627],[115.3339,-8.5526]]]]}},{"type":"Feature","properties":{"GID_4":"IDN.2.5.2.16_1","GID_0":"IDN","COUNTRY":"Indonesia","GID_1":"IDN.2_1","NAME_1":"Bali","GID_2":"IDN.2.5_1","NAME_2":"Gianyar","GID_3":"IDN.2.5.2_1","NAME_3":"Gianyar","NAME_4":"Temesi","VARNAME_4":"NA","TYPE_4":"Desa","ENGTYPE_4":"Village","CC_4":"5104030003"},"geometry":{"type":"MultiPolygon","coordinates":[[[[115.359,-8.5765],[115.3533,-8.5749],[115.348,-8.5634],[115.3488,-8.5597],[115.3461,-8.5576],[115.3468,-8.5526],[115.3459,-8.5487],[115.3438,-8.547],[115.3458,-8.5421],[115.3457,-8.5371],[115.3488,-8.5391],[115.3531,-8.5387],[115.3544,-8.5421],[115.3543,-8.5445],[115.3514,-8.5471],[115.3512,-8.5506],[115.3568,-8.5593],[115.3569,-8.5665],[115.3587,-8.5712],[115.3577,-8.5751],[115.359,-8.5765]]]]}},{"type":"Feature","properties":{"GID_4":"IDN.2.5.2.17_1","GID_0":"IDN","COUNTRY":"Indonesia","GID_1":"IDN.2_1","NAME_1":"Bali","GID_2":"IDN.2.5_1","NAME_2":"Gianyar","GID_3":"IDN.2.5.2_1","NAME_3":"Gianyar","NAME_4":"Tulikup","VARNAME_4":"NA","TYPE_4":"Desa","ENGTYPE_4":"Village","CC_4":"5104030002"},"geometry":{"type":"MultiPolygon","coordinates":[[[[115.3617,-8.5777],[115.3578,-8.5752],[115.3587,-8.5712],[115.3569,-8.5665],[115.3568,-8.5593],[115.3512,-8.5506],[115.3514,-8.5471],[115.3543,-8.5444],[115.3523,-8.5368],[115.3534,-8.5338],[115.356,-8.5326],[115.3631,-8.5347],[115.3636,-8.545],[115.3612,-8.5484],[115.3637,-8.5498],[115.3648,-8.5575],[115.3666,-8.5597],[115.3651,-8.5618],[115.3683,-8.5618],[115.3677,-8.5639],[115.3693,-8.5635],[115.3695,-8.5667],[115.371,-8.5669],[115.371,-8.575],[115.3617,-8.5777]]]]}},{"type":"Feature","properties":{"GID_4":"IDN.2.5.3.1_1","GID_0":"IDN","COUNTRY":"Indonesia","GID_1":"IDN.2_1","NAME_1":"Bali","GID_2":"IDN.2.5_1","NAME_2":"Gianyar","GID_3":"IDN.2.5.3_1","NAME_3":"Payangan","NAME_4":"Beresela","VARNAME_4":"NA","TYPE_4":"Desa","ENGTYPE_4":"Village","CC_4":"5104070004"},"geometry":{"type":"MultiPolygon","coordinates":[[[[115.2593,-8.4253],[115.2636,-8.4215],[115.2693,-8.4234],[115.2713,-8.4197],[115.2777,-8.4219],[115.2765,-8.4279],[115.2774,-8.4293],[115.2736,-8.4355],[115.2717,-8.4355],[115.2694,-8.4326],[115.2686,-8.4347],[115.2658,-8.434],[115.2667,-8.4288],[115.2647,-8.4294],[115.2593,-8.4253]]]]}},{"type":"Feature","properties":{"GID_4":"IDN.2.5.3.2_1","GID_0":"IDN","COUNTRY":"Indonesia","GID_1":"IDN.2_1","NAME_1":"Bali","GID_2":"IDN.2.5_1","NAME_2":"Gianyar","GID_3":"IDN.2.5.3_1","NAME_3":"Payangan","NAME_4":"Buahan","VARNAME_4":"NA","TYPE_4":"Desa","ENGTYPE_4":"Village","CC_4":"5104070007"},"geometry":{"type":"MultiPolygon","coordinates":[[[[115.2325,-8.4271],[115.2307,-8.4259],[115.2305,-8.4192],[115.2283,-8.4165],[115.2292,-8.4114],[115.2274,-8.4093],[115.2293,-8.4075],[115.2278,-8.402],[115.2284,-8.3951],[115.2324,-8.391],[115.2366,-8.3799],[115.2394,-8.3795],[115.243,-8.3649],[115.2442,-8.3759],[115.2463,-8.3734],[115.2464,-8.3701],[115.248,-8.3706],[115.2513,-8.3657],[115.2542,-8.3674],[115.2532,-8.3706],[115.2539,-8.3721],[115.2559,-8.372],[115.2551,-8.3756],[115.2457,-8.3841],[115.2399,-8.3854],[115.238,-8.3887],[115.2404,-8.3955],[115.2404,-8.4135],[115.2334,-8.4225],[115.2325,-8.4271]]]]}},{"type":"Feature","properties":{"GID_4":"IDN.2.5.3.3_1","GID_0":"IDN","COUNTRY":"Indonesia","GID_1":"IDN.2_1","NAME_1":"Bali","GID_2":"IDN.2.5_1","NAME_2":"Gianyar","GID_3":"IDN.2.5.3_1","NAME_3":"Payangan","NAME_4":"BuahanKaja","VARNAME_4":"NA","TYPE_4":"Desa","ENGTYPE_4":"Village","CC_4":"5104070008"},"geometry":{"type":"MultiPolygon","coordinates":[[[[115.2359,-8.3561],[115.2403,-8.3459],[115.2421,-8.3455],[115.2416,-8.3429],[115.2436,-8.3429],[115.2446,-8.3407],[115.2478,-8.3414],[115.2493,-8.3383],[115.248,-8.3319],[115.2434,-8.3293],[115.2466,-8.325],[115.2449,-8.3219],[115.249,-8.3205],[115.2474,-8.3175],[115.251,-8.3145],[115.2589,-8.3151],[115.2628,-8.3191],[115.2644,-8.3245],[115.2625,-8.3329],[115.2588,-8.3367],[115.2594,-8.345],[115.2579,-8.346],[115.2591,-8.3479],[115.2576,-8.3495],[115.2593,-8.3529],[115.255,-8.3611],[115.2568,-8.3712],[115.2538,-8.372],[115.2542,-8.3674],[115.2513,-8.3657],[115.248,-8.3706],[115.2464,-8.3701],[115.2463,-8.3734],[115.2442,-8.3759],[115.243,-8.3649],[115.2394,-8.3795],[115.2366,-8.3799],[115.2324,-8.391],[115.2285,-8.395],[115.2267,-8.3941],[115.2254,-8.3883],[115.2283,-8.384],[115.2313,-8.3841],[115.2317,-8.3788],[115.2353,-8.3741],[115.2345,-8.3696],[115.2333,-8.3695],[115.237,-8.365],[115.2343,-8.3585],[115.2359,-8.3561]]]]}},{"type":"Feature","properties":{"GID_4":"IDN.2.5.3.4_1","GID_0":"IDN","COUNTRY":"Indonesia","GID_1":"IDN.2_1","NAME_1":"Bali","GID_2":"IDN.2.5_1","NAME_2":"Gianyar","GID_3":"IDN.2.5.3_1","NAME_3":"Payangan","NAME_4":"Bukian","VARNAME_4":"NA","TYPE_4":"Desa","ENGTYPE_4":"Village","CC_4":"5104070005"},"geometry":{"type":"MultiPolygon","coordinates":[[[[115.2655,-8.4214],[115.2595,-8.4248],[115.2533,-8.438],[115.2516,-8.4387],[115.2488,-8.4345],[115.2496,-8.4322],[115.2467,-8.4222],[115.2468,-8.4122],[115.2487,-8.4119],[115.2503,-8.414],[115.2559,-8.3973],[115.2668,-8.3941],[115.2698,-8.3967],[115.2719,-8.396],[115.2725,-8.3989],[115.269,-8.4018],[115.271,-8.4096],[115.2682,-8.4121],[115.2678,-8.4177],[115.2655,-8.4214]]]]}},{"type":"Feature","properties":{"GID_4":"IDN.2.5.3.5_1","GID_0":"IDN","COUNTRY":"Indonesia","GID_1":"IDN.2_1","NAME_1":"Bali","GID_2":"IDN.2.5_1","NAME_2":"Gianyar","GID_3":"IDN.2.5.3_1","NAME_3":"Payangan","NAME_4":"Kelusa","VARNAME_4":"NA","TYPE_4":"Desa","ENGTYPE_4":"Village","CC_4":"5104070003"},"geometry":{"type":"MultiPolygon","coordinates":[[[[115.2593,-8.4253],[115.2647,-8.4294],[115.2667,-8.4288],[115.2658,-8.434],[115.2686,-8.4347],[115.2694,-8.4326],[115.2737,-8.436],[115.2709,-8.4384],[115.2717,-8.4451],[115.2698,-8.4464],[115.2619,-8.4457],[115.2624,-8.4431],[115.2587,-8.4429],[115.2595,-8.4552],[115.2559,-8.4622],[115.2559,-8.476],[115.2522,-8.4735],[115.2515,-8.4676],[115.2488,-8.4651],[115.2506,-8.4607],[115.2485,-8.4597],[115.247,-8.4552],[115.2495,-8.452],[115.2487,-8.4479],[115.2511,-8.4469],[115.2524,-8.4439],[115.2514,-8.439],[115.2533,-8.438],[115.2593,-8.4253]]]]}},{"type":"Feature","properties":{"GID_4":"IDN.2.5.3.6_1","GID_0":"IDN","COUNTRY":"Indonesia","GID_1":"IDN.2_1","NAME_1":"Bali","GID_2":"IDN.2.5_1","NAME_2":"Gianyar","GID_3":"IDN.2.5.3_1","NAME_3":"Payangan","NAME_4":"Kerta","VARNAME_4":"NA","TYPE_4":"Desa","ENGTYPE_4":"Village","CC_4":"5104070009"},"geometry":{"type":"MultiPolygon","coordinates":[[[[115.2915,-8.3236],[115.2943,-8.3282],[115.2932,-8.331],[115.2948,-8.3327],[115.2941,-8.3421],[115.2918,-8.3471],[115.2854,-8.3525],[115.2843,-8.3578],[115.2789,-8.3639],[115.279,-8.3665],[115.2777,-8.3679],[115.2738,-8.3654],[115.273,-8.3625],[115.2655,-8.3606],[115.2607,-8.3637],[115.2596,-8.3702],[115.2567,-8.371],[115.255,-8.3611],[115.2593,-8.3529],[115.2576,-8.3495],[115.2591,-8.3479],[115.2579,-8.346],[115.2594,-8.345],[115.2589,-8.3364],[115.2645,-8.3318],[115.271,-8.3226],[115.2772,-8.3199],[115.2845,-8.3136],[115.291,-8.3162],[115.2915,-8.3236]]]]}},{"type":"Feature","properties":{"GID_4":"IDN.2.5.3.7_1","GID_0":"IDN","COUNTRY":"Indonesia","GID_1":"IDN.2_1","NAME_1":"Bali","GID_2":"IDN.2.5_1","NAME_2":"Gianyar","GID_3":"IDN.2.5.3_1","NAME_3":"Payangan","NAME_4":"Melinggih","VARNAME_4":"NA","TYPE_4":"Desa","ENGTYPE_4":"Village","CC_4":"5104070002"},"geometry":{"type":"MultiPolygon","coordinates":[[[[115.2299,-8.4422],[115.2304,-8.437],[115.2318,-8.4357],[115.2311,-8.4336],[115.2334,-8.4293],[115.232,-8.4259],[115.2334,-8.4225],[115.2365,-8.4198],[115.2403,-8.4116],[115.2442,-8.4135],[115.2468,-8.4122],[115.2467,-8.4222],[115.2514,-8.4408],[115.246,-8.4406],[115.2457,-8.4369],[115.2443,-8.4367],[115.2398,-8.4372],[115.2299,-8.4422]]]]}},{"type":"Feature","properties":{"GID_4":"IDN.2.5.3.8_1","GID_0":"IDN","COUNTRY":"Indonesia","GID_1":"IDN.2_1","NAME_1":"Bali","GID_2":"IDN.2.5_1","NAME_2":"Gianyar","GID_3":"IDN.2.5.3_1","NAME_3":"Payangan","NAME_4":"MelinggihKelod","VARNAME_4":"NA","TYPE_4":"Desa","ENGTYPE_4":"Village","CC_4":"5104070001"},"geometry":{"type":"MultiPolygon","coordinates":[[[[115.2411,-8.4636],[115.2362,-8.4585],[115.2342,-8.4523],[115.2313,-8.4505],[115.2327,-8.4484],[115.2318,-8.4472],[115.2308,-8.4481],[115.2299,-8.4422],[115.2398,-8.4372],[115.2443,-8.4367],[115.2457,-8.4369],[115.246,-8.4406],[115.2514,-8.4408],[115.2524,-8.4439],[115.2481,-8.4494],[115.2489,-8.4532],[115.2417,-8.4575],[115.2411,-8.4636]]]]}},{"type":"Feature","properties":{"GID_4":"IDN.2.5.3.9_1","GID_0":"IDN","COUNTRY":"Indonesia","GID_1":"IDN.2_1","NAME_1":"Bali","GID_2":"IDN.2.5_1","NAME_2":"Gianyar","GID_3":"IDN.2.5.3_1","NAME_3":"Payangan","NAME_4":"Puhu","VARNAME_4":"NA","TYPE_4":"Desa","ENGTYPE_4":"Village","CC_4":"5104070006"},"geometry":{"type":"MultiPolygon","coordinates":[[[[115.2559,-8.372],[115.2598,-8.3701],[115.2607,-8.3637],[115.2626,-8.362],[115.268,-8.3603],[115.273,-8.3625],[115.2738,-8.3654],[115.2777,-8.3679],[115.2744,-8.3733],[115.2745,-8.3767],[115.2773,-8.3795],[115.2739,-8.3868],[115.2747,-8.3903],[115.2722,-8.3958],[115.2701,-8.3967],[115.2658,-8.3941],[115.2559,-8.3973],[115.2503,-8.414],[115.2487,-8.4119],[115.2435,-8.4134],[115.2403,-8.4116],[115.2404,-8.3955],[115.238,-8.3887],[115.2399,-8.3854],[115.2457,-8.3841],[115.2493,-8.3795],[115.2543,-8.3771],[115.2559,-8.372]]]]}},{"type":"Feature","properties":{"GID_4":"IDN.2.5.4.1_1","GID_0":"IDN","COUNTRY":"Indonesia","GID_1":"IDN.2_1","NAME_1":"Bali","GID_2":"IDN.2.5_1","NAME_2":"Gianyar","GID_3":"IDN.2.5.4_1","NAME_3":"Sukawati","NAME_4":"Batuan","VARNAME_4":"NA","TYPE_4":"Desa","ENGTYPE_4":"Village","CC_4":"5104010010"},"geometry":{"type":"MultiPolygon","coordinates":[[[[115.2883,-8.5873],[115.2893,-8.5909],[115.2755,-8.5895],[115.2766,-8.5944],[115.2712,-8.5962],[115.2699,-8.5919],[115.2666,-8.5893],[115.2656,-8.5851],[115.2648,-8.5869],[115.2621,-8.5774],[115.2652,-8.5791],[115.2716,-8.5785],[115.2708,-8.5759],[115.2775,-8.5748],[115.2802,-8.5761],[115.2883,-8.5873]]]]}},{"type":"Feature","properties":{"GID_4":"IDN.2.5.4.2_1","GID_0":"IDN","COUNTRY":"Indonesia","GID_1":"IDN.2_1","NAME_1":"Bali","GID_2":"IDN.2.5_1","NAME_2":"Gianyar","GID_3":"IDN.2.5.4_1","NAME_3":"Sukawati","NAME_4":"BatuanKaler","VARNAME_4":"NA","TYPE_4":"Desa","ENGTYPE_4":"Village","CC_4":"5104010011"},"geometry":{"type":"MultiPolygon","coordinates":[[[[115.285,-8.5821],[115.2773,-8.5747],[115.2708,-8.5759],[115.2716,-8.5785],[115.2682,-8.579],[115.268,-8.5614],[115.2807,-8.5629],[115.2805,-8.5648],[115.2836,-8.5655],[115.285,-8.5821]]]]}},{"type":"Feature","properties":{"GID_4":"IDN.2.5.4.3_1","GID_0":"IDN","COUNTRY":"Indonesia","GID_1":"IDN.2_1","NAME_1":"Bali","GID_2":"IDN.2.5_1","NAME_2":"Gianyar","GID_3":"IDN.2.5.4_1","NAME_3":"Sukawati","NAME_4":"Batubulan","VARNAME_4":"NA","TYPE_4":"Desa","ENGTYPE_4":"Village","CC_4":"5104010001"},"geometry":{"type":"MultiPolygon","coordinates":[[[[115.2423,-8.6031],[115.2463,-8.5959],[115.2478,-8.596],[115.2475,-8.5996],[115.2533,-8.5992],[115.2529,-8.6043],[115.2664,-8.6002],[115.2663,-8.605],[115.2614,-8.6078],[115.2646,-8.6174],[115.2639,-8.6193],[115.2693,-8.6254],[115.2719,-8.6411],[115.2761,-8.6443],[115.2803,-8.6449],[115.275,-8.6502],[115.2715,-8.6471],[115.2693,-8.6414],[115.2658,-8.6414],[115.2645,-8.6374],[115.2603,-8.6363],[115.2561,-8.6283],[115.2557,-8.6229],[115.2439,-8.6112],[115.2423,-8.6031]]]]}},{"type":"Feature","properties":{"GID_4":"IDN.2.5.4.4_1","GID_0":"IDN","COUNTRY":"Indonesia","GID_1":"IDN.2_1","NAME_1":"Bali","GID_2":"IDN.2.5_1","NAME_2":"Gianyar","GID_3":"IDN.2.5.4_1","NAME_3":"Sukawati","NAME_4":"BatubulanKangin","VARNAME_4":"NA","TYPE_4":"Desa","ENGTYPE_4":"Village","CC_4":"5104010002"},"geometry":{"type":"MultiPolygon","coordinates":[[[[115.2716,-8.6353],[115.2693,-8.6254],[115.2638,-8.6191],[115.2646,-8.6174],[115.2614,-8.6078],[115.2663,-8.605],[115.2724,-8.6051],[115.2763,-8.6068],[115.2762,-8.6109],[115.2811,-8.6161],[115.282,-8.6195],[115.2771,-8.6248],[115.2769,-8.6311],[115.2736,-8.6326],[115.2735,-8.6353],[115.2716,-8.6353]]]]}},{"type":"Feature","properties":{"GID_4":"IDN.2.5.4.5_1","GID_0":"IDN","COUNTRY":"Indonesia","GID_1":"IDN.2_1","NAME_1":"Bali","GID_2":"IDN.2.5_1","NAME_2":"Gianyar","GID_3":"IDN.2.5.4_1","NAME_3":"Sukawati","NAME_4":"Celuk","VARNAME_4":"NA","TYPE_4":"Desa","ENGTYPE_4":"Village","CC_4":"5104010006"},"geometry":{"type":"MultiPolygon","coordinates":[[[[115.2685,-8.5915],[115.2713,-8.5946],[115.2722,-8.5986],[115.2758,-8.5989],[115.2832,-8.6038],[115.2763,-8.6068],[115.2724,-8.6051],[115.2663,-8.605],[115.2666,-8.5921],[115.2685,-8.5915]]]]}},{"type":"Feature","properties":{"GID_4":"IDN.2.5.4.6_1","GID_0":"IDN","COUNTRY":"Indonesia","GID_1":"IDN.2_1","NAME_1":"Bali","GID_2":"IDN.2.5_1","NAME_2":"Gianyar","GID_3":"IDN.2.5.4_1","NAME_3":"Sukawati","NAME_4":"Guwang","VARNAME_4":"NA","TYPE_4":"Desa","ENGTYPE_4":"Village","CC_4":"5104010004"},"geometry":{"type":"MultiPolygon","coordinates":[[[[115.282,-8.6195],[115.2811,-8.6161],[115.2762,-8.6109],[115.2763,-8.6068],[115.2794,-8.6044],[115.2864,-8.6046],[115.2941,-8.6131],[115.2971,-8.6138],[115.2911,-8.6158],[115.2907,-8.6244],[115.2888,-8.6265],[115.2835,-8.6238],[115.282,-8.6195]]]]}},{"type":"Feature","properties":{"GID_4":"IDN.2.5.4.7_1","GID_0":"IDN","COUNTRY":"Indonesia","GID_1":"IDN.2_1","NAME_1":"Bali","GID_2":"IDN.2.5_1","NAME_2":"Gianyar","GID_3":"IDN.2.5.4_1","NAME_3":"Sukawati","NAME_4":"Kemenuh","VARNAME_4":"NA","TYPE_4":"Desa","ENGTYPE_4":"Village","CC_4":"5104010012"},"geometry":{"type":"MultiPolygon","coordinates":[[[[115.2841,-8.5219],[115.2881,-8.5263],[115.287,-8.5292],[115.2925,-8.534],[115.2893,-8.5429],[115.2912,-8.5442],[115.2899,-8.5471],[115.292,-8.5502],[115.2927,-8.5647],[115.29,-8.569],[115.2911,-8.5743],[115.2893,-8.5815],[115.2905,-8.5842],[115.2881,-8.5874],[115.285,-8.5821],[115.2836,-8.5655],[115.2805,-8.5648],[115.2807,-8.5629],[115.2764,-8.5622],[115.2801,-8.5611],[115.2823,-8.5539],[115.2784,-8.544],[115.28,-8.5327],[115.2783,-8.5306],[115.2805,-8.523],[115.2778,-8.5199],[115.2789,-8.5166],[115.2841,-8.5219]]]]}},{"type":"Feature","properties":{"GID_4":"IDN.2.5.4.8_1","GID_0":"IDN","COUNTRY":"Indonesia","GID_1":"IDN.2_1","NAME_1":"Bali","GID_2":"IDN.2.5_1","NAME_2":"Gianyar","GID_3":"IDN.2.5.4_1","NAME_3":"Sukawati","NAME_4":"Ketewel","VARNAME_4":"NA","TYPE_4":"Desa","ENGTYPE_4":"Village","CC_4":"5104010003"},"geometry":{"type":"MultiPolygon","coordinates":[[[[115.2716,-8.6353],[115.2735,-8.6353],[115.2736,-8.6326],[115.2769,-8.6311],[115.2771,-8.6248],[115.282,-8.6195],[115.2835,-8.6238],[115.2882,-8.6267],[115.2907,-8.6244],[115.2915,-8.6153],[115.2965,-8.6138],[115.2999,-8.6154],[115.3016,-8.6193],[115.3017,-8.6276],[115.2855,-8.6429],[115.2804,-8.6458],[115.2758,-8.6442],[115.2719,-8.6411],[115.2703,-8.6372],[115.2716,-8.6353]]]]}},{"type":"Feature","properties":{"GID_4":"IDN.2.5.4.9_1","GID_0":"IDN","COUNTRY":"Indonesia","GID_1":"IDN.2_1","NAME_1":"Bali","GID_2":"IDN.2.5_1","NAME_2":"Gianyar","GID_3":"IDN.2.5.4_1","NAME_3":"Sukawati","NAME_4":"Singapadu","VARNAME_4":"NA","TYPE_4":"Desa","ENGTYPE_4":"Village","CC_4":"5104010007"},"geometry":{"type":"MultiPolygon","coordinates":[[[[115.2468,-8.5914],[115.2481,-8.5871],[115.2535,-8.5866],[115.2581,-8.588],[115.2656,-8.5871],[115.2685,-8.5915],[115.2666,-8.5921],[115.2664,-8.6002],[115.2533,-8.6044],[115.2533,-8.5992],[115.2475,-8.5996],[115.2468,-8.5914]]]]}},{"type":"Feature","properties":{"GID_4":"IDN.2.5.4.10_1","GID_0":"IDN","COUNTRY":"Indonesia","GID_1":"IDN.2_1","NAME_1":"Bali","GID_2":"IDN.2.5_1","NAME_2":"Gianyar","GID_3":"IDN.2.5.4_1","NAME_3":"Sukawati","NAME_4":"SingapaduKaler","VARNAME_4":"NA","TYPE_4":"Desa","ENGTYPE_4":"Village","CC_4":"5104010009"},"geometry":{"type":"MultiPolygon","coordinates":[[[[115.2449,-8.5583],[115.2415,-8.5561],[115.2391,-8.548],[115.2351,-8.5454],[115.234,-8.5413],[115.2441,-8.5403],[115.242,-8.5375],[115.2421,-8.5352],[115.2442,-8.5334],[115.2456,-8.5336],[115.248,-8.5397],[115.2465,-8.5443],[115.2484,-8.546],[115.2487,-8.5495],[115.2543,-8.5513],[115.2566,-8.5647],[115.2566,-8.5678],[115.2492,-8.5671],[115.2491,-8.5741],[115.2449,-8.5642],[115.2449,-8.5583]]]]}},{"type":"Feature","properties":{"GID_4":"IDN.2.5.4.11_1","GID_0":"IDN","COUNTRY":"Indonesia","GID_1":"IDN.2_1","NAME_1":"Bali","GID_2":"IDN.2.5_1","NAME_2":"Gianyar","GID_3":"IDN.2.5.4_1","NAME_3":"Sukawati","NAME_4":"SingapaduTengah","VARNAME_4":"NA","TYPE_4":"Desa","ENGTYPE_4":"Village","CC_4":"5104010008"},"geometry":{"type":"MultiPolygon","coordinates":[[[[115.2481,-8.5871],[115.2496,-8.585],[115.2492,-8.5671],[115.2566,-8.5678],[115.2592,-8.5742],[115.2631,-8.5761],[115.262,-8.5805],[115.2648,-8.5869],[115.2655,-8.5851],[115.2664,-8.5866],[115.2627,-8.5877],[115.2581,-8.588],[115.2535,-8.5866],[115.2481,-8.5871]]]]}},{"type":"Feature","properties":{"GID_4":"IDN.2.5.4.12_1","GID_0":"IDN","COUNTRY":"Indonesia","GID_1":"IDN.2_1","NAME_1":"Bali","GID_2":"IDN.2.5_1","NAME_2":"Gianyar","GID_3":"IDN.2.5.4_1","NAME_3":"Sukawati","NAME_4":"Sukawati","VARNAME_4":"NA","TYPE_4":"Desa","ENGTYPE_4":"Village","CC_4":"5104010005"},"geometry":{"type":"MultiPolygon","coordinates":[[[[115.2893,-8.5909],[115.2913,-8.5941],[115.2979,-8.5979],[115.298,-8.6],[115.302,-8.6042],[115.3084,-8.6092],[115.3113,-8.6085],[115.3132,-8.6131],[115.3169,-8.6157],[115.3062,-8.6216],[115.3018,-8.6269],[115.3016,-8.6193],[115.2997,-8.6152],[115.2957,-8.6125],[115.2941,-8.6131],[115.2864,-8.6046],[115.2758,-8.5989],[115.2736,-8.5994],[115.2712,-8.5969],[115.2766,-8.5944],[115.2755,-8.5895],[115.2893,-8.5909]]]]}},{"type":"Feature","properties":{"GID_4":"IDN.2.5.5.1_1","GID_0":"IDN","COUNTRY":"Indonesia","GID_1":"IDN.2_1","NAME_1":"Bali","GID_2":"IDN.2.5_1","NAME_2":"Gianyar","GID_3":"IDN.2.5.5_1","NAME_3":"Tampaksiring","NAME_4":"Manukaya","VARNAME_4":"NA","TYPE_4":"Desa","ENGTYPE_4":"Village","CC_4":"5104040008"},"geometry":{"type":"MultiPolygon","coordinates":[[[[115.3333,-8.3943],[115.3306,-8.4034],[115.3308,-8.4142],[115.319,-8.4337],[115.3117,-8.4224],[115.3145,-8.4175],[115.3091,-8.4147],[115.3094,-8.4126],[115.3069,-8.4098],[115.3078,-8.4025],[115.3148,-8.3973],[115.3158,-8.3939],[115.3208,-8.3899],[115.3212,-8.3826],[115.3233,-8.38],[115.3227,-8.3727],[115.3257,-8.3644],[115.3285,-8.3649],[115.3291,-8.3736],[115.3321,-8.3705],[115.3334,-8.3659],[115.3366,-8.3663],[115.3362,-8.3738],[115.3333,-8.3775],[115.3347,-8.38],[115.3371,-8.38],[115.3367,-8.3849],[115.3333,-8.3943]]]]}},{"type":"Feature","properties":{"GID_4":"IDN.2.5.5.2_1","GID_0":"IDN","COUNTRY":"Indonesia","GID_1":"IDN.2_1","NAME_1":"Bali","GID_2":"IDN.2.5_1","NAME_2":"Gianyar","GID_3":"IDN.2.5.5_1","NAME_3":"Tampaksiring","NAME_4":"Pejeng","VARNAME_4":"NA","TYPE_4":"Desa","ENGTYPE_4":"Village","CC_4":"5104040002"},"geometry":{"type":"MultiPolygon","coordinates":[[[[115.3005,-8.5209],[115.2976,-8.5182],[115.2885,-8.5179],[115.2866,-8.5191],[115.2883,-8.5147],[115.288,-8.5067],[115.2897,-8.4988],[115.2988,-8.5009],[115.3005,-8.5209]]]]}},{"type":"Feature","properties":{"GID_4":"IDN.2.5.5.3_1","GID_0":"IDN","COUNTRY":"Indonesia","GID_1":"IDN.2_1","NAME_1":"Bali","GID_2":"IDN.2.5_1","NAME_2":"Gianyar","GID_3":"IDN.2.5.5_1","NAME_3":"Tampaksiring","NAME_4":"PejengKaja","VARNAME_4":"NA","TYPE_4":"Desa","ENGTYPE_4":"Village","CC_4":"5104040005"},"geometry":{"type":"MultiPolygon","coordinates":[[[[115.2934,-8.4991],[115.2875,-8.4989],[115.2873,-8.4925],[115.2816,-8.489],[115.2835,-8.4865],[115.2828,-8.4808],[115.2862,-8.4775],[115.2883,-8.4678],[115.2962,-8.471],[115.299,-8.4701],[115.2934,-8.4991]]]]}},{"type":"Feature","properties":{"GID_4":"IDN.2.5.5.4_1","GID_0":"IDN","COUNTRY":"Indonesia","GID_1":"IDN.2_1","NAME_1":"Bali","GID_2":"IDN.2.5_1","NAME_2":"Gianyar","GID_3":"IDN.2.5.5_1","NAME_3":"Tampaksiring","NAME_4":"PejengKangin","VARNAME_4":"NA","TYPE_4":"Desa","ENGTYPE_4":"Village","CC_4":"5104040004"},"geometry":{"type":"MultiPolygon","coordinates":[[[[115.3034,-8.5107],[115.3036,-8.5113],[115.304,-8.5118],[115.3034,-8.5104],[115.3034,-8.5107]]],[[[115.3078,-8.4935],[115.3067,-8.4988],[115.3081,-8.5015],[115.3031,-8.5095],[115.3076,-8.5018],[115.3066,-8.4991],[115.2972,-8.5006],[115.2934,-8.4991],[115.2936,-8.4957],[115.2983,-8.4699],[115.3041,-8.466],[115.307,-8.458],[115.3112,-8.4557],[115.3126,-8.4567],[115.3105,-8.4586],[115.3111,-8.46],[115.3026,-8.4696],[115.307,-8.4831],[115.3087,-8.4846],[115.3078,-8.4935]]]]}},{"type":"Feature","properties":{"GID_4":"IDN.2.5.5.5_1","GID_0":"IDN","COUNTRY":"Indonesia","GID_1":"IDN.2_1","NAME_1":"Bali","GID_2":"IDN.2.5_1","NAME_2":"Gianyar","GID_3":"IDN.2.5.5_1","NAME_3":"Tampaksiring","NAME_4":"PejengKawan","VARNAME_4":"NA","TYPE_4":"Desa","ENGTYPE_4":"Village","CC_4":"5104040001"},"geometry":{"type":"MultiPolygon","coordinates":[[[[115.2866,-8.5191],[115.2856,-8.5225],[115.2837,-8.522],[115.2791,-8.5163],[115.2798,-8.5033],[115.2817,-8.4993],[115.2762,-8.4987],[115.2786,-8.4965],[115.2797,-8.4908],[115.2816,-8.489],[115.2873,-8.4925],[115.2875,-8.4989],[115.2897,-8.4988],[115.288,-8.5067],[115.2883,-8.5147],[115.2866,-8.5191]]]]}},{"type":"Feature","properties":{"GID_4":"IDN.2.5.5.6_1","GID_0":"IDN","COUNTRY":"Indonesia","GID_1":"IDN.2_1","NAME_1":"Bali","GID_2":"IDN.2.5_1","NAME_2":"Gianyar","GID_3":"IDN.2.5.5_1","NAME_3":"Tampaksiring","NAME_4":"PejengKelod","VARNAME_4":"NA","TYPE_4":"Desa","ENGTYPE_4":"Village","CC_4":"5104040003"},"geometry":{"type":"MultiPolygon","coordinates":[[[[115.3071,-8.5234],[115.3009,-8.5232],[115.3005,-8.5142],[115.2989,-8.512],[115.2988,-8.5009],[115.3038,-8.5003],[115.3046,-8.4987],[115.3076,-8.5012],[115.3029,-8.509],[115.3044,-8.5124],[115.3036,-8.5141],[115.3082,-8.52],[115.3071,-8.5234]]]]}},{"type":"Feature","properties":{"GID_4":"IDN.2.5.5.7_1","GID_0":"IDN","COUNTRY":"Indonesia","GID_1":"IDN.2_1","NAME_1":"Bali","GID_2":"IDN.2.5_1","NAME_2":"Gianyar","GID_3":"IDN.2.5.5_1","NAME_3":"Tampaksiring","NAME_4":"Sanding","VARNAME_4":"NA","TYPE_4":"Desa","ENGTYPE_4":"Village","CC_4":"5104040006"},"geometry":{"type":"MultiPolygon","coordinates":[[[[115.2983,-8.4699],[115.2962,-8.471],[115.2883,-8.4678],[115.2933,-8.4601],[115.2992,-8.4584],[115.3081,-8.4484],[115.3099,-8.4488],[115.3047,-8.465],[115.2983,-8.4699]]]]}},{"type":"Feature","properties":{"GID_4":"IDN.2.5.5.8_1","GID_0":"IDN","COUNTRY":"Indonesia","GID_1":"IDN.2_1","NAME_1":"Bali","GID_2":"IDN.2.5_1","NAME_2":"Gianyar","GID_3":"IDN.2.5.5_1","NAME_3":"Tampaksiring","NAME_4":"Tampaksiring","VARNAME_4":"NA","TYPE_4":"Desa","ENGTYPE_4":"Village","CC_4":"5104040007"},"geometry":{"type":"MultiPolygon","coordinates":[[[[115.319,-8.4337],[115.3175,-8.4342],[115.3181,-8.4407],[115.3159,-8.4427],[115.317,-8.4478],[115.3145,-8.4499],[115.313,-8.4548],[115.3086,-8.4562],[115.3069,-8.4586],[115.3099,-8.4488],[115.3081,-8.4484],[115.2992,-8.4584],[115.2965,-8.4582],[115.293,-8.4604],[115.3003,-8.4524],[115.2978,-8.4453],[115.2988,-8.4408],[115.297,-8.4392],[115.2996,-8.4356],[115.2989,-8.4321],[115.3016,-8.4307],[115.3008,-8.4285],[115.3028,-8.4262],[115.3034,-8.4152],[115.3069,-8.4103],[115.3094,-8.4126],[115.3091,-8.4147],[115.3145,-8.4175],[115.3117,-8.4224],[115.319,-8.4337]]]]}},{"type":"Feature","properties":{"GID_4":"IDN.2.5.6.1_1","GID_0":"IDN","COUNTRY":"Indonesia","GID_1":"IDN.2_1","NAME_1":"Bali","GID_2":"IDN.2.5_1","NAME_2":"Gianyar","GID_3":"IDN.2.5.6_1","NAME_3":"Tegallalang","NAME_4":"Kedisan","VARNAME_4":"NA","TYPE_4":"Desa","ENGTYPE_4":"Village","CC_4":"5104060004"},"geometry":{"type":"MultiPolygon","coordinates":[[[[115.3033,-8.4217],[115.3012,-8.4284],[115.2964,-8.4274],[115.2938,-8.4296],[115.2915,-8.4335],[115.2914,-8.4382],[115.2876,-8.4416],[115.2854,-8.4474],[115.2827,-8.4485],[115.2832,-8.4429],[115.2786,-8.4288],[115.2825,-8.4141],[115.2882,-8.4097],[115.293,-8.4092],[115.2991,-8.4133],[115.3031,-8.4123],[115.3042,-8.4134],[115.3024,-8.4184],[115.3033,-8.4217]],[[115.2856,-8.4252],[115.2841,-8.4227],[115.2814,-8.4257],[115.2846,-8.4271],[115.2856,-8.4252]]]]}},{"type":"Feature","properties":{"GID_4":"IDN.2.5.6.2_1","GID_0":"IDN","COUNTRY":"Indonesia","GID_1":"IDN.2_1","NAME_1":"Bali","GID_2":"IDN.2.5_1","NAME_2":"Gianyar","GID_3":"IDN.2.5.6_1","NAME_3":"Tegallalang","NAME_4":"Keliki","VARNAME_4":"NA","TYPE_4":"Desa","ENGTYPE_4":"Village","CC_4":"5104060001"},"geometry":{"type":"MultiPolygon","coordinates":[[[[115.2559,-8.476],[115.2559,-8.4622],[115.2595,-8.4552],[115.2587,-8.4429],[115.261,-8.4425],[115.2624,-8.4431],[115.2615,-8.4456],[115.2699,-8.4465],[115.2702,-8.4532],[115.2618,-8.4657],[115.2634,-8.4705],[115.2612,-8.4774],[115.2618,-8.4801],[115.2594,-8.4822],[115.2605,-8.4906],[115.256,-8.4958],[115.2565,-8.5021],[115.2548,-8.505],[115.2534,-8.5028],[115.2562,-8.4914],[115.2559,-8.4843],[115.2543,-8.4821],[115.2559,-8.476]]]]}},{"type":"Feature","properties":{"GID_4":"IDN.2.5.6.3_1","GID_0":"IDN","COUNTRY":"Indonesia","GID_1":"IDN.2_1","NAME_1":"Bali","GID_2":"IDN.2.5_1","NAME_2":"Gianyar","GID_3":"IDN.2.5.6_1","NAME_3":"Tegallalang","NAME_4":"Kenderan","VARNAME_4":"NA","TYPE_4":"Desa","ENGTYPE_4":"Village","CC_4":"5104060003"},"geometry":{"type":"MultiPolygon","coordinates":[[[[115.2832,-8.4806],[115.2793,-8.474],[115.2781,-8.4641],[115.2794,-8.4583],[115.2814,-8.4566],[115.2827,-8.4485],[115.2854,-8.4474],[115.2876,-8.4416],[115.2914,-8.4382],[115.2915,-8.4335],[115.2938,-8.4296],[115.2964,-8.4274],[115.3006,-8.4274],[115.3016,-8.4307],[115.299,-8.432],[115.2996,-8.4356],[115.297,-8.4392],[115.2988,-8.4408],[115.2978,-8.4453],[115.3003,-8.4524],[115.2928,-8.4594],[115.292,-8.4637],[115.2872,-8.4699],[115.2862,-8.4775],[115.2832,-8.4806]]]]}},{"type":"Feature","properties":{"GID_4":"IDN.2.5.6.4_1","GID_0":"IDN","COUNTRY":"Indonesia","GID_1":"IDN.2_1","NAME_1":"Bali","GID_2":"IDN.2.5_1","NAME_2":"Gianyar","GID_3":"IDN.2.5.6_1","NAME_3":"Tegallalang","NAME_4":"Pupuan","VARNAME_4":"NA","TYPE_4":"Desa","ENGTYPE_4":"Village","CC_4":"5104060005"},"geometry":{"type":"MultiPolygon","coordinates":[[[[115.3032,-8.4212],[115.3033,-8.4217],[115.303,-8.4208],[115.3032,-8.4212]]],[[[115.3036,-8.4168],[115.3037,-8.4175],[115.3025,-8.4184],[115.3031,-8.4197],[115.3024,-8.4184],[115.3036,-8.4168]]],[[[115.3034,-8.4159],[115.3033,-8.4155],[115.3034,-8.4155],[115.3034,-8.4157],[115.3034,-8.4159]]],[[[115.304,-8.4142],[115.3037,-8.415],[115.3034,-8.4152],[115.3041,-8.4136],[115.304,-8.4142]]],[[[115.326,-8.3296],[115.3285,-8.3307],[115.3273,-8.3383],[115.331,-8.3456],[115.3303,-8.3579],[115.3256,-8.3624],[115.3248,-8.3698],[115.3227,-8.3727],[115.3233,-8.38],[115.3212,-8.3826],[115.3208,-8.3899],[115.3158,-8.3939],[115.3148,-8.3973],[115.3078,-8.4025],[115.3069,-8.4103],[115.3049,-8.4118],[115.3042,-8.4136],[115.3041,-8.4136],[115.3002,-8.4122],[115.3011,-8.4098],[115.2991,-8.4076],[115.2998,-8.4039],[115.2982,-8.3994],[115.3001,-8.3884],[115.3023,-8.3863],[115.304,-8.3796],[115.3101,-8.3745],[115.3104,-8.3701],[115.3128,-8.3669],[115.3136,-8.3583],[115.3193,-8.3492],[115.3235,-8.3367],[115.3226,-8.3349],[115.326,-8.3296]]]]}},{"type":"Feature","properties":{"GID_4":"IDN.2.5.6.5_1","GID_0":"IDN","COUNTRY":"Indonesia","GID_1":"IDN.2_1","NAME_1":"Bali","GID_2":"IDN.2.5_1","NAME_2":"Gianyar","GID_3":"IDN.2.5.6_1","NAME_3":"Tegallalang","NAME_4":"Sebatu","VARNAME_4":"NA","TYPE_4":"Desa","ENGTYPE_4":"Village","CC_4":"5104060006"},"geometry":{"type":"MultiPolygon","coordinates":[[[[115.2856,-8.4257],[115.2846,-8.4271],[115.2814,-8.4257],[115.2841,-8.4227],[115.2856,-8.4257]]],[[[115.3163,-8.3366],[115.3224,-8.3283],[115.3256,-8.3294],[115.3226,-8.3349],[115.3235,-8.3367],[115.3193,-8.3492],[115.3136,-8.3583],[115.3128,-8.3669],[115.3104,-8.3701],[115.3101,-8.3745],[115.304,-8.3796],[115.3023,-8.3863],[115.3001,-8.3884],[115.2982,-8.3994],[115.2998,-8.4039],[115.2991,-8.4076],[115.3011,-8.41],[115.2991,-8.4133],[115.293,-8.4092],[115.2858,-8.4111],[115.2817,-8.4154],[115.2789,-8.4283],[115.2766,-8.429],[115.2777,-8.4219],[115.2754,-8.4186],[115.2784,-8.414],[115.2825,-8.4115],[115.2837,-8.4054],[115.2897,-8.3959],[115.29,-8.3819],[115.2954,-8.3791],[115.2965,-8.3712],[115.2985,-8.3682],[115.3055,-8.368],[115.3095,-8.3525],[115.3147,-8.3432],[115.3163,-8.3366]]]]}},{"type":"Feature","properties":{"GID_4":"IDN.2.5.6.6_1","GID_0":"IDN","COUNTRY":"Indonesia","GID_1":"IDN.2_1","NAME_1":"Bali","GID_2":"IDN.2.5_1","NAME_2":"Gianyar","GID_3":"IDN.2.5.6_1","NAME_3":"Tegallalang","NAME_4":"Taro","VARNAME_4":"NA","TYPE_4":"Desa","ENGTYPE_4":"Village","CC_4":"5104060007"},"geometry":{"type":"MultiPolygon","coordinates":[[[[115.2999,-8.3342],[115.304,-8.3345],[115.3082,-8.3278],[115.3152,-8.3296],[115.3146,-8.332],[115.3163,-8.3339],[115.3153,-8.3414],[115.3095,-8.3525],[115.3062,-8.3667],[115.3052,-8.3682],[115.2985,-8.3682],[115.2965,-8.3712],[115.2954,-8.3791],[115.2902,-8.3814],[115.2889,-8.3849],[115.2906,-8.387],[115.2897,-8.3959],[115.2837,-8.4054],[115.2825,-8.4115],[115.2761,-8.4171],[115.2762,-8.4204],[115.2713,-8.4197],[115.2693,-8.4233],[115.2674,-8.4232],[115.2655,-8.4214],[115.2678,-8.4177],[115.2682,-8.4121],[115.2711,-8.4093],[115.2689,-8.4021],[115.2725,-8.399],[115.2719,-8.396],[115.2748,-8.3902],[115.2739,-8.3868],[115.2773,-8.3795],[115.2745,-8.3767],[115.2745,-8.3731],[115.279,-8.3665],[115.2789,-8.3639],[115.2843,-8.3578],[115.2854,-8.3525],[115.2918,-8.3471],[115.2941,-8.3421],[115.2948,-8.3326],[115.2999,-8.3342]]]]}},{"type":"Feature","properties":{"GID_4":"IDN.2.5.6.7_1","GID_0":"IDN","COUNTRY":"Indonesia","GID_1":"IDN.2_1","NAME_1":"Bali","GID_2":"IDN.2.5_1","NAME_2":"Gianyar","GID_3":"IDN.2.5.6_1","NAME_3":"Tegallalang","NAME_4":"Tegallalang","VARNAME_4":"NA","TYPE_4":"Desa","ENGTYPE_4":"Village","CC_4":"5104060002"},"geometry":{"type":"MultiPolygon","coordinates":[[[[115.2842,-8.4797],[115.2842,-8.4805],[115.2832,-8.4806],[115.2841,-8.4794],[115.2842,-8.4797]]],[[[115.2736,-8.4355],[115.2756,-8.4338],[115.2754,-8.4311],[115.2786,-8.4288],[115.2833,-8.4435],[115.283,-8.4515],[115.2781,-8.4641],[115.2793,-8.474],[115.2808,-8.4779],[115.2828,-8.4788],[115.2835,-8.4865],[115.2797,-8.4908],[115.2753,-8.4878],[115.278,-8.4755],[115.2746,-8.4689],[115.2688,-8.4693],[115.2657,-8.4739],[115.2647,-8.4804],[115.2613,-8.4807],[115.2634,-8.4705],[115.2618,-8.4657],[115.2702,-8.4532],[115.2698,-8.4463],[115.2717,-8.4451],[115.2709,-8.4384],[115.2736,-8.4355]]]]}},{"type":"Feature","properties":{"GID_4":"IDN.2.5.7.1_1","GID_0":"IDN","COUNTRY":"Indonesia","GID_1":"IDN.2_1","NAME_1":"Bali","GID_2":"IDN.2.5_1","NAME_2":"Gianyar","GID_3":"IDN.2.5.7_1","NAME_3":"Ubud","NAME_4":"Kedewatan","VARNAME_4":"NA","TYPE_4":"Desa","ENGTYPE_4":"Village","CC_4":"5104050008"},"geometry":{"type":"MultiPolygon","coordinates":[[[[115.2432,-8.4967],[115.2402,-8.4916],[115.2436,-8.4877],[115.2416,-8.486],[115.2449,-8.4777],[115.2421,-8.476],[115.2425,-8.4724],[115.2444,-8.4719],[115.2413,-8.4708],[115.2424,-8.4698],[115.2411,-8.4598],[115.2424,-8.4565],[115.2463,-8.455],[115.2485,-8.4597],[115.2506,-8.4607],[115.2488,-8.4651],[115.2515,-8.4676],[115.2522,-8.4735],[115.2563,-8.4766],[115.2543,-8.4821],[115.2559,-8.4843],[115.2562,-8.4914],[115.2545,-8.4982],[115.2432,-8.4967]]]]}},{"type":"Feature","properties":{"GID_4":"IDN.2.5.7.2_1","GID_0":"IDN","COUNTRY":"Indonesia","GID_1":"IDN.2_1","NAME_1":"Bali","GID_2":"IDN.2.5_1","NAME_2":"Gianyar","GID_3":"IDN.2.5.7_1","NAME_3":"Ubud","NAME_4":"Lodtunduh","VARNAME_4":"NA","TYPE_4":"Desa","ENGTYPE_4":"Village","CC_4":"5104050002"},"geometry":{"type":"MultiPolygon","coordinates":[[[[115.268,-8.5614],[115.2685,-8.5785],[115.2652,-8.5791],[115.2631,-8.576],[115.2592,-8.5742],[115.2566,-8.5681],[115.2542,-8.5485],[115.2523,-8.5447],[115.2547,-8.5312],[115.2641,-8.5328],[115.2648,-8.5458],[115.2664,-8.5464],[115.2671,-8.5496],[115.2654,-8.5515],[115.268,-8.5614]]]]}},{"type":"Feature","properties":{"GID_4":"IDN.2.5.7.3_1","GID_0":"IDN","COUNTRY":"Indonesia","GID_1":"IDN.2_1","NAME_1":"Bali","GID_2":"IDN.2.5_1","NAME_2":"Gianyar","GID_3":"IDN.2.5.7_1","NAME_3":"Ubud","NAME_4":"Mas","VARNAME_4":"NA","TYPE_4":"Desa","ENGTYPE_4":"Village","CC_4":"5104050003"},"geometry":{"type":"MultiPolygon","coordinates":[[[[115.2764,-8.5622],[115.268,-8.5614],[115.2654,-8.5515],[115.267,-8.5498],[115.2666,-8.5469],[115.2648,-8.5458],[115.2652,-8.5356],[115.2641,-8.5328],[115.2547,-8.5312],[115.2546,-8.5239],[115.2534,-8.5231],[115.2558,-8.5198],[115.2619,-8.5232],[115.2655,-8.5231],[115.2673,-8.5271],[115.2663,-8.5325],[115.2682,-8.5347],[115.2701,-8.534],[115.2697,-8.5303],[115.2792,-8.529],[115.2783,-8.5306],[115.28,-8.5357],[115.2782,-8.5396],[115.2784,-8.544],[115.2823,-8.5552],[115.2801,-8.5611],[115.2764,-8.5622]]]]}},{"type":"Feature","properties":{"GID_4":"IDN.2.5.7.4_1","GID_0":"IDN","COUNTRY":"Indonesia","GID_1":"IDN.2_1","NAME_1":"Bali","GID_2":"IDN.2.5_1","NAME_2":"Gianyar","GID_3":"IDN.2.5.7_1","NAME_3":"Ubud","NAME_4":"Peliatan","VARNAME_4":"NA","TYPE_4":"Desa","ENGTYPE_4":"Village","CC_4":"5104050004"},"geometry":{"type":"MultiPolygon","coordinates":[[[[115.2791,-8.5165],[115.2778,-8.5195],[115.2804,-8.5223],[115.2792,-8.529],[115.2697,-8.5303],[115.27,-8.5342],[115.2678,-8.5345],[115.2661,-8.5315],[115.2673,-8.5271],[115.265,-8.5198],[115.2675,-8.5092],[115.2704,-8.5098],[115.2717,-8.5009],[115.2766,-8.5015],[115.2791,-8.5165]]]]}},{"type":"Feature","properties":{"GID_4":"IDN.2.5.7.5_1","GID_0":"IDN","COUNTRY":"Indonesia","GID_1":"IDN.2_1","NAME_1":"Bali","GID_2":"IDN.2.5_1","NAME_2":"Gianyar","GID_3":"IDN.2.5.7_1","NAME_3":"Ubud","NAME_4":"Petulu","VARNAME_4":"NA","TYPE_4":"Desa","ENGTYPE_4":"Village","CC_4":"5104050005"},"geometry":{"type":"MultiPolygon","coordinates":[[[[115.2797,-8.4908],[115.2786,-8.4965],[115.2762,-8.4987],[115.2817,-8.4993],[115.2793,-8.5091],[115.2766,-8.5015],[115.2728,-8.5008],[115.2706,-8.503],[115.2704,-8.5098],[115.2675,-8.5092],[115.2686,-8.5026],[115.2674,-8.4977],[115.2692,-8.4938],[115.2692,-8.487],[115.2712,-8.4857],[115.2728,-8.4796],[115.2727,-8.4732],[115.2779,-8.4749],[115.2753,-8.4878],[115.2797,-8.4908]]]]}},{"type":"Feature","properties":{"GID_4":"IDN.2.5.7.6_1","GID_0":"IDN","COUNTRY":"Indonesia","GID_1":"IDN.2_1","NAME_1":"Bali","GID_2":"IDN.2.5_1","NAME_2":"Gianyar","GID_3":"IDN.2.5.7_1","NAME_3":"Ubud","NAME_4":"Sayan","VARNAME_4":"NA","TYPE_4":"Desa","ENGTYPE_4":"Village","CC_4":"5104050007"},"geometry":{"type":"MultiPolygon","coordinates":[[[[115.243,-8.4972],[115.2545,-8.4982],[115.2534,-8.5033],[115.2557,-8.506],[115.2548,-8.5082],[115.2565,-8.5117],[115.2553,-8.5168],[115.2501,-8.5107],[115.2478,-8.5156],[115.2451,-8.5157],[115.2401,-8.5214],[115.2358,-8.5227],[115.2357,-8.5302],[115.2337,-8.5301],[115.2348,-8.5229],[115.2308,-8.5217],[115.2309,-8.5175],[115.2334,-8.5124],[115.2373,-8.511],[115.2379,-8.5029],[115.2403,-8.4999],[115.2431,-8.4996],[115.243,-8.4972]]]]}},{"type":"Feature","properties":{"GID_4":"IDN.2.5.7.7_1","GID_0":"IDN","COUNTRY":"Indonesia","GID_1":"IDN.2_1","NAME_1":"Bali","GID_2":"IDN.2.5_1","NAME_2":"Gianyar","GID_3":"IDN.2.5.7_1","NAME_3":"Ubud","NAME_4":"Singekerta","VARNAME_4":"NA","TYPE_4":"Desa","ENGTYPE_4":"Village","CC_4":"5104050001"},"geometry":{"type":"MultiPolygon","coordinates":[[[[115.2301,-8.5268],[115.2318,-8.5221],[115.2346,-8.5227],[115.2333,-8.5284],[115.2337,-8.5301],[115.2357,-8.5302],[115.2358,-8.5227],[115.2401,-8.5214],[115.2451,-8.5157],[115.2478,-8.5156],[115.2489,-8.5117],[115.2506,-8.5109],[115.2555,-8.5174],[115.2534,-8.5231],[115.2556,-8.5304],[115.2533,-8.5358],[115.254,-8.5406],[115.2524,-8.5425],[115.2543,-8.5513],[115.2487,-8.5495],[115.2484,-8.546],[115.2465,-8.5443],[115.248,-8.5397],[115.2453,-8.5334],[115.2421,-8.5353],[115.242,-8.5379],[115.2441,-8.5403],[115.234,-8.5413],[115.2335,-8.5393],[115.2311,-8.5383],[115.2329,-8.5363],[115.233,-8.5293],[115.2301,-8.5268]]]]}},{"type":"Feature","properties":{"GID_4":"IDN.2.5.7.8_1","GID_0":"IDN","COUNTRY":"Indonesia","GID_1":"IDN.2_1","NAME_1":"Bali","GID_2":"IDN.2.5_1","NAME_2":"Gianyar","GID_3":"IDN.2.5.7_1","NAME_3":"Ubud","NAME_4":"Ubud","VARNAME_4":"NA","TYPE_4":"Desa","ENGTYPE_4":"Village","CC_4":"5104050006"},"geometry":{"type":"MultiPolygon","coordinates":[[[[115.2547,-8.5049],[115.2565,-8.5021],[115.256,-8.4958],[115.2605,-8.4906],[115.2595,-8.4818],[115.2647,-8.4804],[115.2657,-8.4739],[115.2688,-8.4693],[115.2753,-8.4693],[115.2775,-8.4742],[115.2727,-8.4732],[115.2712,-8.4857],[115.2692,-8.487],[115.2655,-8.5231],[115.2619,-8.5232],[115.2576,-8.5199],[115.2552,-8.5201],[115.2565,-8.5117],[115.2547,-8.5049]]]]}},{"type":"Feature","properties":{"GID_4":"IDN.2.6.1.1_1","GID_0":"IDN","COUNTRY":"Indonesia","GID_1":"IDN.2_1","NAME_1":"Bali","GID_2":"IDN.2.6_1","NAME_2":"Jembrana","GID_3":"IDN.2.6.1_1","NAME_3":"Jembrana","NAME_4":"AirKuning","VARNAME_4":"NA","TYPE_4":"Desa","ENGTYPE_4":"Village","CC_4":"5101021002"},"geometry":{"type":"MultiPolygon","coordinates":[[[[114.6523,-8.4037],[114.6403,-8.4064],[114.6414,-8.3966],[114.6396,-8.395],[114.6415,-8.3925],[114.6424,-8.3952],[114.6457,-8.3934],[114.6497,-8.3948],[114.6492,-8.3972],[114.6516,-8.397],[114.6523,-8.4037]]]]}},{"type":"Feature","properties":{"GID_4":"IDN.2.6.1.2_1","GID_0":"IDN","COUNTRY":"Indonesia","GID_1":"IDN.2_1","NAME_1":"Bali","GID_2":"IDN.2.6_1","NAME_2":"Jembrana","GID_3":"IDN.2.6.1_1","NAME_3":"Jembrana","NAME_4":"Batuagung","VARNAME_4":"NA","TYPE_4":"Desa","ENGTYPE_4":"Village","CC_4":"5101021009"},"geometry":{"type":"MultiPolygon","coordinates":[[[[114.6694,-8.2227],[114.6756,-8.2241],[114.6843,-8.2317],[114.6883,-8.2447],[114.6775,-8.2521],[114.6863,-8.254],[114.6832,-8.2621],[114.6796,-8.2661],[114.6776,-8.2794],[114.6715,-8.2916],[114.6759,-8.299],[114.6738,-8.3138],[114.6766,-8.3214],[114.6739,-8.3243],[114.675,-8.3264],[114.6665,-8.3246],[114.6634,-8.3266],[114.663,-8.3335],[114.6577,-8.343],[114.6556,-8.3546],[114.6545,-8.3561],[114.6526,-8.3556],[114.6519,-8.3582],[114.6461,-8.3576],[114.6435,-8.3612],[114.6389,-8.3597],[114.6419,-8.3561],[114.6439,-8.3438],[114.6424,-8.3401],[114.6436,-8.3377],[114.6409,-8.3354],[114.643,-8.3183],[114.6415,-8.3169],[114.6456,-8.3129],[114.6477,-8.3146],[114.6498,-8.3141],[114.6474,-8.3116],[114.6506,-8.3064],[114.6502,-8.3027],[114.6561,-8.3036],[114.654,-8.3029],[114.6545,-8.2991],[114.657,-8.298],[114.6598,-8.2891],[114.6635,-8.2868],[114.6668,-8.2818],[114.6695,-8.2645],[114.6678,-8.2557],[114.666,-8.2533],[114.6688,-8.2475],[114.6654,-8.2406],[114.6701,-8.2267],[114.6694,-8.2227]]]]}},{"type":"Feature","properties":{"GID_4":"IDN.2.6.1.3_1","GID_0":"IDN","COUNTRY":"Indonesia","GID_1":"IDN.2_1","NAME_1":"Bali","GID_2":"IDN.2.6_1","NAME_2":"Jembrana","GID_3":"IDN.2.6.1_1","NAME_3":"Jembrana","NAME_4":"Budeng","VARNAME_4":"NA","TYPE_4":"Desa","ENGTYPE_4":"Village","CC_4":"5101021004"},"geometry":{"type":"MultiPolygon","coordinates":[[[[114.6301,-8.3762],[114.6317,-8.3731],[114.643,-8.3733],[114.6413,-8.387],[114.6365,-8.3859],[114.6311,-8.3948],[114.6235,-8.3944],[114.624,-8.389],[114.6252,-8.3891],[114.6301,-8.3762]]]]}},{"type":"Feature","properties":{"GID_4":"IDN.2.6.1.4_1","GID_0":"IDN","COUNTRY":"Indonesia","GID_1":"IDN.2_1","NAME_1":"Bali","GID_2":"IDN.2.6_1","NAME_2":"Jembrana","GID_3":"IDN.2.6.1_1","NAME_3":"Jembrana","NAME_4":"DanginTukadaya","VARNAME_4":"NA","TYPE_4":"Desa","ENGTYPE_4":"Village","CC_4":"5101021010"},"geometry":{"type":"MultiPolygon","coordinates":[[[[114.6454,-8.3583],[114.6519,-8.3582],[114.6526,-8.3556],[114.6545,-8.3561],[114.6556,-8.3546],[114.6577,-8.343],[114.663,-8.3335],[114.6634,-8.3266],[114.6665,-8.3246],[114.6734,-8.3265],[114.6736,-8.3285],[114.6702,-8.3293],[114.6705,-8.3367],[114.6679,-8.3357],[114.6656,-8.3374],[114.6596,-8.3715],[114.6469,-8.3689],[114.6474,-8.3672],[114.6448,-8.3665],[114.6464,-8.3597],[114.6454,-8.3583]]]]}},{"type":"Feature","properties":{"GID_4":"IDN.2.6.1.5_1","GID_0":"IDN","COUNTRY":"Indonesia","GID_1":"IDN.2_1","NAME_1":"Bali","GID_2":"IDN.2.6_1","NAME_2":"Jembrana","GID_3":"IDN.2.6.1_1","NAME_3":"Jembrana","NAME_4":"Dauhwaru","VARNAME_4":"NA","TYPE_4":"Desa","ENGTYPE_4":"Village","CC_4":"5101021006"},"geometry":{"type":"MultiPolygon","coordinates":[[[[114.6667,-8.2546],[114.6695,-8.2645],[114.6668,-8.2818],[114.6635,-8.2868],[114.6598,-8.2891],[114.657,-8.298],[114.6545,-8.2991],[114.654,-8.3029],[114.6561,-8.3036],[114.6502,-8.3027],[114.6506,-8.3064],[114.6474,-8.3116],[114.6498,-8.3141],[114.6477,-8.3146],[114.6456,-8.3129],[114.6415,-8.3169],[114.643,-8.3183],[114.6409,-8.3354],[114.6436,-8.3377],[114.6424,-8.3401],[114.6439,-8.3438],[114.6419,-8.3561],[114.6389,-8.3597],[114.6435,-8.3612],[114.6454,-8.3583],[114.6464,-8.3597],[114.6439,-8.3685],[114.6442,-8.3735],[114.6317,-8.3731],[114.6301,-8.3762],[114.6321,-8.3687],[114.6286,-8.3683],[114.6295,-8.3615],[114.6347,-8.3612],[114.6364,-8.3547],[114.632,-8.3537],[114.6356,-8.3467],[114.6354,-8.3256],[114.6383,-8.3175],[114.6369,-8.3151],[114.6444,-8.3062],[114.6403,-8.3023],[114.6446,-8.2973],[114.647,-8.2911],[114.6459,-8.2793],[114.648,-8.2773],[114.6503,-8.2665],[114.6531,-8.2627],[114.6616,-8.2551],[114.6667,-8.2546]]]]}},{"type":"Feature","properties":{"GID_4":"IDN.2.6.1.6_1","GID_0":"IDN","COUNTRY":"Indonesia","GID_1":"IDN.2_1","NAME_1":"Bali","GID_2":"IDN.2.6_1","NAME_2":"Jembrana","GID_3":"IDN.2.6.1_1","NAME_3":"Jembrana","NAME_4":"LoloanTimur","VARNAME_4":"NA","TYPE_4":"Desa","ENGTYPE_4":"Village","CC_4":"5101021007"},"geometry":{"type":"MultiPolygon","coordinates":[[[[114.6301,-8.3762],[114.6252,-8.3891],[114.6236,-8.389],[114.6223,-8.3879],[114.6238,-8.3861],[114.6194,-8.3813],[114.6203,-8.3795],[114.6166,-8.3796],[114.6178,-8.3765],[114.6158,-8.376],[114.6229,-8.3681],[114.6243,-8.3605],[114.6299,-8.3608],[114.6286,-8.3683],[114.6321,-8.3687],[114.6301,-8.3762]]]]}},{"type":"Feature","properties":{"GID_4":"IDN.2.6.1.7_1","GID_0":"IDN","COUNTRY":"Indonesia","GID_1":"IDN.2_1","NAME_1":"Bali","GID_2":"IDN.2.6_1","NAME_2":"Jembrana","GID_3":"IDN.2.6.1_1","NAME_3":"Jembrana","NAME_4":"Pendem","VARNAME_4":"NA","TYPE_4":"Desa","ENGTYPE_4":"Village","CC_4":"5101021008"},"geometry":{"type":"MultiPolygon","coordinates":[[[[114.6525,-8.226],[114.6694,-8.2227],[114.6701,-8.2267],[114.6654,-8.2406],[114.6689,-8.2481],[114.6667,-8.2503],[114.6667,-8.2546],[114.6616,-8.2551],[114.6503,-8.2665],[114.648,-8.2773],[114.6459,-8.2793],[114.6461,-8.2946],[114.6403,-8.3023],[114.6444,-8.3062],[114.6369,-8.3151],[114.6383,-8.3175],[114.6354,-8.3256],[114.6356,-8.3467],[114.632,-8.3537],[114.6364,-8.3547],[114.6347,-8.3612],[114.6243,-8.3605],[114.6235,-8.3546],[114.6257,-8.3515],[114.6242,-8.3467],[114.6262,-8.3309],[114.6219,-8.3255],[114.6219,-8.3204],[114.626,-8.3157],[114.6257,-8.31],[114.6278,-8.3044],[114.6269,-8.3023],[114.638,-8.289],[114.6413,-8.2794],[114.6404,-8.2681],[114.6422,-8.2608],[114.6449,-8.2586],[114.6445,-8.255],[114.6484,-8.2501],[114.6479,-8.2419],[114.6545,-8.2369],[114.6529,-8.237],[114.6518,-8.2343],[114.6534,-8.2301],[114.6525,-8.226]]]]}},{"type":"Feature","properties":{"GID_4":"IDN.2.6.1.8_1","GID_0":"IDN","COUNTRY":"Indonesia","GID_1":"IDN.2_1","NAME_1":"Bali","GID_2":"IDN.2.6_1","NAME_2":"Jembrana","GID_3":"IDN.2.6.1_1","NAME_3":"Jembrana","NAME_4":"Perancak","VARNAME_4":"NA","TYPE_4":"Desa","ENGTYPE_4":"Village","CC_4":"5101021001"},"geometry":{"type":"MultiPolygon","coordinates":[[[[114.6396,-8.395],[114.6414,-8.3966],[114.6403,-8.4064],[114.6228,-8.4076],[114.6049,-8.4028],[114.6052,-8.3998],[114.6069,-8.4004],[114.6237,-8.3943],[114.6311,-8.3948],[114.6352,-8.3988],[114.6362,-8.3941],[114.6396,-8.395]]]]}},{"type":"Feature","properties":{"GID_4":"IDN.2.6.1.9_1","GID_0":"IDN","COUNTRY":"Indonesia","GID_1":"IDN.2_1","NAME_1":"Bali","GID_2":"IDN.2.6_1","NAME_2":"Jembrana","GID_3":"IDN.2.6.1_1","NAME_3":"Jembrana","NAME_4":"Sangkaragung","VARNAME_4":"NA","TYPE_4":"Desa","ENGTYPE_4":"Village","CC_4":"5101021005"},"geometry":{"type":"MultiPolygon","coordinates":[[[[114.6516,-8.397],[114.6492,-8.3972],[114.6497,-8.3948],[114.6457,-8.3934],[114.6424,-8.3952],[114.6415,-8.3925],[114.639,-8.3952],[114.6362,-8.3941],[114.6352,-8.3988],[114.6311,-8.3948],[114.6365,-8.3859],[114.6413,-8.387],[114.6445,-8.3668],[114.6474,-8.3672],[114.6475,-8.3694],[114.6596,-8.3715],[114.6559,-8.3804],[114.6569,-8.3822],[114.6541,-8.3865],[114.6571,-8.3888],[114.6531,-8.3914],[114.6516,-8.397]]]]}},{"type":"Feature","properties":{"GID_4":"IDN.2.6.1.10_1","GID_0":"IDN","COUNTRY":"Indonesia","GID_1":"IDN.2_1","NAME_1":"Bali","GID_2":"IDN.2.6_1","NAME_2":"Jembrana","GID_3":"IDN.2.6.1_1","NAME_3":"Jembrana","NAME_4":"YehKuning","VARNAME_4":"NA","TYPE_4":"Desa","ENGTYPE_4":"Village","CC_4":"5101021003"},"geometry":{"type":"MultiPolygon","coordinates":[[[[114.6523,-8.4037],[114.6516,-8.397],[114.6538,-8.3908],[114.6588,-8.3886],[114.6689,-8.3896],[114.6682,-8.4008],[114.6523,-8.4037]]]]}},{"type":"Feature","properties":{"GID_4":"IDN.2.6.2.1_1","GID_0":"IDN","COUNTRY":"Indonesia","GID_1":"IDN.2_1","NAME_1":"Bali","GID_2":"IDN.2.6_1","NAME_2":"Jembrana","GID_3":"IDN.2.6.2_1","NAME_3":"Melaya","NAME_4":"Blimbingsari","VARNAME_4":"NA","TYPE_4":"Desa","ENGTYPE_4":"Village","CC_4":"5101010010"},"geometry":{"type":"MultiPolygon","coordinates":[[[[114.4894,-8.1944],[114.4943,-8.1936],[114.5001,-8.1987],[114.5059,-8.1999],[114.5109,-8.2055],[114.5194,-8.2049],[114.532,-8.1912],[114.5532,-8.1978],[114.5529,-8.2071],[114.5481,-8.2064],[114.5432,-8.2084],[114.5404,-8.2231],[114.5349,-8.2351],[114.5311,-8.2362],[114.5241,-8.2444],[114.5212,-8.2521],[114.5083,-8.2452],[114.5049,-8.2487],[114.4981,-8.2399],[114.4898,-8.2093],[114.4894,-8.1944]]]]}},{"type":"Feature","properties":{"GID_4":"IDN.2.6.2.2_1","GID_0":"IDN","COUNTRY":"Indonesia","GID_1":"IDN.2_1","NAME_1":"Bali","GID_2":"IDN.2.6_1","NAME_2":"Jembrana","GID_3":"IDN.2.6.2_1","NAME_3":"Melaya","NAME_4":"Candikusuma","VARNAME_4":"NA","TYPE_4":"Desa","ENGTYPE_4":"Village","CC_4":"5101010003"},"geometry":{"type":"MultiPolygon","coordinates":[[[[114.5209,-8.3143],[114.5176,-8.3062],[114.5039,-8.2949],[114.5084,-8.2895],[114.5116,-8.2905],[114.5154,-8.2856],[114.5227,-8.2905],[114.5267,-8.2909],[114.531,-8.2842],[114.5331,-8.2838],[114.5496,-8.291],[114.5485,-8.2949],[114.5421,-8.2955],[114.5392,-8.2988],[114.5326,-8.3013],[114.5304,-8.3109],[114.5281,-8.3072],[114.5236,-8.3135],[114.5209,-8.3143]]]]}},{"type":"Feature","properties":{"GID_4":"IDN.2.6.2.3_1","GID_0":"IDN","COUNTRY":"Indonesia","GID_1":"IDN.2_1","NAME_1":"Bali","GID_2":"IDN.2.6_1","NAME_2":"Jembrana","GID_3":"IDN.2.6.2_1","NAME_3":"Melaya","NAME_4":"Ekasari","VARNAME_4":"NA","TYPE_4":"Desa","ENGTYPE_4":"Village","CC_4":"5101010009"},"geometry":{"type":"MultiPolygon","coordinates":[[[[114.573,-8.1893],[114.5825,-8.1818],[114.5853,-8.1775],[114.5882,-8.1765],[114.5898,-8.1734],[114.5912,-8.1774],[114.5958,-8.1763],[114.6016,-8.1785],[114.6043,-8.1775],[114.6137,-8.1844],[114.6193,-8.1845],[114.6204,-8.19],[114.6267,-8.199],[114.6321,-8.2122],[114.6253,-8.2111],[114.6202,-8.2123],[114.6145,-8.2106],[114.6127,-8.2077],[114.609,-8.2062],[114.6083,-8.202],[114.6002,-8.1977],[114.5956,-8.1986],[114.5794,-8.1961],[114.5771,-8.2008],[114.5729,-8.2021],[114.5739,-8.2052],[114.5719,-8.2059],[114.5721,-8.2082],[114.5686,-8.2131],[114.5687,-8.2165],[114.5637,-8.2173],[114.5636,-8.2199],[114.5571,-8.2259],[114.5549,-8.2318],[114.5535,-8.2389],[114.5629,-8.2454],[114.5597,-8.2485],[114.56,-8.251],[114.5583,-8.2504],[114.5582,-8.2523],[114.5564,-8.2514],[114.556,-8.253],[114.5525,-8.2538],[114.5523,-8.2551],[114.5546,-8.256],[114.554,-8.2573],[114.5474,-8.2604],[114.5438,-8.2644],[114.5358,-8.2672],[114.5363,-8.2707],[114.5324,-8.2737],[114.5331,-8.2756],[114.5258,-8.2726],[114.5261,-8.2701],[114.5197,-8.2645],[114.5159,-8.2668],[114.5103,-8.2615],[114.5127,-8.2616],[114.516,-8.2565],[114.5206,-8.2549],[114.523,-8.2458],[114.5311,-8.2362],[114.5349,-8.2351],[114.5404,-8.2231],[114.5432,-8.2084],[114.5481,-8.2064],[114.5529,-8.2071],[114.5532,-8.1978],[114.5624,-8.1919],[114.573,-8.1893]]]]}},{"type":"Feature","properties":{"GID_4":"IDN.2.6.2.4_1","GID_0":"IDN","COUNTRY":"Indonesia","GID_1":"IDN.2_1","NAME_1":"Bali","GID_2":"IDN.2.6_1","NAME_2":"Jembrana","GID_3":"IDN.2.6.2_1","NAME_3":"Melaya","NAME_4":"Gilimanuk","VARNAME_4":"NA","TYPE_4":"Desa","ENGTYPE_4":"Village","CC_4":"5101010001"},"geometry":{"type":"MultiPolygon","coordinates":[[[[114.459,-8.1718],[114.4563,-8.1765],[114.457,-8.1925],[114.4636,-8.1952],[114.476,-8.1956],[114.4808,-8.1972],[114.4894,-8.1944],[114.4898,-8.2093],[114.4914,-8.2155],[114.4857,-8.2155],[114.4762,-8.2129],[114.475,-8.2201],[114.4716,-8.2264],[114.4698,-8.2281],[114.4675,-8.2274],[114.4669,-8.2293],[114.4592,-8.2337],[114.4547,-8.2299],[114.4542,-8.2265],[114.4485,-8.2188],[114.4398,-8.1875],[114.4377,-8.1829],[114.4336,-8.1791],[114.4341,-8.1766],[114.4317,-8.1721],[114.435,-8.1629],[114.4393,-8.1602],[114.4388,-8.1639],[114.4403,-8.165],[114.4449,-8.1631],[114.447,-8.1637],[114.4466,-8.1651],[114.4506,-8.1657],[114.4522,-8.1644],[114.4524,-8.1655],[114.4516,-8.1682],[114.4496,-8.1658],[114.442,-8.166],[114.4457,-8.1713],[114.4453,-8.1763],[114.4419,-8.1779],[114.4431,-8.1804],[114.4472,-8.1789],[114.4502,-8.1721],[114.4522,-8.1726],[114.4517,-8.1738],[114.4541,-8.1728],[114.4482,-8.1789],[114.4523,-8.1772],[114.4596,-8.1665],[114.459,-8.1718]]]]}},{"type":"Feature","properties":{"GID_4":"IDN.2.6.2.5_1","GID_0":"IDN","COUNTRY":"Indonesia","GID_1":"IDN.2_1","NAME_1":"Bali","GID_2":"IDN.2.6_1","NAME_2":"Jembrana","GID_3":"IDN.2.6.2_1","NAME_3":"Melaya","NAME_4":"Manistutu","VARNAME_4":"NA","TYPE_4":"Desa","ENGTYPE_4":"Village","CC_4":"5101010006"},"geometry":{"type":"MultiPolygon","coordinates":[[[[114.649,-8.2217],[114.6525,-8.2253],[114.6513,-8.2276],[114.6477,-8.2305],[114.6419,-8.2315],[114.633,-8.2401],[114.6232,-8.2466],[114.6202,-8.2521],[114.6175,-8.2527],[114.6132,-8.2684],[114.6073,-8.2745],[114.6062,-8.2782],[114.6078,-8.2801],[114.6056,-8.2822],[114.6057,-8.2845],[114.6036,-8.2873],[114.5945,-8.2914],[114.5937,-8.2946],[114.5904,-8.2957],[114.5903,-8.2994],[114.5939,-8.307],[114.5921,-8.3119],[114.5895,-8.3138],[114.5884,-8.3188],[114.5767,-8.3244],[114.5692,-8.3226],[114.5654,-8.3253],[114.5627,-8.3239],[114.5615,-8.3258],[114.5586,-8.3217],[114.5563,-8.3242],[114.5536,-8.323],[114.5539,-8.3196],[114.5576,-8.3178],[114.5601,-8.3129],[114.5593,-8.3076],[114.5604,-8.3068],[114.5592,-8.3062],[114.5613,-8.304],[114.5617,-8.3001],[114.5663,-8.2967],[114.5665,-8.2926],[114.5692,-8.2925],[114.5725,-8.2892],[114.5747,-8.2816],[114.5739,-8.2793],[114.5757,-8.2783],[114.5779,-8.2797],[114.5797,-8.2779],[114.5771,-8.2774],[114.5814,-8.2749],[114.5809,-8.2695],[114.5819,-8.2704],[114.5828,-8.2685],[114.5872,-8.2673],[114.5868,-8.2642],[114.5885,-8.2627],[114.5923,-8.2634],[114.5932,-8.2613],[114.6019,-8.2572],[114.6059,-8.2535],[114.6076,-8.2475],[114.6113,-8.2423],[114.6237,-8.2335],[114.6297,-8.2312],[114.6297,-8.228],[114.6359,-8.2249],[114.649,-8.2217]]]]}},{"type":"Feature","properties":{"GID_4":"IDN.2.6.2.6_1","GID_0":"IDN","COUNTRY":"Indonesia","GID_1":"IDN.2_1","NAME_1":"Bali","GID_2":"IDN.2.6_1","NAME_2":"Jembrana","GID_3":"IDN.2.6.2_1","NAME_3":"Melaya","NAME_4":"Melaya","VARNAME_4":"NA","TYPE_4":"Desa","ENGTYPE_4":"Village","CC_4":"5101010002"},"geometry":{"type":"MultiPolygon","coordinates":[[[[114.4914,-8.2155],[114.4947,-8.224],[114.4972,-8.2381],[114.5039,-8.2481],[114.5049,-8.2487],[114.5083,-8.2452],[114.5189,-8.2504],[114.5214,-8.2536],[114.516,-8.2565],[114.5143,-8.2605],[114.5103,-8.2615],[114.5135,-8.2648],[114.5122,-8.2679],[114.5086,-8.2692],[114.5047,-8.267],[114.5022,-8.2675],[114.4994,-8.2713],[114.5058,-8.2812],[114.5015,-8.2829],[114.4976,-8.2882],[114.4845,-8.2769],[114.4788,-8.2622],[114.4729,-8.2548],[114.4697,-8.2464],[114.4592,-8.2337],[114.4669,-8.2293],[114.4675,-8.2274],[114.4698,-8.2281],[114.4716,-8.2264],[114.475,-8.2201],[114.4762,-8.2129],[114.4857,-8.2155],[114.4914,-8.2155]]]]}},{"type":"Feature","properties":{"GID_4":"IDN.2.6.2.7_1","GID_0":"IDN","COUNTRY":"Indonesia","GID_1":"IDN.2_1","NAME_1":"Bali","GID_2":"IDN.2.6_1","NAME_2":"Jembrana","GID_3":"IDN.2.6.2_1","NAME_3":"Melaya","NAME_4":"NusaSari","VARNAME_4":"NA","TYPE_4":"Desa","ENGTYPE_4":"Village","CC_4":"5101010008"},"geometry":{"type":"MultiPolygon","coordinates":[[[[114.5045,-8.2954],[114.5044,-8.2955],[114.5039,-8.2949],[114.5045,-8.2954]]],[[[114.5254,-8.291],[114.5154,-8.2856],[114.5116,-8.2905],[114.5084,-8.2895],[114.5039,-8.2949],[114.4976,-8.2882],[114.5015,-8.2829],[114.5058,-8.2812],[114.4994,-8.2713],[114.5022,-8.2675],[114.5047,-8.267],[114.5096,-8.2692],[114.5102,-8.2677],[114.5122,-8.2679],[114.5135,-8.2648],[114.5159,-8.2668],[114.5197,-8.2645],[114.5261,-8.2701],[114.5258,-8.2726],[114.5322,-8.2749],[114.5328,-8.2771],[114.5299,-8.2811],[114.5281,-8.2811],[114.5288,-8.2827],[114.5261,-8.2855],[114.5254,-8.291]]]]}},{"type":"Feature","properties":{"GID_4":"IDN.2.6.2.8_1","GID_0":"IDN","COUNTRY":"Indonesia","GID_1":"IDN.2_1","NAME_1":"Bali","GID_2":"IDN.2.6_1","NAME_2":"Jembrana","GID_3":"IDN.2.6.2_1","NAME_3":"Melaya","NAME_4":"Tukadaya","VARNAME_4":"NA","TYPE_4":"Desa","ENGTYPE_4":"Village","CC_4":"5101010005"},"geometry":{"type":"MultiPolygon","coordinates":[[[[114.6459,-8.2198],[114.649,-8.2217],[114.6359,-8.2249],[114.6297,-8.228],[114.6297,-8.2312],[114.6237,-8.2335],[114.6113,-8.2423],[114.6076,-8.2475],[114.6059,-8.2535],[114.6019,-8.2572],[114.5932,-8.2613],[114.5923,-8.2634],[114.5885,-8.2627],[114.5868,-8.2642],[114.5872,-8.2673],[114.5828,-8.2685],[114.5819,-8.2704],[114.5809,-8.2695],[114.5814,-8.2749],[114.5771,-8.2774],[114.5797,-8.2779],[114.5779,-8.2797],[114.5757,-8.2783],[114.5739,-8.2793],[114.5747,-8.2816],[114.5725,-8.2892],[114.5692,-8.2925],[114.5665,-8.2926],[114.5663,-8.2967],[114.5617,-8.3001],[114.5613,-8.304],[114.5592,-8.3062],[114.5604,-8.3068],[114.5593,-8.3076],[114.5601,-8.3129],[114.5576,-8.3178],[114.5539,-8.3196],[114.5534,-8.3228],[114.5556,-8.324],[114.5541,-8.3242],[114.5537,-8.3278],[114.5553,-8.3294],[114.5527,-8.331],[114.5512,-8.3295],[114.5467,-8.3326],[114.5429,-8.3296],[114.5398,-8.3298],[114.545,-8.3195],[114.5383,-8.3162],[114.5437,-8.3028],[114.548,-8.2992],[114.5479,-8.2937],[114.5496,-8.291],[114.5383,-8.2854],[114.554,-8.277],[114.5563,-8.2684],[114.557,-8.2561],[114.5644,-8.2522],[114.5666,-8.2477],[114.5874,-8.2364],[114.5944,-8.2309],[114.5966,-8.2187],[114.6017,-8.2162],[114.6024,-8.2124],[114.609,-8.2062],[114.6127,-8.2077],[114.6145,-8.2106],[114.6202,-8.2123],[114.6253,-8.2111],[114.6321,-8.2122],[114.638,-8.2176],[114.6459,-8.2198]]]]}},{"type":"Feature","properties":{"GID_4":"IDN.2.6.2.9_1","GID_0":"IDN","COUNTRY":"Indonesia","GID_1":"IDN.2_1","NAME_1":"Bali","GID_2":"IDN.2.6_1","NAME_2":"Jembrana","GID_3":"IDN.2.6.2_1","NAME_3":"Melaya","NAME_4":"Tuwed","VARNAME_4":"NA","TYPE_4":"Desa","ENGTYPE_4":"Village","CC_4":"5101010004"},"geometry":{"type":"MultiPolygon","coordinates":[[[[114.5209,-8.3143],[114.5236,-8.3135],[114.5281,-8.3072],[114.5308,-8.3106],[114.5326,-8.3013],[114.5392,-8.2988],[114.5421,-8.2955],[114.5486,-8.2951],[114.548,-8.2992],[114.5437,-8.3028],[114.5383,-8.3162],[114.545,-8.3195],[114.5397,-8.329],[114.5366,-8.3318],[114.5343,-8.3317],[114.5358,-8.3336],[114.5325,-8.3343],[114.5316,-8.3325],[114.5299,-8.3339],[114.5236,-8.3338],[114.5218,-8.3326],[114.5189,-8.3239],[114.5209,-8.3143]]]]}},{"type":"Feature","properties":{"GID_4":"IDN.2.6.2.10_1","GID_0":"IDN","COUNTRY":"Indonesia","GID_1":"IDN.2_1","NAME_1":"Bali","GID_2":"IDN.2.6_1","NAME_2":"Jembrana","GID_3":"IDN.2.6.2_1","NAME_3":"Melaya","NAME_4":"Warnasari","VARNAME_4":"NA","TYPE_4":"Desa","ENGTYPE_4":"Village","CC_4":"5101010007"},"geometry":{"type":"MultiPolygon","coordinates":[[[[114.5383,-8.2854],[114.531,-8.2842],[114.5289,-8.2893],[114.5255,-8.2909],[114.5261,-8.2855],[114.5288,-8.2827],[114.5281,-8.2811],[114.5299,-8.2811],[114.5337,-8.2753],[114.5324,-8.2737],[114.5363,-8.2707],[114.5358,-8.2672],[114.5438,-8.2644],[114.5474,-8.2604],[114.554,-8.2573],[114.5546,-8.256],[114.5522,-8.254],[114.556,-8.253],[114.5564,-8.2514],[114.5582,-8.2523],[114.5583,-8.2504],[114.56,-8.251],[114.5597,-8.2485],[114.563,-8.2458],[114.553,-8.2376],[114.5571,-8.2259],[114.5636,-8.2199],[114.5637,-8.2173],[114.5687,-8.2165],[114.5686,-8.2131],[114.5721,-8.2082],[114.5719,-8.2059],[114.5739,-8.2052],[114.5729,-8.2021],[114.5771,-8.2008],[114.5781,-8.1971],[114.5803,-8.196],[114.5956,-8.1986],[114.6002,-8.1977],[114.6083,-8.202],[114.609,-8.2062],[114.6024,-8.2124],[114.6017,-8.2162],[114.5966,-8.2187],[114.5944,-8.2309],[114.5874,-8.2364],[114.5666,-8.2477],[114.5644,-8.2522],[114.557,-8.2561],[114.5563,-8.2684],[114.554,-8.277],[114.5383,-8.2854]]]]}},{"type":"Feature","properties":{"GID_4":"IDN.2.6.3.1_1","GID_0":"IDN","COUNTRY":"Indonesia","GID_1":"IDN.2_1","NAME_1":"Bali","GID_2":"IDN.2.6_1","NAME_2":"Jembrana","GID_3":"IDN.2.6.3_1","NAME_3":"Menddoyo","NAME_4":"YehEmbangKauh","VARNAME_4":"NA","TYPE_4":"Desa","ENGTYPE_4":"Village","CC_4":"5101030008"},"geometry":{"type":"MultiPolygon","coordinates":[[[[114.6926,-8.2079],[114.7027,-8.1984],[114.7276,-8.217],[114.7481,-8.2237],[114.7516,-8.2289],[114.7559,-8.2319],[114.7585,-8.2412],[114.7629,-8.2491],[114.7662,-8.2534],[114.7708,-8.2553],[114.7717,-8.2618],[114.7778,-8.2702],[114.781,-8.2721],[114.7798,-8.2762],[114.7817,-8.2808],[114.7792,-8.2845],[114.7798,-8.2884],[114.7772,-8.3022],[114.7702,-8.3138],[114.7711,-8.3216],[114.7695,-8.3241],[114.7711,-8.3279],[114.7697,-8.3316],[114.7717,-8.3387],[114.7693,-8.347],[114.7661,-8.3501],[114.7673,-8.3518],[114.7642,-8.3546],[114.7656,-8.3561],[114.7631,-8.3632],[114.7643,-8.3711],[114.7613,-8.3716],[114.7621,-8.376],[114.7597,-8.3781],[114.7605,-8.3795],[114.7579,-8.3845],[114.754,-8.3881],[114.7519,-8.3933],[114.7522,-8.3998],[114.7332,-8.3965],[114.7403,-8.396],[114.7376,-8.3888],[114.7417,-8.3836],[114.7397,-8.3829],[114.7401,-8.3753],[114.7388,-8.3754],[114.7363,-8.3716],[114.7324,-8.3731],[114.7299,-8.3683],[114.7355,-8.3603],[114.7348,-8.3576],[114.7382,-8.358],[114.7392,-8.3554],[114.7405,-8.3559],[114.7402,-8.3541],[114.7363,-8.3538],[114.7392,-8.3494],[114.7389,-8.3466],[114.7405,-8.3463],[114.739,-8.3372],[114.7401,-8.3353],[114.7417,-8.3357],[114.7418,-8.3341],[114.74,-8.3334],[114.7413,-8.3329],[114.7405,-8.3276],[114.7428,-8.3237],[114.7411,-8.3231],[114.739,-8.3178],[114.7395,-8.3149],[114.7341,-8.3104],[114.7346,-8.3073],[114.7333,-8.306],[114.7334,-8.3037],[114.7368,-8.3002],[114.7351,-8.2777],[114.7332,-8.2722],[114.7304,-8.2715],[114.7302,-8.2675],[114.7284,-8.2665],[114.7231,-8.2502],[114.7146,-8.2425],[114.7133,-8.2375],[114.7068,-8.2279],[114.7058,-8.2208],[114.6996,-8.2165],[114.6984,-8.2129],[114.6926,-8.2079]]]]}},{"type":"Feature","properties":{"GID_4":"IDN.2.6.4.1_1","GID_0":"IDN","COUNTRY":"Indonesia","GID_1":"IDN.2_1","NAME_1":"Bali","GID_2":"IDN.2.6_1","NAME_2":"Jembrana","GID_3":"IDN.2.6.4_1","NAME_3":"Mendoyo","NAME_4":"DelodBerawah","VARNAME_4":"NA","TYPE_4":"Desa","ENGTYPE_4":"Village","CC_4":"5101030005"},"geometry":{"type":"MultiPolygon","coordinates":[[[[114.6682,-8.4008],[114.6689,-8.3896],[114.6708,-8.3878],[114.6801,-8.3883],[114.687,-8.3913],[114.7005,-8.3916],[114.7002,-8.3933],[114.7026,-8.3948],[114.6682,-8.4008]]]]}},{"type":"Feature","properties":{"GID_4":"IDN.2.6.4.2_1","GID_0":"IDN","COUNTRY":"Indonesia","GID_1":"IDN.2_1","NAME_1":"Bali","GID_2":"IDN.2.6_1","NAME_2":"Jembrana","GID_3":"IDN.2.6.4_1","NAME_3":"Mendoyo","NAME_4":"MendoyoDanginTukad","VARNAME_4":"NA","TYPE_4":"Desa","ENGTYPE_4":"Village","CC_4":"5101030002"},"geometry":{"type":"MultiPolygon","coordinates":[[[[114.6569,-8.3894],[114.6573,-8.3878],[114.6541,-8.3865],[114.6569,-8.3822],[114.6566,-8.3787],[114.6574,-8.3794],[114.669,-8.3685],[114.6742,-8.37],[114.674,-8.3726],[114.6772,-8.3738],[114.677,-8.375],[114.6738,-8.3778],[114.6701,-8.3896],[114.6569,-8.3894]]]]}},{"type":"Feature","properties":{"GID_4":"IDN.2.6.4.3_1","GID_0":"IDN","COUNTRY":"Indonesia","GID_1":"IDN.2_1","NAME_1":"Bali","GID_2":"IDN.2.6_1","NAME_2":"Jembrana","GID_3":"IDN.2.6.4_1","NAME_3":"Mendoyo","NAME_4":"MendoyoDauhTukad","VARNAME_4":"NA","TYPE_4":"Desa","ENGTYPE_4":"Village","CC_4":"5101030001"},"geometry":{"type":"MultiPolygon","coordinates":[[[[114.6734,-8.3265],[114.675,-8.3264],[114.6739,-8.3243],[114.6766,-8.3214],[114.6738,-8.3138],[114.6759,-8.299],[114.6715,-8.2916],[114.6771,-8.2802],[114.6806,-8.2851],[114.6776,-8.2949],[114.6817,-8.3004],[114.6824,-8.3045],[114.6809,-8.3127],[114.6815,-8.319],[114.6799,-8.3236],[114.6786,-8.3236],[114.6797,-8.326],[114.6782,-8.3252],[114.6788,-8.3272],[114.677,-8.3294],[114.6772,-8.3374],[114.6751,-8.3388],[114.6794,-8.3418],[114.6795,-8.3446],[114.6759,-8.3476],[114.6759,-8.3493],[114.6774,-8.3496],[114.6745,-8.3516],[114.674,-8.3556],[114.6703,-8.3558],[114.6695,-8.3588],[114.6724,-8.3601],[114.6727,-8.362],[114.6703,-8.366],[114.6692,-8.3654],[114.6688,-8.3693],[114.6572,-8.3795],[114.6612,-8.3663],[114.6656,-8.3374],[114.6679,-8.3357],[114.6705,-8.3367],[114.6702,-8.3293],[114.6736,-8.3285],[114.6734,-8.3265]]]]}},{"type":"Feature","properties":{"GID_4":"IDN.2.6.4.4_1","GID_0":"IDN","COUNTRY":"Indonesia","GID_1":"IDN.2_1","NAME_1":"Bali","GID_2":"IDN.2.6_1","NAME_2":"Jembrana","GID_3":"IDN.2.6.4_1","NAME_3":"Mendoyo","NAME_4":"Penyaringan","VARNAME_4":"NA","TYPE_4":"Desa","ENGTYPE_4":"Village","CC_4":"5101030007"},"geometry":{"type":"MultiPolygon","coordinates":[[[[114.6843,-8.2317],[114.6907,-8.2195],[114.691,-8.2107],[114.6926,-8.2079],[114.6984,-8.2129],[114.6996,-8.2165],[114.7058,-8.2208],[114.7068,-8.2279],[114.7133,-8.2375],[114.7146,-8.2425],[114.7231,-8.2502],[114.7284,-8.2665],[114.7302,-8.2675],[114.7304,-8.2715],[114.7332,-8.2722],[114.7351,-8.2777],[114.7368,-8.3002],[114.7334,-8.3037],[114.7333,-8.306],[114.7346,-8.3073],[114.7341,-8.3104],[114.7395,-8.3149],[114.739,-8.3178],[114.7411,-8.3231],[114.7428,-8.3237],[114.7405,-8.3276],[114.7413,-8.3329],[114.74,-8.3334],[114.7418,-8.3341],[114.7417,-8.3357],[114.7401,-8.3353],[114.739,-8.3372],[114.7405,-8.3463],[114.7389,-8.3466],[114.7392,-8.3494],[114.7363,-8.3538],[114.7402,-8.3541],[114.7405,-8.3559],[114.7392,-8.3554],[114.7382,-8.358],[114.7348,-8.3576],[114.7355,-8.3603],[114.7299,-8.3683],[114.7324,-8.3731],[114.7363,-8.3716],[114.7388,-8.3754],[114.7401,-8.3753],[114.7397,-8.3829],[114.7417,-8.3836],[114.7376,-8.3888],[114.7395,-8.3965],[114.7354,-8.3954],[114.6798,-8.3989],[114.691,-8.3963],[114.6988,-8.3963],[114.7034,-8.3939],[114.7043,-8.3773],[114.7027,-8.374],[114.7029,-8.3663],[114.7046,-8.3613],[114.7073,-8.3587],[114.7081,-8.3534],[114.7127,-8.3534],[114.7143,-8.3503],[114.7137,-8.3467],[114.7182,-8.3456],[114.7172,-8.3435],[114.72,-8.3356],[114.7207,-8.3208],[114.7255,-8.3113],[114.7242,-8.3099],[114.7229,-8.2959],[114.719,-8.2893],[114.7189,-8.2862],[114.7177,-8.2865],[114.7159,-8.2831],[114.7187,-8.2802],[114.7188,-8.2769],[114.7148,-8.2653],[114.7059,-8.2574],[114.6951,-8.2534],[114.6952,-8.2499],[114.6882,-8.2457],[114.6843,-8.2317]]]]}},{"type":"Feature","properties":{"GID_4":"IDN.2.6.4.5_1","GID_0":"IDN","COUNTRY":"Indonesia","GID_1":"IDN.2_1","NAME_1":"Bali","GID_2":"IDN.2.6_1","NAME_2":"Jembrana","GID_3":"IDN.2.6.4_1","NAME_3":"Mendoyo","NAME_4":"Pergung","VARNAME_4":"NA","TYPE_4":"Desa","ENGTYPE_4":"Village","CC_4":"5101030004"},"geometry":{"type":"MultiPolygon","coordinates":[[[[114.6832,-8.2621],[114.6859,-8.2533],[114.6775,-8.2521],[114.6822,-8.2477],[114.6887,-8.2458],[114.6952,-8.2499],[114.6949,-8.253],[114.6969,-8.2547],[114.6947,-8.2593],[114.7007,-8.269],[114.703,-8.2774],[114.7085,-8.285],[114.7121,-8.301],[114.7111,-8.3085],[114.7148,-8.3162],[114.712,-8.322],[114.715,-8.3255],[114.7111,-8.3342],[114.7084,-8.3353],[114.7087,-8.3411],[114.7037,-8.3543],[114.7003,-8.3539],[114.7005,-8.356],[114.6982,-8.3599],[114.6957,-8.3601],[114.6967,-8.3626],[114.6941,-8.3641],[114.6921,-8.369],[114.6886,-8.3694],[114.6884,-8.3716],[114.686,-8.3721],[114.6857,-8.3778],[114.6803,-8.3884],[114.6729,-8.3885],[114.6708,-8.3878],[114.6711,-8.3862],[114.674,-8.3774],[114.677,-8.375],[114.6765,-8.3735],[114.6819,-8.3737],[114.6852,-8.3714],[114.6861,-8.3615],[114.6841,-8.3569],[114.6853,-8.3551],[114.683,-8.3534],[114.6875,-8.3474],[114.6929,-8.3465],[114.6945,-8.3417],[114.6981,-8.3425],[114.6979,-8.3406],[114.7006,-8.3404],[114.7001,-8.3345],[114.7021,-8.3344],[114.7007,-8.3332],[114.7019,-8.333],[114.7029,-8.3255],[114.7026,-8.3212],[114.7002,-8.3203],[114.7014,-8.3141],[114.699,-8.3141],[114.6987,-8.3057],[114.6945,-8.3026],[114.6967,-8.2988],[114.6941,-8.2871],[114.6885,-8.2756],[114.6885,-8.2681],[114.687,-8.264],[114.6832,-8.2621]]]]}},{"type":"Feature","properties":{"GID_4":"IDN.2.6.4.6_1","GID_0":"IDN","COUNTRY":"Indonesia","GID_1":"IDN.2_1","NAME_1":"Bali","GID_2":"IDN.2.6_1","NAME_2":"Jembrana","GID_3":"IDN.2.6.4_1","NAME_3":"Mendoyo","NAME_4":"Pohsanten","VARNAME_4":"NA","TYPE_4":"Desa","ENGTYPE_4":"Village","CC_4":"5101030003"},"geometry":{"type":"MultiPolygon","coordinates":[[[[114.6771,-8.2802],[114.6792,-8.2673],[114.6832,-8.2621],[114.687,-8.264],[114.6885,-8.2681],[114.6885,-8.2756],[114.6941,-8.2871],[114.6967,-8.2988],[114.6945,-8.3026],[114.6987,-8.3057],[114.699,-8.3141],[114.7014,-8.3141],[114.7002,-8.3203],[114.7026,-8.3212],[114.7029,-8.3255],[114.7019,-8.333],[114.7007,-8.3332],[114.7021,-8.3344],[114.7001,-8.3345],[114.7006,-8.3404],[114.6979,-8.3406],[114.6981,-8.3425],[114.6945,-8.3417],[114.6929,-8.3465],[114.6875,-8.3474],[114.683,-8.3534],[114.6853,-8.3551],[114.6841,-8.3569],[114.6861,-8.3615],[114.6852,-8.3714],[114.6794,-8.3739],[114.674,-8.3726],[114.6742,-8.37],[114.6685,-8.3674],[114.6727,-8.362],[114.6724,-8.3601],[114.6695,-8.3588],[114.6703,-8.3558],[114.674,-8.3556],[114.6745,-8.3516],[114.6774,-8.3496],[114.6759,-8.3493],[114.6759,-8.3476],[114.6795,-8.3446],[114.6794,-8.3418],[114.6751,-8.3388],[114.6772,-8.3374],[114.677,-8.3294],[114.6788,-8.3272],[114.6782,-8.3252],[114.6797,-8.326],[114.6786,-8.3236],[114.6799,-8.3236],[114.6815,-8.319],[114.6809,-8.3127],[114.6824,-8.3045],[114.6817,-8.3004],[114.6776,-8.2949],[114.6806,-8.2851],[114.6771,-8.2802]]]]}},{"type":"Feature","properties":{"GID_4":"IDN.2.6.4.7_1","GID_0":"IDN","COUNTRY":"Indonesia","GID_1":"IDN.2_1","NAME_1":"Bali","GID_2":"IDN.2.6_1","NAME_2":"Jembrana","GID_3":"IDN.2.6.4_1","NAME_3":"Mendoyo","NAME_4":"TegalCangkring","VARNAME_4":"NA","TYPE_4":"Desa","ENGTYPE_4":"Village","CC_4":"5101030006"},"geometry":{"type":"MultiPolygon","coordinates":[[[[114.7021,-8.3949],[114.7026,-8.3948],[114.702,-8.3951],[114.7021,-8.3949]]],[[[114.7024,-8.394],[114.7002,-8.3933],[114.7005,-8.3916],[114.687,-8.3913],[114.6803,-8.3884],[114.6857,-8.3778],[114.686,-8.3721],[114.6884,-8.3716],[114.6886,-8.3694],[114.6921,-8.369],[114.6941,-8.3641],[114.6967,-8.3626],[114.6957,-8.3601],[114.6982,-8.3599],[114.7005,-8.356],[114.7003,-8.3539],[114.7016,-8.3549],[114.7042,-8.3536],[114.7087,-8.3411],[114.7084,-8.3353],[114.7111,-8.3342],[114.715,-8.3255],[114.712,-8.322],[114.7148,-8.3162],[114.7111,-8.3085],[114.7121,-8.301],[114.7106,-8.2915],[114.7074,-8.2824],[114.7037,-8.2786],[114.7007,-8.269],[114.6947,-8.2593],[114.6966,-8.2541],[114.7059,-8.2574],[114.7148,-8.2653],[114.7188,-8.2769],[114.7187,-8.2802],[114.7159,-8.2831],[114.7177,-8.2865],[114.7189,-8.2862],[114.719,-8.2893],[114.7229,-8.2959],[114.7242,-8.3099],[114.7255,-8.3113],[114.7207,-8.3208],[114.72,-8.3356],[114.7172,-8.3435],[114.7182,-8.3456],[114.7137,-8.3467],[114.7143,-8.3503],[114.7127,-8.3534],[114.7081,-8.3534],[114.7073,-8.3587],[114.7046,-8.3613],[114.7029,-8.3663],[114.7042,-8.385],[114.7029,-8.3869],[114.7034,-8.3939],[114.7024,-8.394]]]]}},{"type":"Feature","properties":{"GID_4":"IDN.2.6.4.8_1","GID_0":"IDN","COUNTRY":"Indonesia","GID_1":"IDN.2_1","NAME_1":"Bali","GID_2":"IDN.2.6_1","NAME_2":"Jembrana","GID_3":"IDN.2.6.4_1","NAME_3":"Mendoyo","NAME_4":"YehEmbang","VARNAME_4":"NA","TYPE_4":"Desa","ENGTYPE_4":"Village","CC_4":"5101030009"},"geometry":{"type":"MultiPolygon","coordinates":[[[[114.771,-8.2602],[114.7761,-8.2631],[114.7783,-8.2604],[114.7832,-8.2595],[114.7832,-8.256],[114.7858,-8.2546],[114.7954,-8.27],[114.7952,-8.2761],[114.8009,-8.2908],[114.8008,-8.2959],[114.8074,-8.3031],[114.8079,-8.3095],[114.8056,-8.3103],[114.8006,-8.3175],[114.801,-8.3264],[114.7993,-8.327],[114.8016,-8.329],[114.7999,-8.3293],[114.7999,-8.3321],[114.7965,-8.3311],[114.7965,-8.3411],[114.7903,-8.3411],[114.7898,-8.3453],[114.7851,-8.3492],[114.7873,-8.3532],[114.7862,-8.3548],[114.7833,-8.3544],[114.7835,-8.3624],[114.7793,-8.3639],[114.7774,-8.3624],[114.776,-8.3663],[114.7723,-8.3659],[114.7746,-8.3707],[114.7727,-8.3731],[114.7723,-8.3826],[114.7711,-8.3836],[114.7725,-8.3878],[114.7702,-8.3954],[114.7661,-8.3994],[114.7654,-8.4031],[114.7523,-8.3997],[114.7519,-8.3933],[114.754,-8.3881],[114.7593,-8.3821],[114.7597,-8.3781],[114.7621,-8.376],[114.7607,-8.3726],[114.7643,-8.3711],[114.7631,-8.3632],[114.7656,-8.3561],[114.7642,-8.3546],[114.7673,-8.3518],[114.7661,-8.3501],[114.7693,-8.347],[114.7717,-8.3387],[114.7697,-8.3316],[114.7711,-8.3279],[114.7695,-8.3241],[114.7711,-8.3216],[114.7702,-8.3138],[114.7772,-8.3022],[114.7798,-8.2884],[114.7792,-8.2845],[114.7817,-8.2808],[114.7798,-8.2762],[114.781,-8.2721],[114.7766,-8.2688],[114.771,-8.2602]]]]}},{"type":"Feature","properties":{"GID_4":"IDN.2.6.4.9_1","GID_0":"IDN","COUNTRY":"Indonesia","GID_1":"IDN.2_1","NAME_1":"Bali","GID_2":"IDN.2.6_1","NAME_2":"Jembrana","GID_3":"IDN.2.6.4_1","NAME_3":"Mendoyo","NAME_4":"YehEmbangKangin","VARNAME_4":"NA","TYPE_4":"Desa","ENGTYPE_4":"Village","CC_4":"5101030010"},"geometry":{"type":"MultiPolygon","coordinates":[[[[114.7854,-8.2544],[114.7956,-8.2566],[114.7998,-8.252],[114.8053,-8.2514],[114.8102,-8.2539],[114.8166,-8.26],[114.816,-8.2643],[114.8118,-8.2637],[114.8108,-8.2663],[114.8136,-8.2715],[114.8131,-8.2791],[114.8171,-8.2818],[114.8164,-8.2928],[114.8187,-8.2943],[114.8206,-8.3015],[114.8188,-8.3154],[114.8209,-8.3174],[114.8248,-8.3177],[114.8222,-8.325],[114.8234,-8.3316],[114.8256,-8.3338],[114.8171,-8.3417],[114.8092,-8.3461],[114.805,-8.3526],[114.8058,-8.3588],[114.8014,-8.3598],[114.8022,-8.3628],[114.7994,-8.3644],[114.7991,-8.3661],[114.7976,-8.3658],[114.7979,-8.3697],[114.793,-8.3775],[114.7949,-8.3791],[114.7917,-8.3817],[114.7926,-8.3852],[114.7906,-8.3864],[114.7929,-8.3893],[114.7902,-8.389],[114.7896,-8.391],[114.7868,-8.3912],[114.7871,-8.3932],[114.7893,-8.3937],[114.7864,-8.3951],[114.7885,-8.4026],[114.7929,-8.4035],[114.7926,-8.4057],[114.7886,-8.4096],[114.7651,-8.4032],[114.7661,-8.3994],[114.7702,-8.3954],[114.7725,-8.3878],[114.7711,-8.3836],[114.7723,-8.3826],[114.7727,-8.3731],[114.7746,-8.3707],[114.7723,-8.3659],[114.776,-8.3663],[114.7774,-8.3624],[114.7793,-8.3639],[114.7835,-8.3624],[114.7833,-8.3544],[114.7862,-8.3548],[114.7873,-8.3532],[114.7851,-8.3492],[114.7898,-8.3453],[114.7903,-8.3411],[114.7965,-8.3411],[114.7965,-8.3311],[114.7999,-8.3321],[114.7999,-8.3293],[114.8016,-8.329],[114.7993,-8.327],[114.801,-8.3264],[114.8006,-8.3175],[114.8056,-8.3103],[114.8079,-8.3095],[114.8074,-8.3031],[114.8008,-8.2959],[114.8009,-8.2908],[114.7952,-8.2761],[114.7954,-8.27],[114.7854,-8.2544]]]]}},{"type":"Feature","properties":{"GID_4":"IDN.2.6.4.10_1","GID_0":"IDN","COUNTRY":"Indonesia","GID_1":"IDN.2_1","NAME_1":"Bali","GID_2":"IDN.2.6_1","NAME_2":"Jembrana","GID_3":"IDN.2.6.4_1","NAME_3":"Mendoyo","NAME_4":"YehSumbul","VARNAME_4":"NA","TYPE_4":"Desa","ENGTYPE_4":"Village","CC_4":"5101030011"},"geometry":{"type":"MultiPolygon","coordinates":[[[[114.8255,-8.3339],[114.8309,-8.3341],[114.8337,-8.336],[114.8324,-8.3428],[114.8224,-8.3521],[114.8191,-8.3563],[114.8192,-8.3586],[114.818,-8.3584],[114.8189,-8.36],[114.8165,-8.361],[114.8155,-8.3648],[114.8124,-8.3672],[114.8132,-8.3731],[114.8103,-8.374],[114.8115,-8.376],[114.8107,-8.3781],[114.812,-8.3782],[114.8072,-8.3871],[114.808,-8.394],[114.8063,-8.3957],[114.8104,-8.3968],[114.8046,-8.4015],[114.8043,-8.4161],[114.7901,-8.4091],[114.7929,-8.4035],[114.7885,-8.4026],[114.7864,-8.3951],[114.7893,-8.3937],[114.7871,-8.3932],[114.7868,-8.3912],[114.7896,-8.391],[114.7902,-8.389],[114.7929,-8.3893],[114.7905,-8.3874],[114.7926,-8.3852],[114.7917,-8.3817],[114.7949,-8.3791],[114.793,-8.3775],[114.7979,-8.3697],[114.7976,-8.3658],[114.7991,-8.3661],[114.7994,-8.3644],[114.8022,-8.3628],[114.8014,-8.3598],[114.8058,-8.3588],[114.805,-8.3526],[114.8087,-8.3466],[114.8243,-8.3361],[114.8255,-8.3339]]]]}},{"type":"Feature","properties":{"GID_4":"IDN.2.6.5.1_1","GID_0":"IDN","COUNTRY":"Indonesia","GID_1":"IDN.2_1","NAME_1":"Bali","GID_2":"IDN.2.6_1","NAME_2":"Jembrana","GID_3":"IDN.2.6.5_1","NAME_3":"Negara","NAME_4":"BalerBaleAgung","VARNAME_4":"NA","TYPE_4":"Desa","ENGTYPE_4":"Village","CC_4":"5101020019"},"geometry":{"type":"MultiPolygon","coordinates":[[[[114.6524,-8.2257],[114.6534,-8.2301],[114.6518,-8.2343],[114.6529,-8.237],[114.6545,-8.2369],[114.6479,-8.2419],[114.6484,-8.2501],[114.6445,-8.255],[114.6449,-8.2586],[114.6422,-8.2608],[114.6404,-8.2681],[114.6413,-8.2794],[114.638,-8.289],[114.6269,-8.3023],[114.6278,-8.3044],[114.6257,-8.31],[114.626,-8.3157],[114.6219,-8.3204],[114.6219,-8.3255],[114.6262,-8.3309],[114.6242,-8.3467],[114.6257,-8.3515],[114.6235,-8.3546],[114.624,-8.3574],[114.6092,-8.3542],[114.6143,-8.3396],[114.6171,-8.3361],[114.6168,-8.3303],[114.6153,-8.3291],[114.6176,-8.3148],[114.6242,-8.3022],[114.6226,-8.2941],[114.6235,-8.2912],[114.6203,-8.2859],[114.6227,-8.2767],[114.6298,-8.2704],[114.6395,-8.2541],[114.6386,-8.2473],[114.6364,-8.2444],[114.6309,-8.2416],[114.6419,-8.2315],[114.6477,-8.2305],[114.6524,-8.2257]]]]}},{"type":"Feature","properties":{"GID_4":"IDN.2.6.5.2_1","GID_0":"IDN","COUNTRY":"Indonesia","GID_1":"IDN.2_1","NAME_1":"Bali","GID_2":"IDN.2.6_1","NAME_2":"Jembrana","GID_3":"IDN.2.6.5_1","NAME_3":"Negara","NAME_4":"Baluk","VARNAME_4":"NA","TYPE_4":"Desa","ENGTYPE_4":"Village","CC_4":"5101020015"},"geometry":{"type":"MultiPolygon","coordinates":[[[[114.5455,-8.3512],[114.5462,-8.3481],[114.5482,-8.3499],[114.5527,-8.3504],[114.5528,-8.3527],[114.5601,-8.3539],[114.5795,-8.3529],[114.5814,-8.3489],[114.6013,-8.352],[114.6076,-8.3542],[114.6062,-8.3563],[114.6089,-8.3604],[114.6085,-8.3653],[114.5932,-8.3654],[114.5925,-8.3677],[114.5693,-8.3653],[114.5628,-8.3625],[114.5639,-8.3602],[114.5551,-8.3581],[114.5513,-8.3559],[114.5521,-8.3538],[114.5455,-8.3512]]]]}},{"type":"Feature","properties":{"GID_4":"IDN.2.6.5.3_1","GID_0":"IDN","COUNTRY":"Indonesia","GID_1":"IDN.2_1","NAME_1":"Bali","GID_2":"IDN.2.6_1","NAME_2":"Jembrana","GID_3":"IDN.2.6.5_1","NAME_3":"Negara","NAME_4":"BanjarTengah","VARNAME_4":"NA","TYPE_4":"Desa","ENGTYPE_4":"Village","CC_4":"5101020014"},"geometry":{"type":"MultiPolygon","coordinates":[[[[114.624,-8.3574],[114.6243,-8.3605],[114.6137,-8.359],[114.6131,-8.3612],[114.6069,-8.3591],[114.6062,-8.3563],[114.6085,-8.354],[114.624,-8.3574]]]]}},{"type":"Feature","properties":{"GID_4":"IDN.2.6.5.4_1","GID_0":"IDN","COUNTRY":"Indonesia","GID_1":"IDN.2_1","NAME_1":"Bali","GID_2":"IDN.2.6_1","NAME_2":"Jembrana","GID_3":"IDN.2.6.5_1","NAME_3":"Negara","NAME_4":"Banyubiru","VARNAME_4":"NA","TYPE_4":"Desa","ENGTYPE_4":"Village","CC_4":"5101020016"},"geometry":{"type":"MultiPolygon","coordinates":[[[[114.5391,-8.3291],[114.5405,-8.3304],[114.5429,-8.3296],[114.5464,-8.3326],[114.5479,-8.331],[114.575,-8.3474],[114.5797,-8.3485],[114.5799,-8.3455],[114.585,-8.3451],[114.5868,-8.347],[114.5989,-8.3486],[114.6013,-8.352],[114.5814,-8.3489],[114.5795,-8.3529],[114.5601,-8.3539],[114.5528,-8.3527],[114.5527,-8.3504],[114.5482,-8.3499],[114.5462,-8.3481],[114.5457,-8.349],[114.5433,-8.3458],[114.5282,-8.3384],[114.5236,-8.3345],[114.5316,-8.3325],[114.5325,-8.3343],[114.5354,-8.3338],[114.5343,-8.3317],[114.5366,-8.3318],[114.5391,-8.3291]]]]}},{"type":"Feature","properties":{"GID_4":"IDN.2.6.5.5_1","GID_0":"IDN","COUNTRY":"Indonesia","GID_1":"IDN.2_1","NAME_1":"Bali","GID_2":"IDN.2.6_1","NAME_2":"Jembrana","GID_3":"IDN.2.6.5_1","NAME_3":"Negara","NAME_4":"Berangbang","VARNAME_4":"NA","TYPE_4":"Desa","ENGTYPE_4":"Village","CC_4":"5101020018"},"geometry":{"type":"MultiPolygon","coordinates":[[[[114.5938,-8.3064],[114.5903,-8.2994],[114.5904,-8.2957],[114.5937,-8.2946],[114.5945,-8.2914],[114.6036,-8.2873],[114.6057,-8.2845],[114.6056,-8.2822],[114.6078,-8.2801],[114.6062,-8.2782],[114.6073,-8.2745],[114.6132,-8.2684],[114.6175,-8.2527],[114.6202,-8.2521],[114.6232,-8.2466],[114.6309,-8.2416],[114.6364,-8.2444],[114.6389,-8.2484],[114.6392,-8.2549],[114.6298,-8.2704],[114.6227,-8.2767],[114.6203,-8.2859],[114.6235,-8.2912],[114.6226,-8.2941],[114.6242,-8.3022],[114.6174,-8.3158],[114.6153,-8.3296],[114.6168,-8.3303],[114.6171,-8.3361],[114.6156,-8.3391],[114.6122,-8.3387],[114.6116,-8.3313],[114.6019,-8.3242],[114.6022,-8.3137],[114.6042,-8.3111],[114.6007,-8.3084],[114.5938,-8.3064]]]]}},{"type":"Feature","properties":{"GID_4":"IDN.2.6.5.6_1","GID_0":"IDN","COUNTRY":"Indonesia","GID_1":"IDN.2_1","NAME_1":"Bali","GID_2":"IDN.2.6_1","NAME_2":"Jembrana","GID_3":"IDN.2.6.5_1","NAME_3":"Negara","NAME_4":"Cupel","VARNAME_4":"NA","TYPE_4":"Desa","ENGTYPE_4":"Village","CC_4":"5101020001"},"geometry":{"type":"MultiPolygon","coordinates":[[[[114.5455,-8.3512],[114.5521,-8.3538],[114.5513,-8.3559],[114.5551,-8.3581],[114.5639,-8.3602],[114.5628,-8.3625],[114.5658,-8.3642],[114.5776,-8.3666],[114.5758,-8.374],[114.5714,-8.3797],[114.5647,-8.3716],[114.5562,-8.3661],[114.5561,-8.3636],[114.5463,-8.3549],[114.5455,-8.3512]]]]}},{"type":"Feature","properties":{"GID_4":"IDN.2.6.5.7_1","GID_0":"IDN","COUNTRY":"Indonesia","GID_1":"IDN.2_1","NAME_1":"Bali","GID_2":"IDN.2.6_1","NAME_2":"Jembrana","GID_3":"IDN.2.6.5_1","NAME_3":"Negara","NAME_4":"Kaliakah","VARNAME_4":"NA","TYPE_4":"Desa","ENGTYPE_4":"Village","CC_4":"5101020017"},"geometry":{"type":"MultiPolygon","coordinates":[[[[114.5556,-8.324],[114.5581,-8.3216],[114.5615,-8.3258],[114.5627,-8.3239],[114.5654,-8.3253],[114.5692,-8.3226],[114.5767,-8.3244],[114.5812,-8.323],[114.5884,-8.3188],[114.5895,-8.3138],[114.5921,-8.3119],[114.5938,-8.3064],[114.6007,-8.3084],[114.6042,-8.3111],[114.6022,-8.3137],[114.6019,-8.3242],[114.6116,-8.3313],[114.6122,-8.3387],[114.6144,-8.339],[114.6092,-8.3542],[114.6059,-8.3542],[114.6013,-8.352],[114.5995,-8.3489],[114.5935,-8.347],[114.5868,-8.347],[114.5859,-8.3453],[114.5831,-8.345],[114.5799,-8.3455],[114.5797,-8.3485],[114.5671,-8.3434],[114.5479,-8.3318],[114.5513,-8.3294],[114.5527,-8.331],[114.5548,-8.33],[114.5536,-8.3268],[114.5541,-8.3242],[114.5556,-8.324]]]]}},{"type":"Feature","properties":{"GID_4":"IDN.2.6.5.8_1","GID_0":"IDN","COUNTRY":"Indonesia","GID_1":"IDN.2_1","NAME_1":"Bali","GID_2":"IDN.2.6_1","NAME_2":"Jembrana","GID_3":"IDN.2.6.5_1","NAME_3":"Negara","NAME_4":"Lelateng","VARNAME_4":"NA","TYPE_4":"Desa","ENGTYPE_4":"Village","CC_4":"5101020013"},"geometry":{"type":"MultiPolygon","coordinates":[[[[114.6199,-8.3721],[114.6158,-8.376],[114.6178,-8.3765],[114.6166,-8.3796],[114.6203,-8.3795],[114.6194,-8.3813],[114.6214,-8.384],[114.6166,-8.3824],[114.6179,-8.3849],[114.6159,-8.3842],[114.6133,-8.3864],[114.6128,-8.3852],[114.6062,-8.3844],[114.6046,-8.3911],[114.5931,-8.3889],[114.5981,-8.3811],[114.5987,-8.3765],[114.6098,-8.3788],[114.611,-8.3746],[114.6082,-8.3666],[114.6087,-8.3599],[114.6131,-8.3612],[114.6137,-8.359],[114.6207,-8.3601],[114.6179,-8.3712],[114.6199,-8.3721]]]]}},{"type":"Feature","properties":{"GID_4":"IDN.2.6.5.9_1","GID_0":"IDN","COUNTRY":"Indonesia","GID_1":"IDN.2_1","NAME_1":"Bali","GID_2":"IDN.2.6_1","NAME_2":"Jembrana","GID_3":"IDN.2.6.5_1","NAME_3":"Negara","NAME_4":"LoloanBarat","VARNAME_4":"NA","TYPE_4":"Desa","ENGTYPE_4":"Village","CC_4":"5101020012"},"geometry":{"type":"MultiPolygon","coordinates":[[[[114.6243,-8.3605],[114.6229,-8.3681],[114.6199,-8.3721],[114.6179,-8.3713],[114.6207,-8.3601],[114.6243,-8.3605]]]]}},{"type":"Feature","properties":{"GID_4":"IDN.2.6.5.10_1","GID_0":"IDN","COUNTRY":"Indonesia","GID_1":"IDN.2_1","NAME_1":"Bali","GID_2":"IDN.2.6_1","NAME_2":"Jembrana","GID_3":"IDN.2.6.5_1","NAME_3":"Negara","NAME_4":"Pengambengan","VARNAME_4":"NA","TYPE_4":"Desa","ENGTYPE_4":"Village","CC_4":"5101020004"},"geometry":{"type":"MultiPolygon","coordinates":[[[[114.624,-8.389],[114.6232,-8.3949],[114.6069,-8.4004],[114.6052,-8.3998],[114.5975,-8.4033],[114.5815,-8.3983],[114.5806,-8.394],[114.5737,-8.3858],[114.5805,-8.3833],[114.5817,-8.3861],[114.5936,-8.3866],[114.5931,-8.3889],[114.6032,-8.3912],[114.6046,-8.3911],[114.6062,-8.3844],[114.6128,-8.3852],[114.6133,-8.3864],[114.6159,-8.3842],[114.6178,-8.385],[114.6166,-8.3824],[114.6186,-8.3823],[114.6238,-8.3861],[114.6223,-8.3879],[114.624,-8.389]]]]}},{"type":"Feature","properties":{"GID_4":"IDN.2.6.5.11_1","GID_0":"IDN","COUNTRY":"Indonesia","GID_1":"IDN.2_1","NAME_1":"Bali","GID_2":"IDN.2.6_1","NAME_2":"Jembrana","GID_3":"IDN.2.6.5_1","NAME_3":"Negara","NAME_4":"TegalBadengBarat","VARNAME_4":"NA","TYPE_4":"Desa","ENGTYPE_4":"Village","CC_4":"5101020002"},"geometry":{"type":"MultiPolygon","coordinates":[[[[114.5775,-8.367],[114.5927,-8.3678],[114.5877,-8.3863],[114.5817,-8.3861],[114.5803,-8.3832],[114.5764,-8.3857],[114.5714,-8.3797],[114.5758,-8.374],[114.5775,-8.367]]]]}},{"type":"Feature","properties":{"GID_4":"IDN.2.6.5.12_1","GID_0":"IDN","COUNTRY":"Indonesia","GID_1":"IDN.2_1","NAME_1":"Bali","GID_2":"IDN.2.6_1","NAME_2":"Jembrana","GID_3":"IDN.2.6.5_1","NAME_3":"Negara","NAME_4":"TegalBadengTimur","VARNAME_4":"NA","TYPE_4":"Desa","ENGTYPE_4":"Village","CC_4":"5101020003"},"geometry":{"type":"MultiPolygon","coordinates":[[[[114.5926,-8.3677],[114.5932,-8.3654],[114.6085,-8.3653],[114.611,-8.3744],[114.6098,-8.3788],[114.5987,-8.3765],[114.5981,-8.3811],[114.5952,-8.3854],[114.5917,-8.3874],[114.5877,-8.3863],[114.5926,-8.3677]]]]}},{"type":"Feature","properties":{"GID_4":"IDN.2.6.6.1_1","GID_0":"IDN","COUNTRY":"Indonesia","GID_1":"IDN.2_1","NAME_1":"Bali","GID_2":"IDN.2.6_1","NAME_2":"Jembrana","GID_3":"IDN.2.6.6_1","NAME_3":"Pekutatan","NAME_4":"Asahduren","VARNAME_4":"NA","TYPE_4":"Desa","ENGTYPE_4":"Village","CC_4":"5101040007"},"geometry":{"type":"MultiPolygon","coordinates":[[[[114.8608,-8.384],[114.8671,-8.3886],[114.8701,-8.3952],[114.8701,-8.4015],[114.8744,-8.3954],[114.8769,-8.3951],[114.8837,-8.3892],[114.8941,-8.3913],[114.8948,-8.3976],[114.8923,-8.3998],[114.8879,-8.4014],[114.8849,-8.4006],[114.8791,-8.4034],[114.8772,-8.4072],[114.8727,-8.4096],[114.8675,-8.4162],[114.8626,-8.418],[114.8588,-8.4167],[114.8529,-8.4107],[114.8483,-8.4093],[114.8405,-8.4028],[114.8368,-8.4031],[114.8341,-8.4025],[114.8375,-8.4028],[114.8377,-8.3998],[114.8407,-8.3999],[114.8431,-8.395],[114.846,-8.3947],[114.8454,-8.3926],[114.8534,-8.3906],[114.8552,-8.3872],[114.8608,-8.384]]]]}},{"type":"Feature","properties":{"GID_4":"IDN.2.6.6.2_1","GID_0":"IDN","COUNTRY":"Indonesia","GID_1":"IDN.2_1","NAME_1":"Bali","GID_2":"IDN.2.6_1","NAME_2":"Jembrana","GID_3":"IDN.2.6.6_1","NAME_3":"Pekutatan","NAME_4":"Gumbrih","VARNAME_4":"NA","TYPE_4":"Desa","ENGTYPE_4":"Village","CC_4":"5101040005"},"geometry":{"type":"MultiPolygon","coordinates":[[[[114.8883,-8.4529],[114.8835,-8.45],[114.8809,-8.4504],[114.8806,-8.4462],[114.8777,-8.4477],[114.8766,-8.4427],[114.8748,-8.4432],[114.8747,-8.4413],[114.8717,-8.4418],[114.8702,-8.4358],[114.8668,-8.4342],[114.8696,-8.4327],[114.8682,-8.428],[114.8707,-8.4256],[114.8703,-8.4234],[114.8731,-8.4225],[114.8736,-8.4197],[114.8767,-8.4168],[114.878,-8.4173],[114.8788,-8.4155],[114.8825,-8.4142],[114.8856,-8.4148],[114.8945,-8.4062],[114.9009,-8.4072],[114.9056,-8.4053],[114.9133,-8.4156],[114.9072,-8.4198],[114.9038,-8.4336],[114.8982,-8.4399],[114.8981,-8.4422],[114.8905,-8.4469],[114.8918,-8.448],[114.8897,-8.4497],[114.8902,-8.4527],[114.8883,-8.4529]]]]}},{"type":"Feature","properties":{"GID_4":"IDN.2.6.6.3_1","GID_0":"IDN","COUNTRY":"Indonesia","GID_1":"IDN.2_1","NAME_1":"Bali","GID_2":"IDN.2.6_1","NAME_2":"Jembrana","GID_3":"IDN.2.6.6_1","NAME_3":"Pekutatan","NAME_4":"Manggissari","VARNAME_4":"NA","TYPE_4":"Desa","ENGTYPE_4":"Village","CC_4":"5101040008"},"geometry":{"type":"MultiPolygon","coordinates":[[[[114.8915,-8.3539],[114.8967,-8.3576],[114.8981,-8.3652],[114.9019,-8.3715],[114.9025,-8.3753],[114.9148,-8.3798],[114.9141,-8.3819],[114.9085,-8.3911],[114.9058,-8.3928],[114.9036,-8.4003],[114.8961,-8.4021],[114.8944,-8.4046],[114.8929,-8.4047],[114.8912,-8.4002],[114.8948,-8.3976],[114.8941,-8.3913],[114.8837,-8.3892],[114.8769,-8.3951],[114.8744,-8.3954],[114.8701,-8.4015],[114.8693,-8.393],[114.8659,-8.3865],[114.8608,-8.384],[114.8612,-8.3817],[114.8703,-8.3779],[114.8738,-8.3807],[114.8781,-8.3806],[114.8787,-8.3774],[114.8826,-8.3744],[114.8886,-8.3584],[114.8915,-8.3566],[114.8915,-8.3539]]]]}},{"type":"Feature","properties":{"GID_4":"IDN.2.6.6.4_1","GID_0":"IDN","COUNTRY":"Indonesia","GID_1":"IDN.2_1","NAME_1":"Bali","GID_2":"IDN.2.6_1","NAME_2":"Jembrana","GID_3":"IDN.2.6.6_1","NAME_3":"Pekutatan","NAME_4":"Medewi","VARNAME_4":"NA","TYPE_4":"Desa","ENGTYPE_4":"Village","CC_4":"5101040001"},"geometry":{"type":"MultiPolygon","coordinates":[[[[114.8479,-8.3373],[114.8521,-8.337],[114.8588,-8.3427],[114.8549,-8.3474],[114.8552,-8.3493],[114.8521,-8.3498],[114.8473,-8.3586],[114.845,-8.3587],[114.8447,-8.3675],[114.8393,-8.3737],[114.8399,-8.3755],[114.8366,-8.3765],[114.835,-8.3802],[114.8307,-8.383],[114.8318,-8.3849],[114.83,-8.3882],[114.8274,-8.389],[114.8267,-8.393],[114.8235,-8.3921],[114.8233,-8.3946],[114.8255,-8.3947],[114.8223,-8.3965],[114.8242,-8.3998],[114.8149,-8.4105],[114.8157,-8.4137],[114.8122,-8.4141],[114.8131,-8.4181],[114.8077,-8.4179],[114.8075,-8.4222],[114.8043,-8.4161],[114.8044,-8.4023],[114.8058,-8.3994],[114.8075,-8.4003],[114.8103,-8.3973],[114.8099,-8.396],[114.8063,-8.3957],[114.808,-8.394],[114.8072,-8.3871],[114.812,-8.3782],[114.8107,-8.3781],[114.8115,-8.376],[114.8103,-8.374],[114.8132,-8.3731],[114.8124,-8.3672],[114.8155,-8.3648],[114.8165,-8.361],[114.8189,-8.36],[114.818,-8.3584],[114.8192,-8.3586],[114.8191,-8.3563],[114.8224,-8.3521],[114.8318,-8.3439],[114.8338,-8.3359],[114.8396,-8.3378],[114.8438,-8.3352],[114.8479,-8.3373]]]]}},{"type":"Feature","properties":{"GID_4":"IDN.2.6.6.5_1","GID_0":"IDN","COUNTRY":"Indonesia","GID_1":"IDN.2_1","NAME_1":"Bali","GID_2":"IDN.2.6_1","NAME_2":"Jembrana","GID_3":"IDN.2.6.6_1","NAME_3":"Pekutatan","NAME_4":"Pangyangan","VARNAME_4":"NA","TYPE_4":"Desa","ENGTYPE_4":"Village","CC_4":"5101040004"},"geometry":{"type":"MultiPolygon","coordinates":[[[[114.866,-8.4173],[114.8727,-8.4096],[114.8772,-8.4072],[114.8791,-8.4034],[114.8849,-8.4006],[114.8879,-8.4014],[114.8912,-8.4002],[114.8929,-8.4047],[114.8946,-8.4046],[114.8937,-8.4073],[114.8858,-8.4147],[114.8825,-8.4142],[114.8788,-8.4155],[114.878,-8.4173],[114.8767,-8.4168],[114.8736,-8.4197],[114.8731,-8.4225],[114.8703,-8.4234],[114.8707,-8.4256],[114.8682,-8.428],[114.8696,-8.4327],[114.8668,-8.4342],[114.8702,-8.4358],[114.8717,-8.4418],[114.874,-8.4408],[114.8748,-8.4432],[114.8766,-8.4427],[114.8777,-8.4477],[114.8801,-8.446],[114.8814,-8.447],[114.8797,-8.4505],[114.8533,-8.4404],[114.8549,-8.436],[114.858,-8.4352],[114.8542,-8.4344],[114.8529,-8.431],[114.8603,-8.4285],[114.8598,-8.4259],[114.8639,-8.4244],[114.8666,-8.4203],[114.866,-8.4173]]]]}},{"type":"Feature","properties":{"GID_4":"IDN.2.6.6.6_1","GID_0":"IDN","COUNTRY":"Indonesia","GID_1":"IDN.2_1","NAME_1":"Bali","GID_2":"IDN.2.6_1","NAME_2":"Jembrana","GID_3":"IDN.2.6.6_1","NAME_3":"Pekutatan","NAME_4":"Pekutatan","VARNAME_4":"NA","TYPE_4":"Desa","ENGTYPE_4":"Village","CC_4":"5101040003"},"geometry":{"type":"MultiPolygon","coordinates":[[[[114.8341,-8.4025],[114.8405,-8.4028],[114.8483,-8.4093],[114.8529,-8.4107],[114.8597,-8.4172],[114.8671,-8.4176],[114.8649,-8.4234],[114.8598,-8.4259],[114.8603,-8.4285],[114.8529,-8.431],[114.8542,-8.4344],[114.858,-8.4352],[114.8549,-8.436],[114.8543,-8.4397],[114.8512,-8.4378],[114.8495,-8.439],[114.8351,-8.4352],[114.8254,-8.4349],[114.8175,-8.4304],[114.8156,-8.4247],[114.8194,-8.4219],[114.8214,-8.4144],[114.8266,-8.4116],[114.8246,-8.4087],[114.8295,-8.4093],[114.8298,-8.4068],[114.8351,-8.404],[114.8341,-8.4025]]]]}},{"type":"Feature","properties":{"GID_4":"IDN.2.6.6.7_1","GID_0":"IDN","COUNTRY":"Indonesia","GID_1":"IDN.2_1","NAME_1":"Bali","GID_2":"IDN.2.6_1","NAME_2":"Jembrana","GID_3":"IDN.2.6.6_1","NAME_3":"Pekutatan","NAME_4":"Pengeragoan","VARNAME_4":"NA","TYPE_4":"Desa","ENGTYPE_4":"Village","CC_4":"5101040006"},"geometry":{"type":"MultiPolygon","coordinates":[[[[114.9148,-8.3798],[114.9234,-8.3833],[114.9291,-8.3827],[114.9297,-8.3868],[114.9341,-8.3915],[114.9334,-8.3995],[114.9307,-8.4015],[114.9288,-8.4067],[114.9272,-8.4072],[114.9224,-8.42],[114.9254,-8.4251],[114.9252,-8.4319],[114.9239,-8.4329],[114.9269,-8.4369],[114.9235,-8.4436],[114.9251,-8.4484],[114.9164,-8.4579],[114.9171,-8.4595],[114.9156,-8.4602],[114.9175,-8.4625],[114.9138,-8.4672],[114.9065,-8.4616],[114.8879,-8.4532],[114.8902,-8.4527],[114.8897,-8.4497],[114.8918,-8.448],[114.8905,-8.4469],[114.8981,-8.4422],[114.8982,-8.4399],[114.9038,-8.4336],[114.9072,-8.4198],[114.9133,-8.4156],[114.9056,-8.4053],[114.9007,-8.4072],[114.8944,-8.4063],[114.8944,-8.4046],[114.8961,-8.4021],[114.9036,-8.4003],[114.9058,-8.3928],[114.9088,-8.3907],[114.9148,-8.3798]]]]}},{"type":"Feature","properties":{"GID_4":"IDN.2.6.6.8_1","GID_0":"IDN","COUNTRY":"Indonesia","GID_1":"IDN.2_1","NAME_1":"Bali","GID_2":"IDN.2.6_1","NAME_2":"Jembrana","GID_3":"IDN.2.6.6_1","NAME_3":"Pekutatan","NAME_4":"Pulukan","VARNAME_4":"NA","TYPE_4":"Desa","ENGTYPE_4":"Village","CC_4":"5101040002"},"geometry":{"type":"MultiPolygon","coordinates":[[[[114.8585,-8.3415],[114.8608,-8.3407],[114.8632,-8.3357],[114.8668,-8.3358],[114.872,-8.3381],[114.8795,-8.3452],[114.8844,-8.3467],[114.8874,-8.3518],[114.8914,-8.3534],[114.8915,-8.3566],[114.8869,-8.3618],[114.8822,-8.3751],[114.8787,-8.3774],[114.8774,-8.3809],[114.8738,-8.3807],[114.8703,-8.3779],[114.8616,-8.3811],[114.8608,-8.384],[114.8552,-8.3872],[114.8534,-8.3906],[114.8454,-8.3926],[114.846,-8.3947],[114.8431,-8.395],[114.8407,-8.3999],[114.8377,-8.3998],[114.8375,-8.4028],[114.8342,-8.4023],[114.8351,-8.404],[114.8298,-8.4068],[114.8295,-8.4093],[114.8251,-8.4081],[114.8266,-8.4116],[114.8214,-8.4144],[114.8194,-8.4219],[114.8158,-8.4251],[114.8088,-8.4228],[114.8072,-8.4202],[114.8077,-8.4179],[114.8131,-8.4181],[114.8122,-8.4141],[114.8157,-8.4137],[114.8149,-8.4105],[114.8242,-8.3998],[114.8223,-8.3965],[114.8255,-8.3947],[114.8233,-8.3946],[114.8235,-8.3921],[114.8267,-8.393],[114.8274,-8.389],[114.83,-8.3882],[114.8318,-8.3849],[114.831,-8.3827],[114.835,-8.3802],[114.8366,-8.3765],[114.8399,-8.3755],[114.8393,-8.3737],[114.8447,-8.3675],[114.845,-8.3587],[114.849,-8.3566],[114.8521,-8.3498],[114.8552,-8.3493],[114.8585,-8.3415]]]]}},{"type":"Feature","properties":{"GID_4":"IDN.2.7.1.1_1","GID_0":"IDN","COUNTRY":"Indonesia","GID_1":"IDN.2_1","NAME_1":"Bali","GID_2":"IDN.2.7_1","NAME_2":"Karangasem","GID_3":"IDN.2.7.1_1","NAME_3":"Abang","NAME_4":"Ababi","VARNAME_4":"NA","TYPE_4":"Desa","ENGTYPE_4":"Village","CC_4":"5107050001"},"geometry":{"type":"MultiPolygon","coordinates":[[[[115.5892,-8.3976],[115.5955,-8.4029],[115.6121,-8.402],[115.6095,-8.4081],[115.6093,-8.4147],[115.611,-8.4177],[115.6093,-8.4224],[115.6073,-8.4203],[115.6027,-8.4216],[115.6015,-8.4158],[115.5998,-8.414],[115.5945,-8.4159],[115.5894,-8.4152],[115.5832,-8.4222],[115.5795,-8.4221],[115.5724,-8.4094],[115.5694,-8.4073],[115.5702,-8.4001],[115.581,-8.3954],[115.5853,-8.3953],[115.5892,-8.3976]]]]}},{"type":"Feature","properties":{"GID_4":"IDN.2.7.1.2_1","GID_0":"IDN","COUNTRY":"Indonesia","GID_1":"IDN.2_1","NAME_1":"Bali","GID_2":"IDN.2.7_1","NAME_2":"Karangasem","GID_3":"IDN.2.7.1_1","NAME_3":"Abang","NAME_4":"Abang","VARNAME_4":"NA","TYPE_4":"Desa","ENGTYPE_4":"Village","CC_4":"5107050003"},"geometry":{"type":"MultiPolygon","coordinates":[[[[115.6121,-8.402],[115.5955,-8.4029],[115.5892,-8.3976],[115.5963,-8.3849],[115.6016,-8.3809],[115.6038,-8.3843],[115.6067,-8.3853],[115.6108,-8.3921],[115.6144,-8.3922],[115.6121,-8.402]]]]}},{"type":"Feature","properties":{"GID_4":"IDN.2.7.1.3_1","GID_0":"IDN","COUNTRY":"Indonesia","GID_1":"IDN.2_1","NAME_1":"Bali","GID_2":"IDN.2.7_1","NAME_2":"Karangasem","GID_3":"IDN.2.7.1_1","NAME_3":"Abang","NAME_4":"Bunutan","VARNAME_4":"NA","TYPE_4":"Desa","ENGTYPE_4":"Village","CC_4":"5107050013"},"geometry":{"type":"MultiPolygon","coordinates":[[[[115.6599,-8.3384],[115.6644,-8.3375],[115.6696,-8.3428],[115.6814,-8.3469],[115.6831,-8.3501],[115.6869,-8.3512],[115.6896,-8.3546],[115.6989,-8.3592],[115.7032,-8.3699],[115.7109,-8.378],[115.7102,-8.3831],[115.712,-8.3936],[115.7101,-8.3945],[115.7099,-8.3967],[115.6938,-8.3925],[115.6863,-8.3887],[115.6814,-8.3898],[115.678,-8.3944],[115.6717,-8.3966],[115.661,-8.3974],[115.6552,-8.3941],[115.6486,-8.3955],[115.6433,-8.3923],[115.6386,-8.3825],[115.6383,-8.3786],[115.6322,-8.3782],[115.6298,-8.3721],[115.6277,-8.3708],[115.6382,-8.3641],[115.6326,-8.3593],[115.648,-8.3586],[115.6504,-8.357],[115.657,-8.3476],[115.6599,-8.3384]]]]}},{"type":"Feature","properties":{"GID_4":"IDN.2.7.1.4_1","GID_0":"IDN","COUNTRY":"Indonesia","GID_1":"IDN.2_1","NAME_1":"Bali","GID_2":"IDN.2.7_1","NAME_2":"Karangasem","GID_3":"IDN.2.7.1_1","NAME_3":"Abang","NAME_4":"Culik","VARNAME_4":"NA","TYPE_4":"Desa","ENGTYPE_4":"Village","CC_4":"5107050009"},"geometry":{"type":"MultiPolygon","coordinates":[[[[115.6062,-8.3499],[115.6038,-8.3417],[115.6064,-8.3366],[115.6165,-8.3347],[115.623,-8.3366],[115.6156,-8.348],[115.6062,-8.3499]]]]}},{"type":"Feature","properties":{"GID_4":"IDN.2.7.1.5_1","GID_0":"IDN","COUNTRY":"Indonesia","GID_1":"IDN.2_1","NAME_1":"Bali","GID_2":"IDN.2.7_1","NAME_2":"Karangasem","GID_3":"IDN.2.7.1_1","NAME_3":"Abang","NAME_4":"Datah","VARNAME_4":"NA","TYPE_4":"Desa","ENGTYPE_4":"Village","CC_4":"5107050010"},"geometry":{"type":"MultiPolygon","coordinates":[[[[115.6086,-8.3364],[115.606,-8.337],[115.6039,-8.3415],[115.6062,-8.3499],[115.6044,-8.3591],[115.5946,-8.3643],[115.5799,-8.3629],[115.573,-8.3646],[115.5673,-8.3641],[115.5588,-8.3566],[115.5429,-8.3553],[115.5183,-8.344],[115.5238,-8.3456],[115.5387,-8.3458],[115.5562,-8.3384],[115.5566,-8.3359],[115.5614,-8.3328],[115.5616,-8.3313],[115.5688,-8.3301],[115.5729,-8.3271],[115.5787,-8.3282],[115.5799,-8.3308],[115.5904,-8.3286],[115.6012,-8.3217],[115.6031,-8.3191],[115.6028,-8.313],[115.6046,-8.3102],[115.6187,-8.3003],[115.6242,-8.3137],[115.6209,-8.3147],[115.6184,-8.3191],[115.6106,-8.3214],[115.6061,-8.3289],[115.609,-8.3336],[115.6086,-8.3364]]]]}},{"type":"Feature","properties":{"GID_4":"IDN.2.7.1.6_1","GID_0":"IDN","COUNTRY":"Indonesia","GID_1":"IDN.2_1","NAME_1":"Bali","GID_2":"IDN.2.7_1","NAME_2":"Karangasem","GID_3":"IDN.2.7.1_1","NAME_3":"Abang","NAME_4":"KertaMandala","VARNAME_4":"NA","TYPE_4":"Desa","ENGTYPE_4":"Village","CC_4":"5107050008"},"geometry":{"type":"MultiPolygon","coordinates":[[[[115.6326,-8.3593],[115.6384,-8.3634],[115.6277,-8.3708],[115.6298,-8.3721],[115.6322,-8.3782],[115.6264,-8.3778],[115.6222,-8.3742],[115.6224,-8.3684],[115.6192,-8.3638],[115.6086,-8.3662],[115.6041,-8.3651],[115.601,-8.3604],[115.6044,-8.3591],[115.6062,-8.3499],[115.6134,-8.348],[115.6217,-8.3486],[115.6294,-8.358],[115.6326,-8.3593]]]]}},{"type":"Feature","properties":{"GID_4":"IDN.2.7.1.7_1","GID_0":"IDN","COUNTRY":"Indonesia","GID_1":"IDN.2_1","NAME_1":"Bali","GID_2":"IDN.2.7_1","NAME_2":"Karangasem","GID_3":"IDN.2.7.1_1","NAME_3":"Abang","NAME_4":"Kesimpar","VARNAME_4":"NA","TYPE_4":"Desa","ENGTYPE_4":"Village","CC_4":"5107050006"},"geometry":{"type":"MultiPolygon","coordinates":[[[[115.6016,-8.3809],[115.5969,-8.3842],[115.5914,-8.3807],[115.5902,-8.3779],[115.5883,-8.3792],[115.5908,-8.3734],[115.5904,-8.3701],[115.5883,-8.3686],[115.5884,-8.364],[115.5909,-8.3645],[115.6016,-8.3809]]]]}},{"type":"Feature","properties":{"GID_4":"IDN.2.7.1.8_1","GID_0":"IDN","COUNTRY":"Indonesia","GID_1":"IDN.2_1","NAME_1":"Bali","GID_2":"IDN.2.7_1","NAME_2":"Karangasem","GID_3":"IDN.2.7.1_1","NAME_3":"Abang","NAME_4":"LabaSari","VARNAME_4":"NA","TYPE_4":"Desa","ENGTYPE_4":"Village","CC_4":"5107050011"},"geometry":{"type":"MultiPolygon","coordinates":[[[[115.623,-8.3366],[115.6165,-8.3347],[115.6086,-8.3364],[115.609,-8.3336],[115.6061,-8.3289],[115.6107,-8.3213],[115.6184,-8.3191],[115.6209,-8.3147],[115.6242,-8.3137],[115.6293,-8.3238],[115.6336,-8.3256],[115.6281,-8.3336],[115.623,-8.3366]]]]}},{"type":"Feature","properties":{"GID_4":"IDN.2.7.1.9_1","GID_0":"IDN","COUNTRY":"Indonesia","GID_1":"IDN.2_1","NAME_1":"Bali","GID_2":"IDN.2.7_1","NAME_2":"Karangasem","GID_3":"IDN.2.7.1_1","NAME_3":"Abang","NAME_4":"Nawakerti","VARNAME_4":"NA","TYPE_4":"Desa","ENGTYPE_4":"Village","CC_4":"5107050005"},"geometry":{"type":"MultiPolygon","coordinates":[[[[115.5802,-8.3637],[115.5884,-8.364],[115.5883,-8.3686],[115.5904,-8.3701],[115.5908,-8.3734],[115.5867,-8.3838],[115.5841,-8.3809],[115.5806,-8.38],[115.5708,-8.3806],[115.5656,-8.3791],[115.5618,-8.3758],[115.5533,-8.3751],[115.5479,-8.371],[115.5504,-8.3683],[115.5567,-8.3702],[115.5684,-8.3698],[115.5802,-8.3637]]]]}},{"type":"Feature","properties":{"GID_4":"IDN.2.7.1.10_1","GID_0":"IDN","COUNTRY":"Indonesia","GID_1":"IDN.2_1","NAME_1":"Bali","GID_2":"IDN.2.7_1","NAME_2":"Karangasem","GID_3":"IDN.2.7.1_1","NAME_3":"Abang","NAME_4":"Pidpid","VARNAME_4":"NA","TYPE_4":"Desa","ENGTYPE_4":"Village","CC_4":"5107050004"},"geometry":{"type":"MultiPolygon","coordinates":[[[[115.5892,-8.3976],[115.5853,-8.3953],[115.581,-8.3954],[115.5702,-8.4001],[115.5697,-8.391],[115.5631,-8.3842],[115.563,-8.3773],[115.5708,-8.3806],[115.5838,-8.3807],[115.5867,-8.3838],[115.5877,-8.3798],[115.5907,-8.3782],[115.5914,-8.3807],[115.5969,-8.3842],[115.5892,-8.3976]]]]}},{"type":"Feature","properties":{"GID_4":"IDN.2.7.1.11_1","GID_0":"IDN","COUNTRY":"Indonesia","GID_1":"IDN.2_1","NAME_1":"Bali","GID_2":"IDN.2.7_1","NAME_2":"Karangasem","GID_3":"IDN.2.7.1_1","NAME_3":"Abang","NAME_4":"Purwakerti","VARNAME_4":"NA","TYPE_4":"Desa","ENGTYPE_4":"Village","CC_4":"5107050012"},"geometry":{"type":"MultiPolygon","coordinates":[[[[115.6599,-8.3384],[115.657,-8.3476],[115.648,-8.3586],[115.6318,-8.3591],[115.6217,-8.3486],[115.6156,-8.348],[115.6181,-8.3428],[115.6202,-8.3424],[115.6221,-8.3372],[115.6281,-8.3336],[115.6336,-8.3256],[115.6421,-8.3335],[115.6569,-8.335],[115.6599,-8.3384]]]]}},{"type":"Feature","properties":{"GID_4":"IDN.2.7.1.12_1","GID_0":"IDN","COUNTRY":"Indonesia","GID_1":"IDN.2_1","NAME_1":"Bali","GID_2":"IDN.2.7_1","NAME_2":"Karangasem","GID_3":"IDN.2.7.1_1","NAME_3":"Abang","NAME_4":"Tista","VARNAME_4":"NA","TYPE_4":"Desa","ENGTYPE_4":"Village","CC_4":"5107050007"},"geometry":{"type":"MultiPolygon","coordinates":[[[[115.6143,-8.3922],[115.6108,-8.3921],[115.6067,-8.3853],[115.6038,-8.3843],[115.5909,-8.3645],[115.595,-8.3642],[115.601,-8.3604],[115.6041,-8.3651],[115.6086,-8.3662],[115.6192,-8.3638],[115.6224,-8.3684],[115.6221,-8.3741],[115.6264,-8.3778],[115.638,-8.3785],[115.6147,-8.3832],[115.6143,-8.3922]]]]}},{"type":"Feature","properties":{"GID_4":"IDN.2.7.1.13_1","GID_0":"IDN","COUNTRY":"Indonesia","GID_1":"IDN.2_1","NAME_1":"Bali","GID_2":"IDN.2.7_1","NAME_2":"Karangasem","GID_3":"IDN.2.7.1_1","NAME_3":"Abang","NAME_4":"Tiyingtali","VARNAME_4":"NA","TYPE_4":"Desa","ENGTYPE_4":"Village","CC_4":"5107050002"},"geometry":{"type":"MultiPolygon","coordinates":[[[[115.6035,-8.4211],[115.6073,-8.4203],[115.6094,-8.422],[115.6088,-8.4241],[115.6056,-8.4263],[115.6035,-8.4211]]],[[[115.61,-8.4191],[115.6099,-8.419],[115.61,-8.4189],[115.61,-8.4191]]],[[[115.6109,-8.4171],[115.6093,-8.4147],[115.6095,-8.4081],[115.6127,-8.3992],[115.6166,-8.4036],[115.6169,-8.4076],[115.6214,-8.4096],[115.6239,-8.4072],[115.6246,-8.4026],[115.6419,-8.3893],[115.6433,-8.3923],[115.6389,-8.3959],[115.6364,-8.4017],[115.6261,-8.4138],[115.625,-8.418],[115.6218,-8.4192],[115.6163,-8.4169],[115.6109,-8.4171]]]]}},{"type":"Feature","properties":{"GID_4":"IDN.2.7.1.14_1","GID_0":"IDN","COUNTRY":"Indonesia","GID_1":"IDN.2_1","NAME_1":"Bali","GID_2":"IDN.2.7_1","NAME_2":"Karangasem","GID_3":"IDN.2.7.1_1","NAME_3":"Abang","NAME_4":"TriBuana","VARNAME_4":"NA","TYPE_4":"Desa","ENGTYPE_4":"Village","CC_4":"5107050014"},"geometry":{"type":"MultiPolygon","coordinates":[[[[115.6131,-8.3992],[115.6147,-8.3832],[115.6383,-8.3786],[115.6419,-8.3893],[115.6246,-8.4026],[115.6224,-8.4089],[115.6169,-8.4076],[115.6166,-8.4036],[115.6156,-8.4016],[115.6134,-8.4016],[115.6131,-8.3992]]]]}},{"type":"Feature","properties":{"GID_4":"IDN.2.7.2.1_1","GID_0":"IDN","COUNTRY":"Indonesia","GID_1":"IDN.2_1","NAME_1":"Bali","GID_2":"IDN.2.7_1","NAME_2":"Karangasem","GID_3":"IDN.2.7.2_1","NAME_3":"Bebandem","NAME_4":"Bebandem","VARNAME_4":"NA","TYPE_4":"Desa","ENGTYPE_4":"Village","CC_4":"5107060002"},"geometry":{"type":"MultiPolygon","coordinates":[[[[115.5685,-8.4268],[115.5775,-8.4368],[115.5688,-8.4419],[115.5679,-8.4497],[115.5693,-8.4513],[115.563,-8.4519],[115.5604,-8.4447],[115.5576,-8.4455],[115.5559,-8.4426],[115.5509,-8.4399],[115.5433,-8.4302],[115.5399,-8.4126],[115.5431,-8.4062],[115.5515,-8.4114],[115.5592,-8.4201],[115.5628,-8.4211],[115.5685,-8.4268]]]]}},{"type":"Feature","properties":{"GID_4":"IDN.2.7.2.2_1","GID_0":"IDN","COUNTRY":"Indonesia","GID_1":"IDN.2_1","NAME_1":"Bali","GID_2":"IDN.2.7_1","NAME_2":"Karangasem","GID_3":"IDN.2.7.2_1","NAME_3":"Bebandem","NAME_4":"BhuanaGiri","VARNAME_4":"NA","TYPE_4":"Desa","ENGTYPE_4":"Village","CC_4":"5107060006"},"geometry":{"type":"MultiPolygon","coordinates":[[[[115.5748,-8.415],[115.5781,-8.418],[115.5795,-8.4221],[115.584,-8.4238],[115.5886,-8.4304],[115.5832,-8.4364],[115.5774,-8.4369],[115.5685,-8.4268],[115.5748,-8.415]]]]}},{"type":"Feature","properties":{"GID_4":"IDN.2.7.2.3_1","GID_0":"IDN","COUNTRY":"Indonesia","GID_1":"IDN.2_1","NAME_1":"Bali","GID_2":"IDN.2.7_1","NAME_2":"Karangasem","GID_3":"IDN.2.7.2_1","NAME_3":"Bebandem","NAME_4":"Budakeling","VARNAME_4":"NA","TYPE_4":"Desa","ENGTYPE_4":"Village","CC_4":"5107060005"},"geometry":{"type":"MultiPolygon","coordinates":[[[[115.5702,-8.4001],[115.5694,-8.4073],[115.5724,-8.4094],[115.5748,-8.415],[115.5676,-8.4272],[115.5628,-8.4211],[115.5592,-8.4201],[115.5532,-8.4144],[115.5515,-8.4114],[115.544,-8.4074],[115.541,-8.4042],[115.5358,-8.3921],[115.5268,-8.3844],[115.5268,-8.3806],[115.5167,-8.3694],[115.5147,-8.36],[115.5073,-8.3428],[115.5155,-8.3422],[115.5429,-8.3553],[115.5588,-8.3566],[115.5673,-8.3641],[115.573,-8.3646],[115.5801,-8.3629],[115.5784,-8.3651],[115.5684,-8.3698],[115.5567,-8.3702],[115.5504,-8.3683],[115.548,-8.3696],[115.5486,-8.372],[115.5533,-8.3751],[115.5623,-8.3762],[115.5631,-8.3842],[115.5697,-8.391],[115.5702,-8.4001]]]]}},{"type":"Feature","properties":{"GID_4":"IDN.2.7.2.4_1","GID_0":"IDN","COUNTRY":"Indonesia","GID_1":"IDN.2_1","NAME_1":"Bali","GID_2":"IDN.2.7_1","NAME_2":"Karangasem","GID_3":"IDN.2.7.2_1","NAME_3":"Bebandem","NAME_4":"Bungaya","VARNAME_4":"NA","TYPE_4":"Desa","ENGTYPE_4":"Village","CC_4":"5107060003"},"geometry":{"type":"MultiPolygon","coordinates":[[[[115.5692,-8.4514],[115.5679,-8.4497],[115.5687,-8.4466],[115.5745,-8.4529],[115.5813,-8.4574],[115.5827,-8.4562],[115.5913,-8.4581],[115.5926,-8.4619],[115.5814,-8.4688],[115.5786,-8.462],[115.5715,-8.4575],[115.5692,-8.4514]]]]}},{"type":"Feature","properties":{"GID_4":"IDN.2.7.2.5_1","GID_0":"IDN","COUNTRY":"Indonesia","GID_1":"IDN.2_1","NAME_1":"Bali","GID_2":"IDN.2.7_1","NAME_2":"Karangasem","GID_3":"IDN.2.7.2_1","NAME_3":"Bebandem","NAME_4":"BungayaKangin","VARNAME_4":"NA","TYPE_4":"Desa","ENGTYPE_4":"Village","CC_4":"5107060004"},"geometry":{"type":"MultiPolygon","coordinates":[[[[115.5687,-8.4466],[115.5688,-8.4419],[115.5727,-8.4391],[115.5771,-8.4422],[115.5875,-8.4451],[115.5961,-8.4526],[115.5911,-8.4568],[115.5913,-8.4581],[115.5827,-8.4562],[115.5813,-8.4574],[115.5745,-8.4529],[115.5687,-8.4466]]]]}},{"type":"Feature","properties":{"GID_4":"IDN.2.7.2.6_1","GID_0":"IDN","COUNTRY":"Indonesia","GID_1":"IDN.2_1","NAME_1":"Bali","GID_2":"IDN.2.7_1","NAME_2":"Karangasem","GID_3":"IDN.2.7.2_1","NAME_3":"Bebandem","NAME_4":"Jungutan","VARNAME_4":"NA","TYPE_4":"Desa","ENGTYPE_4":"Village","CC_4":"5107060007"},"geometry":{"type":"MultiPolygon","coordinates":[[[[115.5431,-8.4062],[115.5399,-8.4126],[115.542,-8.4268],[115.5439,-8.4313],[115.5512,-8.4401],[115.5454,-8.441],[115.5439,-8.4432],[115.5377,-8.4406],[115.5321,-8.433],[115.5221,-8.436],[115.5177,-8.4289],[115.5185,-8.4201],[115.5108,-8.4122],[115.5042,-8.4113],[115.5008,-8.4066],[115.5047,-8.3995],[115.5063,-8.3922],[115.5041,-8.3817],[115.5062,-8.3748],[115.5051,-8.3626],[115.5069,-8.3427],[115.5128,-8.3549],[115.5181,-8.372],[115.5268,-8.3806],[115.5272,-8.385],[115.5358,-8.3921],[115.5431,-8.4062]]]]}},{"type":"Feature","properties":{"GID_4":"IDN.2.7.2.7_1","GID_0":"IDN","COUNTRY":"Indonesia","GID_1":"IDN.2_1","NAME_1":"Bali","GID_2":"IDN.2.7_1","NAME_2":"Karangasem","GID_3":"IDN.2.7.2_1","NAME_3":"Bebandem","NAME_4":"Macang","VARNAME_4":"NA","TYPE_4":"Desa","ENGTYPE_4":"Village","CC_4":"5107060008"},"geometry":{"type":"MultiPolygon","coordinates":[[[[115.5571,-8.4447],[115.553,-8.4528],[115.5477,-8.4522],[115.5426,-8.455],[115.5408,-8.4467],[115.5451,-8.4412],[115.5523,-8.4402],[115.5571,-8.4447]]]]}},{"type":"Feature","properties":{"GID_4":"IDN.2.7.2.8_1","GID_0":"IDN","COUNTRY":"Indonesia","GID_1":"IDN.2_1","NAME_1":"Bali","GID_2":"IDN.2.7_1","NAME_2":"Karangasem","GID_3":"IDN.2.7.2_1","NAME_3":"Bebandem","NAME_4":"Sibetan","VARNAME_4":"NA","TYPE_4":"Desa","ENGTYPE_4":"Village","CC_4":"5107060001"},"geometry":{"type":"MultiPolygon","coordinates":[[[[115.5195,-8.4322],[115.5224,-8.4361],[115.5321,-8.433],[115.5377,-8.4406],[115.543,-8.443],[115.5408,-8.4467],[115.5426,-8.455],[115.5412,-8.4564],[115.532,-8.4555],[115.5247,-8.4568],[115.5209,-8.4617],[115.5185,-8.4625],[115.5179,-8.4518],[115.5156,-8.4498],[115.5155,-8.4472],[115.5098,-8.4444],[115.5193,-8.4397],[115.5204,-8.4363],[115.5195,-8.4322]]]]}},{"type":"Feature","properties":{"GID_4":"IDN.2.7.3.1_1","GID_0":"IDN","COUNTRY":"Indonesia","GID_1":"IDN.2_1","NAME_1":"Bali","GID_2":"IDN.2.7_1","NAME_2":"Karangasem","GID_3":"IDN.2.7.3_1","NAME_3":"Karangasem","NAME_4":"Bugbug","VARNAME_4":"NA","TYPE_4":"Desa","ENGTYPE_4":"Village","CC_4":"5107040001"},"geometry":{"type":"MultiPolygon","coordinates":[[[[115.6151,-8.491],[115.6127,-8.4951],[115.6139,-8.4986],[115.6124,-8.4983],[115.6102,-8.5031],[115.6126,-8.5063],[115.6062,-8.5036],[115.6049,-8.5057],[115.5937,-8.5099],[115.5813,-8.5177],[115.5808,-8.5151],[115.5642,-8.5087],[115.5707,-8.5006],[115.5736,-8.4889],[115.5774,-8.4863],[115.5827,-8.476],[115.585,-8.4746],[115.5935,-8.4837],[115.5988,-8.4855],[115.6019,-8.4885],[115.6103,-8.4885],[115.6145,-8.4895],[115.6151,-8.491]]]]}},{"type":"Feature","properties":{"GID_4":"IDN.2.7.3.2_1","GID_0":"IDN","COUNTRY":"Indonesia","GID_1":"IDN.2_1","NAME_1":"Bali","GID_2":"IDN.2.7_1","NAME_2":"Karangasem","GID_3":"IDN.2.7.3_1","NAME_3":"Karangasem","NAME_4":"Bukit","VARNAME_4":"NA","TYPE_4":"Desa","ENGTYPE_4":"Village","CC_4":"5107040008"},"geometry":{"type":"MultiPolygon","coordinates":[[[[115.6433,-8.3923],[115.6479,-8.3951],[115.6479,-8.4063],[115.6457,-8.4169],[115.6398,-8.4235],[115.6368,-8.4309],[115.6338,-8.433],[115.6258,-8.4331],[115.6286,-8.4183],[115.625,-8.418],[115.626,-8.4141],[115.6364,-8.4017],[115.6389,-8.3959],[115.6433,-8.3923]]]]}},{"type":"Feature","properties":{"GID_4":"IDN.2.7.3.3_1","GID_0":"IDN","COUNTRY":"Indonesia","GID_1":"IDN.2_1","NAME_1":"Bali","GID_2":"IDN.2.7_1","NAME_2":"Karangasem","GID_3":"IDN.2.7.3_1","NAME_3":"Karangasem","NAME_4":"Karangasem","VARNAME_4":"NA","TYPE_4":"Desa","ENGTYPE_4":"Village","CC_4":"5107040005"},"geometry":{"type":"MultiPolygon","coordinates":[[[[115.61,-8.4189],[115.6158,-8.4168],[115.6218,-8.4192],[115.6186,-8.4268],[115.6172,-8.4428],[115.6203,-8.4532],[115.6227,-8.4541],[115.6319,-8.4718],[115.6253,-8.4766],[115.6199,-8.4697],[115.6133,-8.455],[115.6093,-8.4507],[115.6096,-8.4485],[115.6052,-8.4465],[115.6027,-8.4427],[115.6011,-8.4375],[115.6016,-8.4305],[115.6036,-8.4272],[115.6088,-8.4241],[115.61,-8.4189]]]]}},{"type":"Feature","properties":{"GID_4":"IDN.2.7.3.4_1","GID_0":"IDN","COUNTRY":"Indonesia","GID_1":"IDN.2_1","NAME_1":"Bali","GID_2":"IDN.2.7_1","NAME_2":"Karangasem","GID_3":"IDN.2.7.3_1","NAME_3":"Karangasem","NAME_4":"PadangKerta","VARNAME_4":"NA","TYPE_4":"Desa","ENGTYPE_4":"Village","CC_4":"5107040004"},"geometry":{"type":"MultiPolygon","coordinates":[[[[115.5824,-8.4227],[115.5894,-8.4152],[115.5945,-8.4159],[115.6004,-8.4141],[115.6015,-8.4158],[115.6054,-8.4262],[115.6016,-8.4306],[115.6009,-8.4361],[115.6024,-8.4418],[115.5943,-8.4506],[115.5875,-8.4451],[115.5771,-8.4422],[115.574,-8.4399],[115.5785,-8.4363],[115.5832,-8.4364],[115.5886,-8.4304],[115.5824,-8.4227]]]]}},{"type":"Feature","properties":{"GID_4":"IDN.2.7.3.5_1","GID_0":"IDN","COUNTRY":"Indonesia","GID_1":"IDN.2_1","NAME_1":"Bali","GID_2":"IDN.2.7_1","NAME_2":"Karangasem","GID_3":"IDN.2.7.3_1","NAME_3":"Karangasem","NAME_4":"Pertima","VARNAME_4":"NA","TYPE_4":"Desa","ENGTYPE_4":"Village","CC_4":"5107040002"},"geometry":{"type":"MultiPolygon","coordinates":[[[[115.5839,-8.4679],[115.5926,-8.4613],[115.5955,-8.4651],[115.5982,-8.4649],[115.606,-8.4786],[115.6117,-8.4812],[115.6147,-8.4806],[115.6139,-8.4827],[115.6155,-8.4832],[115.617,-8.4876],[115.6151,-8.491],[115.6145,-8.4895],[115.6103,-8.4885],[115.6019,-8.4885],[115.5988,-8.4855],[115.5935,-8.4837],[115.5851,-8.475],[115.5839,-8.4679]]]]}},{"type":"Feature","properties":{"GID_4":"IDN.2.7.3.6_1","GID_0":"IDN","COUNTRY":"Indonesia","GID_1":"IDN.2_1","NAME_1":"Bali","GID_2":"IDN.2.7_1","NAME_2":"Karangasem","GID_3":"IDN.2.7.3_1","NAME_3":"Karangasem","NAME_4":"Seraya","VARNAME_4":"NA","TYPE_4":"Desa","ENGTYPE_4":"Village","CC_4":"5107040010"},"geometry":{"type":"MultiPolygon","coordinates":[[[[115.6585,-8.3968],[115.6717,-8.3966],[115.6754,-8.3947],[115.674,-8.4024],[115.6786,-8.4134],[115.6764,-8.4179],[115.6776,-8.4189],[115.6774,-8.4225],[115.6826,-8.434],[115.6861,-8.434],[115.6719,-8.4451],[115.6637,-8.447],[115.6545,-8.4537],[115.6505,-8.4548],[115.6477,-8.4478],[115.6528,-8.44],[115.6512,-8.4371],[115.6545,-8.4264],[115.6527,-8.4163],[115.6571,-8.4111],[115.6585,-8.3968]]]]}},{"type":"Feature","properties":{"GID_4":"IDN.2.7.3.7_1","GID_0":"IDN","COUNTRY":"Indonesia","GID_1":"IDN.2_1","NAME_1":"Bali","GID_2":"IDN.2.7_1","NAME_2":"Karangasem","GID_3":"IDN.2.7.3_1","NAME_3":"Karangasem","NAME_4":"SerayaBarat","VARNAME_4":"NA","TYPE_4":"Desa","ENGTYPE_4":"Village","CC_4":"5107040009"},"geometry":{"type":"MultiPolygon","coordinates":[[[[115.6479,-8.3951],[115.6552,-8.3941],[115.6585,-8.3968],[115.6571,-8.4111],[115.6527,-8.4163],[115.6545,-8.4264],[115.6512,-8.4371],[115.6528,-8.44],[115.6477,-8.4478],[115.6505,-8.4548],[115.6376,-8.4602],[115.635,-8.4628],[115.6346,-8.4669],[115.6328,-8.4668],[115.6302,-8.4551],[115.6328,-8.4437],[115.6317,-8.4404],[115.6338,-8.4325],[115.637,-8.4307],[115.6398,-8.4235],[115.6457,-8.4169],[115.6479,-8.4063],[115.6479,-8.3951]]]]}},{"type":"Feature","properties":{"GID_4":"IDN.2.7.3.8_1","GID_0":"IDN","COUNTRY":"Indonesia","GID_1":"IDN.2_1","NAME_1":"Bali","GID_2":"IDN.2.7_1","NAME_2":"Karangasem","GID_3":"IDN.2.7.3_1","NAME_3":"Karangasem","NAME_4":"SerayaTimur","VARNAME_4":"NA","TYPE_4":"Desa","ENGTYPE_4":"Village","CC_4":"5107040011"},"geometry":{"type":"MultiPolygon","coordinates":[[[[115.6754,-8.3947],[115.6784,-8.3941],[115.6814,-8.3898],[115.6863,-8.3887],[115.6938,-8.3925],[115.7055,-8.3947],[115.711,-8.3982],[115.7113,-8.4007],[115.7051,-8.4101],[115.7005,-8.413],[115.7004,-8.418],[115.6969,-8.4187],[115.6936,-8.4269],[115.6906,-8.428],[115.6861,-8.434],[115.6826,-8.434],[115.6774,-8.4225],[115.6776,-8.4189],[115.6764,-8.4179],[115.6786,-8.4134],[115.674,-8.4024],[115.6754,-8.3947]]]]}},{"type":"Feature","properties":{"GID_4":"IDN.2.7.3.9_1","GID_0":"IDN","COUNTRY":"Indonesia","GID_1":"IDN.2_1","NAME_1":"Bali","GID_2":"IDN.2.7_1","NAME_2":"Karangasem","GID_3":"IDN.2.7.3_1","NAME_3":"Karangasem","NAME_4":"Subagan","VARNAME_4":"NA","TYPE_4":"Desa","ENGTYPE_4":"Village","CC_4":"5107040003"},"geometry":{"type":"MultiPolygon","coordinates":[[[[115.5913,-8.4581],[115.5911,-8.4568],[115.5961,-8.4526],[115.5949,-8.4496],[115.6024,-8.4418],[115.6052,-8.4465],[115.6096,-8.4485],[115.6093,-8.4507],[115.6133,-8.455],[115.6199,-8.4697],[115.626,-8.4766],[115.6229,-8.478],[115.6167,-8.4856],[115.6139,-8.4827],[115.6147,-8.4806],[115.6117,-8.4812],[115.606,-8.4786],[115.5999,-8.467],[115.5982,-8.4649],[115.5955,-8.4651],[115.5913,-8.4581]]]]}},{"type":"Feature","properties":{"GID_4":"IDN.2.7.3.10_1","GID_0":"IDN","COUNTRY":"Indonesia","GID_1":"IDN.2_1","NAME_1":"Bali","GID_2":"IDN.2.7_1","NAME_2":"Karangasem","GID_3":"IDN.2.7.3_1","NAME_3":"Karangasem","NAME_4":"Tegallinggah","VARNAME_4":"NA","TYPE_4":"Desa","ENGTYPE_4":"Village","CC_4":"5107040007"},"geometry":{"type":"MultiPolygon","coordinates":[[[[115.6218,-8.4192],[115.6286,-8.4183],[115.6255,-8.4375],[115.6226,-8.4456],[115.6192,-8.4467],[115.6169,-8.4386],[115.6186,-8.4351],[115.6186,-8.4268],[115.6218,-8.4192]]]]}},{"type":"Feature","properties":{"GID_4":"IDN.2.7.3.11_1","GID_0":"IDN","COUNTRY":"Indonesia","GID_1":"IDN.2_1","NAME_1":"Bali","GID_2":"IDN.2.7_1","NAME_2":"Karangasem","GID_3":"IDN.2.7.3_1","NAME_3":"Karangasem","NAME_4":"Tumbu","VARNAME_4":"NA","TYPE_4":"Desa","ENGTYPE_4":"Village","CC_4":"5107040006"},"geometry":{"type":"MultiPolygon","coordinates":[[[[115.6258,-8.4331],[115.6338,-8.433],[115.634,-8.4342],[115.6317,-8.4404],[115.6328,-8.4437],[115.6302,-8.455],[115.6321,-8.4663],[115.6346,-8.4669],[115.6319,-8.4718],[115.6227,-8.4541],[115.6203,-8.4532],[115.6185,-8.4474],[115.6226,-8.4456],[115.6258,-8.4331]]]]}},{"type":"Feature","properties":{"GID_4":"IDN.2.7.4.1_1","GID_0":"IDN","COUNTRY":"Indonesia","GID_1":"IDN.2_1","NAME_1":"Bali","GID_2":"IDN.2.7_1","NAME_2":"Karangasem","GID_3":"IDN.2.7.4_1","NAME_3":"Kubu","NAME_4":"Ban","VARNAME_4":"NA","TYPE_4":"Desa","ENGTYPE_4":"Village","CC_4":"5107080001"},"geometry":{"type":"MultiPolygon","coordinates":[[[[115.4296,-8.2802],[115.4318,-8.2757],[115.4287,-8.2734],[115.4302,-8.2672],[115.4398,-8.2625],[115.4494,-8.2526],[115.4536,-8.252],[115.457,-8.2465],[115.4575,-8.2421],[115.4715,-8.2388],[115.4771,-8.2343],[115.4828,-8.2349],[115.4883,-8.2286],[115.4971,-8.2297],[115.5024,-8.2283],[115.5015,-8.2344],[115.5088,-8.2418],[115.51,-8.2525],[115.5195,-8.2611],[115.5221,-8.2665],[115.513,-8.2863],[115.511,-8.2878],[115.5117,-8.3179],[115.5085,-8.3427],[115.5015,-8.3418],[115.5005,-8.3436],[115.4981,-8.3438],[115.4892,-8.3393],[115.4803,-8.3319],[115.4751,-8.3223],[115.472,-8.3198],[115.472,-8.3164],[115.4691,-8.3143],[115.471,-8.3102],[115.4683,-8.3094],[115.4642,-8.313],[115.462,-8.3125],[115.4613,-8.3095],[115.459,-8.3112],[115.4553,-8.3076],[115.451,-8.3079],[115.4507,-8.305],[115.4482,-8.3049],[115.4448,-8.3018],[115.4395,-8.2883],[115.4296,-8.2802]]]]}},{"type":"Feature","properties":{"GID_4":"IDN.2.7.4.2_1","GID_0":"IDN","COUNTRY":"Indonesia","GID_1":"IDN.2_1","NAME_1":"Bali","GID_2":"IDN.2.7_1","NAME_2":"Karangasem","GID_3":"IDN.2.7.4_1","NAME_3":"Kubu","NAME_4":"Baturinggit","VARNAME_4":"NA","TYPE_4":"Desa","ENGTYPE_4":"Village","CC_4":"5107080005"},"geometry":{"type":"MultiPolygon","coordinates":[[[[115.5591,-8.2322],[115.5727,-8.2473],[115.5591,-8.2556],[115.5505,-8.2721],[115.5367,-8.2825],[115.5367,-8.2848],[115.5333,-8.2893],[115.5314,-8.3004],[115.529,-8.2974],[115.5219,-8.2968],[115.5209,-8.2948],[115.5223,-8.2854],[115.5273,-8.2811],[115.5284,-8.2756],[115.532,-8.2729],[115.5359,-8.2627],[115.5444,-8.2567],[115.5534,-8.2388],[115.5591,-8.2322]]]]}},{"type":"Feature","properties":{"GID_4":"IDN.2.7.4.3_1","GID_0":"IDN","COUNTRY":"Indonesia","GID_1":"IDN.2_1","NAME_1":"Bali","GID_2":"IDN.2.7_1","NAME_2":"Karangasem","GID_3":"IDN.2.7.4_1","NAME_3":"Kubu","NAME_4":"Dukuh","VARNAME_4":"NA","TYPE_4":"Desa","ENGTYPE_4":"Village","CC_4":"5107080002"},"geometry":{"type":"MultiPolygon","coordinates":[[[[115.5616,-8.3313],[115.5614,-8.3328],[115.5566,-8.3359],[115.5562,-8.3384],[115.5387,-8.3458],[115.5238,-8.3456],[115.5155,-8.3422],[115.5082,-8.3422],[115.5117,-8.3179],[115.5112,-8.2914],[115.523,-8.2974],[115.529,-8.2974],[115.533,-8.3007],[115.5465,-8.2794],[115.5528,-8.277],[115.5607,-8.2682],[115.5668,-8.2655],[115.5717,-8.285],[115.5722,-8.2933],[115.5654,-8.3085],[115.5619,-8.311],[115.5665,-8.3184],[115.566,-8.3226],[115.5592,-8.3315],[115.5616,-8.3313]]]]}},{"type":"Feature","properties":{"GID_4":"IDN.2.7.4.4_1","GID_0":"IDN","COUNTRY":"Indonesia","GID_1":"IDN.2_1","NAME_1":"Bali","GID_2":"IDN.2.7_1","NAME_2":"Karangasem","GID_3":"IDN.2.7.4_1","NAME_3":"Kubu","NAME_4":"Kubu","VARNAME_4":"NA","TYPE_4":"Desa","ENGTYPE_4":"Village","CC_4":"5107080004"},"geometry":{"type":"MultiPolygon","coordinates":[[[[115.5314,-8.3004],[115.5333,-8.2893],[115.5367,-8.2848],[115.5367,-8.2825],[115.5505,-8.2721],[115.5591,-8.2556],[115.5727,-8.2473],[115.5802,-8.2541],[115.577,-8.2599],[115.5607,-8.2682],[115.554,-8.2761],[115.5465,-8.2794],[115.5429,-8.2864],[115.5371,-8.2924],[115.5349,-8.2983],[115.533,-8.3007],[115.5314,-8.3004]]]]}},{"type":"Feature","properties":{"GID_4":"IDN.2.7.4.5_1","GID_0":"IDN","COUNTRY":"Indonesia","GID_1":"IDN.2_1","NAME_1":"Bali","GID_2":"IDN.2.7_1","NAME_2":"Karangasem","GID_3":"IDN.2.7.4_1","NAME_3":"Kubu","NAME_4":"Sukadana","VARNAME_4":"NA","TYPE_4":"Desa","ENGTYPE_4":"Village","CC_4":"5107080006"},"geometry":{"type":"MultiPolygon","coordinates":[[[[115.5112,-8.2914],[115.511,-8.2877],[115.513,-8.2863],[115.5221,-8.2665],[115.5195,-8.2611],[115.5106,-8.2535],[115.5088,-8.2418],[115.5019,-8.235],[115.5013,-8.2325],[115.5031,-8.2274],[115.5059,-8.2335],[115.5112,-8.2311],[115.5137,-8.2271],[115.5147,-8.2193],[115.5202,-8.2111],[115.5591,-8.2322],[115.5534,-8.2388],[115.5444,-8.2567],[115.5385,-8.2597],[115.5337,-8.266],[115.532,-8.2729],[115.5284,-8.2756],[115.5273,-8.2811],[115.5221,-8.2858],[115.5212,-8.296],[115.5112,-8.2914]]]]}},{"type":"Feature","properties":{"GID_4":"IDN.2.7.4.6_1","GID_0":"IDN","COUNTRY":"Indonesia","GID_1":"IDN.2_1","NAME_1":"Bali","GID_2":"IDN.2.7_1","NAME_2":"Karangasem","GID_3":"IDN.2.7.4_1","NAME_3":"Kubu","NAME_4":"Tianyar","VARNAME_4":"NA","TYPE_4":"Desa","ENGTYPE_4":"Village","CC_4":"5107080007"},"geometry":{"type":"MultiPolygon","coordinates":[[[[115.5015,-8.2283],[115.4971,-8.2297],[115.4881,-8.2287],[115.4828,-8.2349],[115.4771,-8.2343],[115.4715,-8.2388],[115.4576,-8.242],[115.4592,-8.2361],[115.4713,-8.2264],[115.4716,-8.22],[115.4793,-8.2171],[115.4835,-8.213],[115.4844,-8.2077],[115.4876,-8.203],[115.4884,-8.1916],[115.4928,-8.1888],[115.5006,-8.1923],[115.5082,-8.2042],[115.5202,-8.2111],[115.5147,-8.2193],[115.5137,-8.2271],[115.5112,-8.2311],[115.5059,-8.2335],[115.5037,-8.2276],[115.5015,-8.2283]]],[[[115.4911,-8.1879],[115.4909,-8.1877],[115.4915,-8.188],[115.4911,-8.1879]]]]}},{"type":"Feature","properties":{"GID_4":"IDN.2.7.4.7_1","GID_0":"IDN","COUNTRY":"Indonesia","GID_1":"IDN.2_1","NAME_1":"Bali","GID_2":"IDN.2.7_1","NAME_2":"Karangasem","GID_3":"IDN.2.7.4_1","NAME_3":"Kubu","NAME_4":"TianyarBarat","VARNAME_4":"NA","TYPE_4":"Desa","ENGTYPE_4":"Village","CC_4":"5107080009"},"geometry":{"type":"MultiPolygon","coordinates":[[[[115.445,-8.2255],[115.4384,-8.2172],[115.4432,-8.212],[115.4465,-8.2043],[115.4539,-8.1984],[115.448,-8.1893],[115.4444,-8.1894],[115.4416,-8.1871],[115.4419,-8.1852],[115.4399,-8.1852],[115.4363,-8.1812],[115.4419,-8.1777],[115.443,-8.1729],[115.4573,-8.1662],[115.4597,-8.1704],[115.4708,-8.1781],[115.4837,-8.1795],[115.4887,-8.1857],[115.4827,-8.188],[115.4775,-8.1928],[115.4737,-8.2008],[115.4705,-8.2025],[115.469,-8.211],[115.465,-8.2176],[115.4605,-8.2214],[115.4509,-8.2218],[115.445,-8.2255]]]]}},{"type":"Feature","properties":{"GID_4":"IDN.2.7.4.8_1","GID_0":"IDN","COUNTRY":"Indonesia","GID_1":"IDN.2_1","NAME_1":"Bali","GID_2":"IDN.2.7_1","NAME_2":"Karangasem","GID_3":"IDN.2.7.4_1","NAME_3":"Kubu","NAME_4":"TianyarTengah","VARNAME_4":"NA","TYPE_4":"Desa","ENGTYPE_4":"Village","CC_4":"5107080008"},"geometry":{"type":"MultiPolygon","coordinates":[[[[115.4477,-8.2433],[115.4487,-8.2397],[115.445,-8.2338],[115.445,-8.2255],[115.4509,-8.2218],[115.4605,-8.2214],[115.465,-8.2176],[115.469,-8.211],[115.4705,-8.2025],[115.4737,-8.2008],[115.48,-8.1899],[115.4888,-8.1856],[115.4928,-8.1887],[115.4884,-8.1916],[115.4876,-8.203],[115.4821,-8.2148],[115.4716,-8.22],[115.4713,-8.2264],[115.4592,-8.2361],[115.4576,-8.242],[115.4483,-8.2459],[115.4477,-8.2433]]]]}},{"type":"Feature","properties":{"GID_4":"IDN.2.7.4.9_1","GID_0":"IDN","COUNTRY":"Indonesia","GID_1":"IDN.2_1","NAME_1":"Bali","GID_2":"IDN.2.7_1","NAME_2":"Karangasem","GID_3":"IDN.2.7.4_1","NAME_3":"Kubu","NAME_4":"Tulamben","VARNAME_4":"NA","TYPE_4":"Desa","ENGTYPE_4":"Village","CC_4":"5107080003"},"geometry":{"type":"MultiPolygon","coordinates":[[[[115.6186,-8.3003],[115.6042,-8.3106],[115.6027,-8.3136],[115.6031,-8.3191],[115.5989,-8.3242],[115.5957,-8.3242],[115.59,-8.3288],[115.5816,-8.3295],[115.5803,-8.3308],[115.5787,-8.3282],[115.5729,-8.3271],[115.5688,-8.3301],[115.5592,-8.3315],[115.5665,-8.3203],[115.5663,-8.3165],[115.5619,-8.311],[115.5654,-8.3085],[115.5722,-8.2933],[115.5717,-8.285],[115.5668,-8.2655],[115.577,-8.2599],[115.5809,-8.2549],[115.59,-8.268],[115.5941,-8.277],[115.6046,-8.2841],[115.6092,-8.2922],[115.6186,-8.3003]]]]}},{"type":"Feature","properties":{"GID_4":"IDN.2.7.5.1_1","GID_0":"IDN","COUNTRY":"Indonesia","GID_1":"IDN.2_1","NAME_1":"Bali","GID_2":"IDN.2.7_1","NAME_2":"Karangasem","GID_3":"IDN.2.7.5_1","NAME_3":"Manggis","NAME_4":"Antiga","VARNAME_4":"NA","TYPE_4":"Desa","ENGTYPE_4":"Village","CC_4":"5107030001"},"geometry":{"type":"MultiPolygon","coordinates":[[[[115.5018,-8.5352],[115.4985,-8.5368],[115.4958,-8.5361],[115.4917,-8.5386],[115.4964,-8.5309],[115.4925,-8.5292],[115.4925,-8.5248],[115.4905,-8.5244],[115.4908,-8.5214],[115.4887,-8.5206],[115.4881,-8.5147],[115.4856,-8.5143],[115.4876,-8.5126],[115.4855,-8.5114],[115.4868,-8.5101],[115.4849,-8.5094],[115.4856,-8.5068],[115.4837,-8.5056],[115.4845,-8.4991],[115.4827,-8.4932],[115.4844,-8.4884],[115.4874,-8.4865],[115.4915,-8.4878],[115.4891,-8.4911],[115.4937,-8.4949],[115.4957,-8.5067],[115.5083,-8.5141],[115.5077,-8.5179],[115.5096,-8.5208],[115.5083,-8.5227],[115.504,-8.5224],[115.5015,-8.5264],[115.5043,-8.5322],[115.5018,-8.5352]]]]}},{"type":"Feature","properties":{"GID_4":"IDN.2.7.5.2_1","GID_0":"IDN","COUNTRY":"Indonesia","GID_1":"IDN.2_1","NAME_1":"Bali","GID_2":"IDN.2.7_1","NAME_2":"Karangasem","GID_3":"IDN.2.7.5_1","NAME_3":"Manggis","NAME_4":"AntigaKelod","VARNAME_4":"NA","TYPE_4":"Desa","ENGTYPE_4":"Village","CC_4":"5107030010"},"geometry":{"type":"MultiPolygon","coordinates":[[[[115.4887,-8.5206],[115.4908,-8.5214],[115.4905,-8.5244],[115.4925,-8.5248],[115.4926,-8.5294],[115.4964,-8.5309],[115.4917,-8.5386],[115.4958,-8.5361],[115.4985,-8.5368],[115.5018,-8.5352],[115.503,-8.5427],[115.4791,-8.5509],[115.4807,-8.5445],[115.4749,-8.5357],[115.4757,-8.5336],[115.4829,-8.5343],[115.4842,-8.53],[115.4825,-8.5277],[115.4868,-8.525],[115.4887,-8.5206]]]]}},{"type":"Feature","properties":{"GID_4":"IDN.2.7.5.3_1","GID_0":"IDN","COUNTRY":"Indonesia","GID_1":"IDN.2_1","NAME_1":"Bali","GID_2":"IDN.2.7_1","NAME_2":"Karangasem","GID_3":"IDN.2.7.5_1","NAME_3":"Manggis","NAME_4":"Gegelang","VARNAME_4":"NA","TYPE_4":"Desa","ENGTYPE_4":"Village","CC_4":"5107030002"},"geometry":{"type":"MultiPolygon","coordinates":[[[[115.4887,-8.5206],[115.4868,-8.525],[115.4825,-8.5277],[115.4842,-8.53],[115.4829,-8.5343],[115.4757,-8.5336],[115.4763,-8.52],[115.4698,-8.5128],[115.4692,-8.509],[115.4629,-8.5037],[115.4677,-8.5],[115.4659,-8.4977],[115.4676,-8.4887],[115.4658,-8.4806],[115.469,-8.4777],[115.4704,-8.4733],[115.4666,-8.4671],[115.4674,-8.465],[115.4706,-8.4657],[115.4718,-8.4627],[115.4764,-8.4636],[115.4785,-8.4662],[115.4817,-8.467],[115.4831,-8.469],[115.4824,-8.4725],[115.4868,-8.4733],[115.4864,-8.4781],[115.4902,-8.4788],[115.4896,-8.4832],[115.4878,-8.4865],[115.4844,-8.4884],[115.4827,-8.4932],[115.4845,-8.4991],[115.4837,-8.5056],[115.4856,-8.5068],[115.4849,-8.5094],[115.4868,-8.5101],[115.4855,-8.5114],[115.4876,-8.5124],[115.4856,-8.5143],[115.4881,-8.5147],[115.4887,-8.5206]]]]}},{"type":"Feature","properties":{"GID_4":"IDN.2.7.5.4_1","GID_0":"IDN","COUNTRY":"Indonesia","GID_1":"IDN.2_1","NAME_1":"Bali","GID_2":"IDN.2.7_1","NAME_2":"Karangasem","GID_3":"IDN.2.7.5_1","NAME_3":"Manggis","NAME_4":"Manggis","VARNAME_4":"NA","TYPE_4":"Desa","ENGTYPE_4":"Village","CC_4":"5107030005"},"geometry":{"type":"MultiPolygon","coordinates":[[[[115.5185,-8.4625],[115.5223,-8.4593],[115.5246,-8.4633],[115.5212,-8.4721],[115.5256,-8.4789],[115.5269,-8.4855],[115.5325,-8.4825],[115.534,-8.4851],[115.5393,-8.4875],[115.5381,-8.4963],[115.5423,-8.5039],[115.5383,-8.5007],[115.5346,-8.5002],[115.5201,-8.5046],[115.5159,-8.5018],[115.5147,-8.4963],[115.5119,-8.4941],[115.5107,-8.4844],[115.5117,-8.4829],[115.51,-8.4822],[115.5047,-8.4678],[115.5185,-8.4625]]]]}},{"type":"Feature","properties":{"GID_4":"IDN.2.7.5.5_1","GID_0":"IDN","COUNTRY":"Indonesia","GID_1":"IDN.2_1","NAME_1":"Bali","GID_2":"IDN.2.7_1","NAME_2":"Karangasem","GID_3":"IDN.2.7.5_1","NAME_3":"Manggis","NAME_4":"Ngis","VARNAME_4":"NA","TYPE_4":"Desa","ENGTYPE_4":"Village","CC_4":"5107030007"},"geometry":{"type":"MultiPolygon","coordinates":[[[[115.5426,-8.455],[115.5477,-8.4522],[115.5532,-8.4533],[115.5587,-8.4626],[115.5552,-8.4662],[115.5578,-8.4737],[115.5561,-8.4818],[115.5537,-8.4827],[115.5535,-8.4875],[115.5466,-8.4948],[115.5415,-8.4959],[115.538,-8.4954],[115.538,-8.4937],[115.5434,-8.4789],[115.5445,-8.4654],[115.5412,-8.4564],[115.5426,-8.455]]]]}},{"type":"Feature","properties":{"GID_4":"IDN.2.7.5.6_1","GID_0":"IDN","COUNTRY":"Indonesia","GID_1":"IDN.2_1","NAME_1":"Bali","GID_2":"IDN.2.7_1","NAME_2":"Karangasem","GID_3":"IDN.2.7.5_1","NAME_3":"Manggis","NAME_4":"NyuhTebel","VARNAME_4":"NA","TYPE_4":"Desa","ENGTYPE_4":"Village","CC_4":"5107030008"},"geometry":{"type":"MultiPolygon","coordinates":[[[[115.5642,-8.5083],[115.5576,-8.506],[115.5595,-8.4995],[115.5585,-8.4972],[115.5466,-8.4948],[115.5535,-8.4875],[115.5547,-8.482],[115.5591,-8.4845],[115.5618,-8.4954],[115.5642,-8.4948],[115.5657,-8.4918],[115.5702,-8.492],[115.5684,-8.4975],[115.5653,-8.5004],[115.5642,-8.5083]]]]}},{"type":"Feature","properties":{"GID_4":"IDN.2.7.5.7_1","GID_0":"IDN","COUNTRY":"Indonesia","GID_1":"IDN.2_1","NAME_1":"Bali","GID_2":"IDN.2.7_1","NAME_2":"Karangasem","GID_3":"IDN.2.7.5_1","NAME_3":"Manggis","NAME_4":"Padangbai","VARNAME_4":"NA","TYPE_4":"Desa","ENGTYPE_4":"Village","CC_4":"5107030003"},"geometry":{"type":"MultiPolygon","coordinates":[[[[115.503,-8.5427],[115.5015,-8.5366],[115.5022,-8.5334],[115.5043,-8.5322],[115.5015,-8.5264],[115.504,-8.5224],[115.5083,-8.5227],[115.5096,-8.5208],[115.5152,-8.5297],[115.5137,-8.5303],[115.5149,-8.5334],[115.5134,-8.5346],[115.5124,-8.531],[115.5098,-8.5314],[115.5085,-8.5329],[115.5107,-8.5359],[115.5093,-8.5366],[115.5096,-8.5405],[115.503,-8.5427]]]]}},{"type":"Feature","properties":{"GID_4":"IDN.2.7.5.8_1","GID_0":"IDN","COUNTRY":"Indonesia","GID_1":"IDN.2_1","NAME_1":"Bali","GID_2":"IDN.2.7_1","NAME_2":"Karangasem","GID_3":"IDN.2.7.5_1","NAME_3":"Manggis","NAME_4":"Pesedahan","VARNAME_4":"NA","TYPE_4":"Desa","ENGTYPE_4":"Village","CC_4":"5107030012"},"geometry":{"type":"MultiPolygon","coordinates":[[[[115.5702,-8.492],[115.5657,-8.4918],[115.5639,-8.487],[115.5655,-8.4777],[115.5688,-8.4785],[115.5702,-8.492]]]]}},{"type":"Feature","properties":{"GID_4":"IDN.2.7.5.9_1","GID_0":"IDN","COUNTRY":"Indonesia","GID_1":"IDN.2_1","NAME_1":"Bali","GID_2":"IDN.2.7_1","NAME_2":"Karangasem","GID_3":"IDN.2.7.5_1","NAME_3":"Manggis","NAME_4":"Selumbung","VARNAME_4":"NA","TYPE_4":"Desa","ENGTYPE_4":"Village","CC_4":"5107030006"},"geometry":{"type":"MultiPolygon","coordinates":[[[[115.5223,-8.4593],[115.5247,-8.4568],[115.532,-8.4555],[115.5413,-8.4565],[115.5445,-8.4654],[115.5434,-8.4792],[115.5413,-8.4865],[115.5393,-8.4875],[115.534,-8.4851],[115.5325,-8.4825],[115.5281,-8.4857],[115.5269,-8.4855],[115.5256,-8.4789],[115.5212,-8.4722],[115.5246,-8.4633],[115.5223,-8.4593]]]]}},{"type":"Feature","properties":{"GID_4":"IDN.2.7.5.10_1","GID_0":"IDN","COUNTRY":"Indonesia","GID_1":"IDN.2_1","NAME_1":"Bali","GID_2":"IDN.2.7_1","NAME_2":"Karangasem","GID_3":"IDN.2.7.5_1","NAME_3":"Manggis","NAME_4":"Sengkidu","VARNAME_4":"NA","TYPE_4":"Desa","ENGTYPE_4":"Village","CC_4":"5107030011"},"geometry":{"type":"MultiPolygon","coordinates":[[[[115.5423,-8.5039],[115.538,-8.4954],[115.5466,-8.4948],[115.5566,-8.4966],[115.5595,-8.4986],[115.5576,-8.506],[115.5536,-8.5048],[115.547,-8.5058],[115.5423,-8.5039]]]]}},{"type":"Feature","properties":{"GID_4":"IDN.2.7.5.11_1","GID_0":"IDN","COUNTRY":"Indonesia","GID_1":"IDN.2_1","NAME_1":"Bali","GID_2":"IDN.2.7_1","NAME_2":"Karangasem","GID_3":"IDN.2.7.5_1","NAME_3":"Manggis","NAME_4":"Tenganan","VARNAME_4":"NA","TYPE_4":"Desa","ENGTYPE_4":"Village","CC_4":"5107030009"},"geometry":{"type":"MultiPolygon","coordinates":[[[[115.5573,-8.4451],[115.5604,-8.4447],[115.563,-8.4519],[115.5694,-8.4515],[115.5715,-8.4575],[115.574,-8.4602],[115.5784,-8.4617],[115.5803,-8.4677],[115.5814,-8.4688],[115.584,-8.4679],[115.5858,-8.4731],[115.5774,-8.4863],[115.5736,-8.4889],[115.5707,-8.5006],[115.5642,-8.5083],[115.5653,-8.5004],[115.5684,-8.4975],[115.5707,-8.489],[115.5688,-8.4785],[115.5655,-8.4777],[115.5638,-8.486],[115.5656,-8.4922],[115.5642,-8.4948],[115.5618,-8.4954],[115.5591,-8.4845],[115.5547,-8.482],[115.5561,-8.4818],[115.5578,-8.4737],[115.5552,-8.4662],[115.5587,-8.4626],[115.5522,-8.4529],[115.5573,-8.4451]]],[[[115.5569,-8.4446],[115.5571,-8.4447],[115.5565,-8.4443],[115.5569,-8.4446]]]]}},{"type":"Feature","properties":{"GID_4":"IDN.2.7.5.12_1","GID_0":"IDN","COUNTRY":"Indonesia","GID_1":"IDN.2_1","NAME_1":"Bali","GID_2":"IDN.2.7_1","NAME_2":"Karangasem","GID_3":"IDN.2.7.5_1","NAME_3":"Manggis","NAME_4":"Ulakan","VARNAME_4":"NA","TYPE_4":"Desa","ENGTYPE_4":"Village","CC_4":"5107030004"},"geometry":{"type":"MultiPolygon","coordinates":[[[[115.5083,-8.5141],[115.4957,-8.5067],[115.4937,-8.4949],[115.4891,-8.4911],[115.4915,-8.4878],[115.4876,-8.4867],[115.4897,-8.4828],[115.4909,-8.472],[115.4933,-8.4683],[115.4984,-8.465],[115.5048,-8.468],[115.51,-8.4822],[115.5117,-8.4829],[115.5107,-8.4844],[115.5119,-8.4941],[115.5147,-8.4963],[115.5171,-8.5035],[115.5203,-8.5047],[115.5121,-8.5094],[115.5083,-8.5141]]]]}},{"type":"Feature","properties":{"GID_4":"IDN.2.7.6.1_1","GID_0":"IDN","COUNTRY":"Indonesia","GID_1":"IDN.2_1","NAME_1":"Bali","GID_2":"IDN.2.7_1","NAME_2":"Karangasem","GID_3":"IDN.2.7.6_1","NAME_3":"Rendang","NAME_4":"Besakih","VARNAME_4":"NA","TYPE_4":"Desa","ENGTYPE_4":"Village","CC_4":"5107010005"},"geometry":{"type":"MultiPolygon","coordinates":[[[[115.4719,-8.317],[115.472,-8.3198],[115.4751,-8.3223],[115.4796,-8.3312],[115.4937,-8.3421],[115.4803,-8.3667],[115.4797,-8.3704],[115.4724,-8.3811],[115.468,-8.3831],[115.4664,-8.3904],[115.4607,-8.3973],[115.4576,-8.3982],[115.4489,-8.3955],[115.451,-8.3905],[115.4503,-8.3878],[115.4452,-8.3867],[115.4416,-8.3901],[115.4417,-8.3875],[115.4345,-8.3858],[115.4311,-8.3889],[115.4311,-8.3858],[115.4337,-8.3813],[115.4281,-8.3764],[115.4237,-8.3802],[115.4229,-8.3778],[115.4308,-8.369],[115.4355,-8.3672],[115.4335,-8.3653],[115.4355,-8.3632],[115.439,-8.3618],[115.4437,-8.3569],[115.4527,-8.3526],[115.4532,-8.3467],[115.4599,-8.3353],[115.4597,-8.3328],[115.4642,-8.3311],[115.4665,-8.3285],[115.4675,-8.3223],[115.4719,-8.317]]]]}},{"type":"Feature","properties":{"GID_4":"IDN.2.7.6.2_1","GID_0":"IDN","COUNTRY":"Indonesia","GID_1":"IDN.2_1","NAME_1":"Bali","GID_2":"IDN.2.7_1","NAME_2":"Karangasem","GID_3":"IDN.2.7.6_1","NAME_3":"Rendang","NAME_4":"Menanga","VARNAME_4":"NA","TYPE_4":"Desa","ENGTYPE_4":"Village","CC_4":"5107010004"},"geometry":{"type":"MultiPolygon","coordinates":[[[[115.4156,-8.4115],[115.4155,-8.4055],[115.4185,-8.4029],[115.4186,-8.399],[115.4177,-8.3897],[115.4158,-8.387],[115.4213,-8.3878],[115.4239,-8.3799],[115.4278,-8.3763],[115.4337,-8.3813],[115.4308,-8.3887],[115.4338,-8.3878],[115.4345,-8.3858],[115.4417,-8.3875],[115.4416,-8.3901],[115.4452,-8.3867],[115.4505,-8.3879],[115.451,-8.3905],[115.4489,-8.3955],[115.4576,-8.3982],[115.4508,-8.4048],[115.4499,-8.4083],[115.4456,-8.4101],[115.4423,-8.4176],[115.4391,-8.4183],[115.4386,-8.4262],[115.4367,-8.4265],[115.4299,-8.4221],[115.4256,-8.4223],[115.4245,-8.4164],[115.4191,-8.4159],[115.4184,-8.4128],[115.4156,-8.4115]]]]}},{"type":"Feature","properties":{"GID_4":"IDN.2.7.6.3_1","GID_0":"IDN","COUNTRY":"Indonesia","GID_1":"IDN.2_1","NAME_1":"Bali","GID_2":"IDN.2.7_1","NAME_2":"Karangasem","GID_3":"IDN.2.7.6_1","NAME_3":"Rendang","NAME_4":"Nongan","VARNAME_4":"NA","TYPE_4":"Desa","ENGTYPE_4":"Village","CC_4":"5107010002"},"geometry":{"type":"MultiPolygon","coordinates":[[[[115.4025,-8.4564],[115.4028,-8.4546],[115.4042,-8.4547],[115.4035,-8.4521],[115.4058,-8.452],[115.4117,-8.4426],[115.4107,-8.4412],[115.4133,-8.4381],[115.4112,-8.4363],[115.4146,-8.434],[115.4138,-8.4298],[115.4212,-8.4311],[115.4218,-8.4363],[115.427,-8.4358],[115.4277,-8.4376],[115.4343,-8.4408],[115.4337,-8.4479],[115.4239,-8.4576],[115.4235,-8.4621],[115.4189,-8.4653],[115.417,-8.4659],[115.417,-8.464],[115.4015,-8.4637],[115.4032,-8.4619],[115.4019,-8.4611],[115.4025,-8.4564]]]]}},{"type":"Feature","properties":{"GID_4":"IDN.2.7.6.4_1","GID_0":"IDN","COUNTRY":"Indonesia","GID_1":"IDN.2_1","NAME_1":"Bali","GID_2":"IDN.2.7_1","NAME_2":"Karangasem","GID_3":"IDN.2.7.6_1","NAME_3":"Rendang","NAME_4":"Pempatan","VARNAME_4":"NA","TYPE_4":"Desa","ENGTYPE_4":"Village","CC_4":"5107010006"},"geometry":{"type":"MultiPolygon","coordinates":[[[[115.409,-8.322],[115.4147,-8.3222],[115.4181,-8.3198],[115.4158,-8.316],[115.4216,-8.312],[115.4185,-8.3077],[115.4188,-8.3057],[115.4224,-8.3026],[115.4264,-8.2845],[115.4296,-8.2802],[115.4395,-8.2883],[115.4448,-8.3018],[115.4482,-8.3049],[115.4507,-8.305],[115.451,-8.3079],[115.4553,-8.3076],[115.459,-8.3112],[115.4613,-8.3095],[115.462,-8.3125],[115.4642,-8.313],[115.4696,-8.3094],[115.4711,-8.3107],[115.4691,-8.3146],[115.472,-8.3165],[115.4675,-8.3223],[115.4665,-8.3285],[115.4642,-8.3311],[115.4597,-8.3328],[115.4599,-8.3353],[115.4532,-8.3467],[115.4527,-8.3526],[115.4408,-8.3589],[115.4335,-8.3653],[115.4353,-8.3674],[115.4263,-8.373],[115.4229,-8.3778],[115.4236,-8.3814],[115.4213,-8.3878],[115.4158,-8.387],[115.4177,-8.3897],[115.4186,-8.399],[115.4185,-8.4029],[115.4167,-8.404],[115.4152,-8.4002],[115.4121,-8.3993],[115.4088,-8.3958],[115.4068,-8.3885],[115.4081,-8.3852],[115.4035,-8.3807],[115.404,-8.3763],[115.3972,-8.3654],[115.3956,-8.3571],[115.399,-8.3563],[115.3979,-8.3505],[115.3989,-8.3448],[115.4034,-8.3449],[115.4025,-8.341],[115.4058,-8.3411],[115.4106,-8.3378],[115.4092,-8.3348],[115.409,-8.322]]]]}},{"type":"Feature","properties":{"GID_4":"IDN.2.7.6.5_1","GID_0":"IDN","COUNTRY":"Indonesia","GID_1":"IDN.2_1","NAME_1":"Bali","GID_2":"IDN.2.7_1","NAME_2":"Karangasem","GID_3":"IDN.2.7.6_1","NAME_3":"Rendang","NAME_4":"Pesaban","VARNAME_4":"NA","TYPE_4":"Desa","ENGTYPE_4":"Village","CC_4":"5107010001"},"geometry":{"type":"MultiPolygon","coordinates":[[[[115.4015,-8.4637],[115.417,-8.464],[115.4172,-8.466],[115.4136,-8.4699],[115.4138,-8.4736],[115.4118,-8.4726],[115.4063,-8.4741],[115.4043,-8.4779],[115.403,-8.4761],[115.3973,-8.4805],[115.3906,-8.483],[115.39,-8.4816],[115.3933,-8.4769],[115.3946,-8.4715],[115.4015,-8.4637]]]]}},{"type":"Feature","properties":{"GID_4":"IDN.2.7.6.6_1","GID_0":"IDN","COUNTRY":"Indonesia","GID_1":"IDN.2_1","NAME_1":"Bali","GID_2":"IDN.2.7_1","NAME_2":"Karangasem","GID_3":"IDN.2.7.6_1","NAME_3":"Rendang","NAME_4":"Rendang","VARNAME_4":"NA","TYPE_4":"Desa","ENGTYPE_4":"Village","CC_4":"5107010003"},"geometry":{"type":"MultiPolygon","coordinates":[[[[115.4138,-8.4298],[115.415,-8.4211],[115.4133,-8.4182],[115.4156,-8.4115],[115.4184,-8.4128],[115.4191,-8.4159],[115.4245,-8.4164],[115.4256,-8.4223],[115.4342,-8.4238],[115.4452,-8.4324],[115.4428,-8.4332],[115.4386,-8.4388],[115.4396,-8.4409],[115.4364,-8.4426],[115.4375,-8.4445],[115.4341,-8.4463],[115.4341,-8.4405],[115.4277,-8.4376],[115.427,-8.4358],[115.4218,-8.4363],[115.4212,-8.4311],[115.4138,-8.4298]]]]}},{"type":"Feature","properties":{"GID_4":"IDN.2.7.7.1_1","GID_0":"IDN","COUNTRY":"Indonesia","GID_1":"IDN.2_1","NAME_1":"Bali","GID_2":"IDN.2.7_1","NAME_2":"Karangasem","GID_3":"IDN.2.7.7_1","NAME_3":"Selat","NAME_4":"AmertaBhuana","VARNAME_4":"NA","TYPE_4":"Desa","ENGTYPE_4":"Village","CC_4":"5107070008"},"geometry":{"type":"MultiPolygon","coordinates":[[[[115.5027,-8.402],[115.4987,-8.4071],[115.4958,-8.4247],[115.4933,-8.4256],[115.4862,-8.4358],[115.4745,-8.4328],[115.4774,-8.4241],[115.4762,-8.4211],[115.4736,-8.4196],[115.4778,-8.4134],[115.4872,-8.4114],[115.49,-8.4086],[115.4912,-8.4042],[115.5027,-8.402]]]]}},{"type":"Feature","properties":{"GID_4":"IDN.2.7.7.2_1","GID_0":"IDN","COUNTRY":"Indonesia","GID_1":"IDN.2_1","NAME_1":"Bali","GID_2":"IDN.2.7_1","NAME_2":"Karangasem","GID_3":"IDN.2.7.7_1","NAME_3":"Selat","NAME_4":"Duda","VARNAME_4":"NA","TYPE_4":"Desa","ENGTYPE_4":"Village","CC_4":"5107070004"},"geometry":{"type":"MultiPolygon","coordinates":[[[[115.4831,-8.469],[115.4764,-8.4636],[115.4718,-8.4627],[115.4719,-8.4561],[115.4755,-8.4517],[115.475,-8.4486],[115.4784,-8.4473],[115.4794,-8.4435],[115.4893,-8.4319],[115.4924,-8.4316],[115.5018,-8.4369],[115.505,-8.4373],[115.5048,-8.4399],[115.4987,-8.4425],[115.4926,-8.4513],[115.4896,-8.4518],[115.4902,-8.4538],[115.488,-8.4555],[115.4882,-8.4574],[115.4834,-8.459],[115.4849,-8.4661],[115.4831,-8.469]]]]}},{"type":"Feature","properties":{"GID_4":"IDN.2.7.7.3_1","GID_0":"IDN","COUNTRY":"Indonesia","GID_1":"IDN.2_1","NAME_1":"Bali","GID_2":"IDN.2.7_1","NAME_2":"Karangasem","GID_3":"IDN.2.7.7_1","NAME_3":"Selat","NAME_4":"DudaTimur","VARNAME_4":"NA","TYPE_4":"Desa","ENGTYPE_4":"Village","CC_4":"5107070005"},"geometry":{"type":"MultiPolygon","coordinates":[[[[115.5154,-8.4413],[115.5098,-8.4444],[115.5155,-8.4472],[115.5156,-8.4498],[115.5179,-8.4518],[115.5185,-8.4625],[115.5044,-8.4679],[115.4982,-8.4651],[115.4933,-8.4683],[115.4909,-8.472],[115.4902,-8.4788],[115.4864,-8.4781],[115.4869,-8.4734],[115.4824,-8.4725],[115.4849,-8.4661],[115.4834,-8.459],[115.4882,-8.4574],[115.488,-8.4555],[115.4902,-8.4538],[115.4896,-8.4518],[115.4926,-8.4513],[115.4959,-8.4452],[115.4987,-8.4425],[115.5031,-8.4413],[115.5073,-8.4359],[115.5139,-8.4381],[115.5154,-8.4413]]]]}},{"type":"Feature","properties":{"GID_4":"IDN.2.7.7.4_1","GID_0":"IDN","COUNTRY":"Indonesia","GID_1":"IDN.2_1","NAME_1":"Bali","GID_2":"IDN.2.7_1","NAME_2":"Karangasem","GID_3":"IDN.2.7.7_1","NAME_3":"Selat","NAME_4":"DudaUtara","VARNAME_4":"NA","TYPE_4":"Desa","ENGTYPE_4":"Village","CC_4":"5107070006"},"geometry":{"type":"MultiPolygon","coordinates":[[[[115.5004,-8.4056],[115.5042,-8.4113],[115.5108,-8.4122],[115.5186,-8.4203],[115.5177,-8.4284],[115.5204,-8.4363],[115.5186,-8.4402],[115.5154,-8.4413],[115.5139,-8.4381],[115.5104,-8.4379],[115.5083,-8.4359],[115.5025,-8.4371],[115.4933,-8.432],[115.4898,-8.4317],[115.4933,-8.4256],[115.4958,-8.4247],[115.4973,-8.4125],[115.5004,-8.4056]]]]}},{"type":"Feature","properties":{"GID_4":"IDN.2.7.7.5_1","GID_0":"IDN","COUNTRY":"Indonesia","GID_1":"IDN.2_1","NAME_1":"Bali","GID_2":"IDN.2.7_1","NAME_2":"Karangasem","GID_3":"IDN.2.7.7_1","NAME_3":"Selat","NAME_4":"Muncan","VARNAME_4":"NA","TYPE_4":"Desa","ENGTYPE_4":"Village","CC_4":"5107070001"},"geometry":{"type":"MultiPolygon","coordinates":[[[[115.4386,-8.4262],[115.4387,-8.419],[115.4423,-8.4176],[115.4428,-8.4141],[115.4465,-8.4093],[115.4504,-8.4078],[115.4552,-8.4091],[115.4548,-8.412],[115.4608,-8.4122],[115.4588,-8.4312],[115.448,-8.4459],[115.4372,-8.4448],[115.4365,-8.4424],[115.4396,-8.4409],[115.4386,-8.4388],[115.4428,-8.4332],[115.4452,-8.4324],[115.4386,-8.4262]]]]}},{"type":"Feature","properties":{"GID_4":"IDN.2.7.7.6_1","GID_0":"IDN","COUNTRY":"Indonesia","GID_1":"IDN.2_1","NAME_1":"Bali","GID_2":"IDN.2.7_1","NAME_2":"Karangasem","GID_3":"IDN.2.7.7_1","NAME_3":"Selat","NAME_4":"PeringSari","VARNAME_4":"NA","TYPE_4":"Desa","ENGTYPE_4":"Village","CC_4":"5107070002"},"geometry":{"type":"MultiPolygon","coordinates":[[[[115.4736,-8.4196],[115.4762,-8.4211],[115.4774,-8.4241],[115.4726,-8.4417],[115.4696,-8.4457],[115.4632,-8.4498],[115.4614,-8.4478],[115.4536,-8.4479],[115.4522,-8.4458],[115.4493,-8.4485],[115.4482,-8.445],[115.4588,-8.4312],[115.4608,-8.4148],[115.4646,-8.416],[115.4661,-8.4182],[115.4736,-8.4196]]]]}},{"type":"Feature","properties":{"GID_4":"IDN.2.7.7.7_1","GID_0":"IDN","COUNTRY":"Indonesia","GID_1":"IDN.2_1","NAME_1":"Bali","GID_2":"IDN.2.7_1","NAME_2":"Karangasem","GID_3":"IDN.2.7.7_1","NAME_3":"Selat","NAME_4":"Sebudi","VARNAME_4":"NA","TYPE_4":"Desa","ENGTYPE_4":"Village","CC_4":"5107070007"},"geometry":{"type":"MultiPolygon","coordinates":[[[[115.5069,-8.3427],[115.5051,-8.3626],[115.5062,-8.3748],[115.5041,-8.3817],[115.5063,-8.3922],[115.5027,-8.402],[115.4972,-8.4021],[115.4908,-8.4044],[115.49,-8.4086],[115.4877,-8.411],[115.478,-8.4132],[115.4736,-8.4196],[115.4661,-8.4182],[115.4626,-8.4158],[115.4608,-8.4122],[115.4548,-8.412],[115.4552,-8.4091],[115.4499,-8.4083],[115.4535,-8.4015],[115.4584,-8.3972],[115.4612,-8.3971],[115.4646,-8.393],[115.4671,-8.389],[115.468,-8.3831],[115.4715,-8.382],[115.4759,-8.3764],[115.4937,-8.3421],[115.4981,-8.3438],[115.5005,-8.3436],[115.5015,-8.3418],[115.5069,-8.3427]]]]}},{"type":"Feature","properties":{"GID_4":"IDN.2.7.7.8_1","GID_0":"IDN","COUNTRY":"Indonesia","GID_1":"IDN.2_1","NAME_1":"Bali","GID_2":"IDN.2.7_1","NAME_2":"Karangasem","GID_3":"IDN.2.7.7_1","NAME_3":"Selat","NAME_4":"Selat","VARNAME_4":"NA","TYPE_4":"Desa","ENGTYPE_4":"Village","CC_4":"5107070003"},"geometry":{"type":"MultiPolygon","coordinates":[[[[115.4745,-8.4328],[115.4858,-8.4361],[115.4794,-8.4435],[115.4784,-8.4473],[115.475,-8.4486],[115.4755,-8.4517],[115.4719,-8.4561],[115.4689,-8.4533],[115.4673,-8.4481],[115.4726,-8.4417],[115.4745,-8.4328]]]]}},{"type":"Feature","properties":{"GID_4":"IDN.2.7.8.1_1","GID_0":"IDN","COUNTRY":"Indonesia","GID_1":"IDN.2_1","NAME_1":"Bali","GID_2":"IDN.2.7_1","NAME_2":"Karangasem","GID_3":"IDN.2.7.8_1","NAME_3":"Sidemen","NAME_4":"KerthaBuana","VARNAME_4":"NA","TYPE_4":"Desa","ENGTYPE_4":"Village","CC_4":"5107020008"},"geometry":{"type":"MultiPolygon","coordinates":[[[[115.4171,-8.5056],[115.4214,-8.5076],[115.4178,-8.513],[115.4172,-8.5182],[115.4249,-8.5211],[115.4167,-8.524],[115.4129,-8.5235],[115.4098,-8.5301],[115.4065,-8.5244],[115.4083,-8.5201],[115.4057,-8.514],[115.4147,-8.5092],[115.4171,-8.5056]]]]}},{"type":"Feature","properties":{"GID_4":"IDN.2.7.8.2_1","GID_0":"IDN","COUNTRY":"Indonesia","GID_1":"IDN.2_1","NAME_1":"Bali","GID_2":"IDN.2.7_1","NAME_2":"Karangasem","GID_3":"IDN.2.7.8_1","NAME_3":"Sidemen","NAME_4":"LokaSari","VARNAME_4":"NA","TYPE_4":"Desa","ENGTYPE_4":"Village","CC_4":"5107020007"},"geometry":{"type":"MultiPolygon","coordinates":[[[[115.4249,-8.5211],[115.4172,-8.518],[115.4178,-8.513],[115.4214,-8.5076],[115.4171,-8.5056],[115.4228,-8.4988],[115.4283,-8.5008],[115.4423,-8.5132],[115.4341,-8.5191],[115.4249,-8.5211]]]]}},{"type":"Feature","properties":{"GID_4":"IDN.2.7.8.3_1","GID_0":"IDN","COUNTRY":"Indonesia","GID_1":"IDN.2_1","NAME_1":"Bali","GID_2":"IDN.2.7_1","NAME_2":"Karangasem","GID_3":"IDN.2.7.8_1","NAME_3":"Sidemen","NAME_4":"SangkanGunung","VARNAME_4":"NA","TYPE_4":"Desa","ENGTYPE_4":"Village","CC_4":"5107020006"},"geometry":{"type":"MultiPolygon","coordinates":[[[[115.4172,-8.466],[115.4235,-8.4621],[115.4239,-8.4576],[115.4274,-8.4553],[115.4341,-8.4463],[115.4372,-8.4448],[115.448,-8.4459],[115.4493,-8.4485],[115.4522,-8.4458],[115.4536,-8.4479],[115.4511,-8.4547],[115.4469,-8.4569],[115.4456,-8.4601],[115.44,-8.4641],[115.4386,-8.4692],[115.4394,-8.4742],[115.437,-8.4788],[115.4304,-8.4753],[115.4255,-8.4826],[115.4178,-8.4845],[115.4182,-8.4783],[115.4138,-8.4758],[115.4135,-8.4731],[115.4136,-8.4699],[115.4172,-8.466]]]]}},{"type":"Feature","properties":{"GID_4":"IDN.2.7.8.4_1","GID_0":"IDN","COUNTRY":"Indonesia","GID_1":"IDN.2_1","NAME_1":"Bali","GID_2":"IDN.2.7_1","NAME_2":"Karangasem","GID_3":"IDN.2.7.8_1","NAME_3":"Sidemen","NAME_4":"Sidemen","VARNAME_4":"NA","TYPE_4":"Desa","ENGTYPE_4":"Village","CC_4":"5107020004"},"geometry":{"type":"MultiPolygon","coordinates":[[[[115.4718,-8.4627],[115.4706,-8.4657],[115.4674,-8.465],[115.4666,-8.4671],[115.4704,-8.4733],[115.4658,-8.482],[115.4522,-8.4744],[115.4489,-8.4708],[115.4455,-8.4705],[115.4461,-8.4678],[115.4397,-8.4667],[115.4401,-8.4639],[115.4457,-8.4599],[115.4502,-8.4621],[115.4725,-8.4606],[115.4718,-8.4627]]]]}},{"type":"Feature","properties":{"GID_4":"IDN.2.7.8.5_1","GID_0":"IDN","COUNTRY":"Indonesia","GID_1":"IDN.2_1","NAME_1":"Bali","GID_2":"IDN.2.7_1","NAME_2":"Karangasem","GID_3":"IDN.2.7.8_1","NAME_3":"Sidemen","NAME_4":"SinduWati","VARNAME_4":"NA","TYPE_4":"Desa","ENGTYPE_4":"Village","CC_4":"5107020005"},"geometry":{"type":"MultiPolygon","coordinates":[[[[115.4719,-8.4561],[115.4725,-8.4606],[115.4502,-8.4621],[115.4457,-8.4599],[115.4469,-8.4569],[115.4511,-8.4547],[115.4536,-8.4479],[115.4614,-8.4478],[115.4632,-8.4498],[115.4668,-8.4478],[115.4687,-8.4499],[115.4689,-8.4533],[115.4719,-8.4561]]]]}},{"type":"Feature","properties":{"GID_4":"IDN.2.7.8.6_1","GID_0":"IDN","COUNTRY":"Indonesia","GID_1":"IDN.2_1","NAME_1":"Bali","GID_2":"IDN.2.7_1","NAME_2":"Karangasem","GID_3":"IDN.2.7.8_1","NAME_3":"Sidemen","NAME_4":"Talibeng","VARNAME_4":"NA","TYPE_4":"Desa","ENGTYPE_4":"Village","CC_4":"5107020002"},"geometry":{"type":"MultiPolygon","coordinates":[[[[115.4423,-8.5132],[115.4283,-8.5008],[115.4228,-8.4988],[115.4243,-8.4965],[115.4361,-8.4898],[115.4378,-8.4913],[115.4363,-8.4952],[115.4456,-8.4933],[115.4513,-8.5074],[115.4475,-8.5087],[115.4423,-8.5132]]]]}},{"type":"Feature","properties":{"GID_4":"IDN.2.7.8.7_1","GID_0":"IDN","COUNTRY":"Indonesia","GID_1":"IDN.2_1","NAME_1":"Bali","GID_2":"IDN.2.7_1","NAME_2":"Karangasem","GID_3":"IDN.2.7.8_1","NAME_3":"Sidemen","NAME_4":"Tangkup","VARNAME_4":"NA","TYPE_4":"Desa","ENGTYPE_4":"Village","CC_4":"5107020001"},"geometry":{"type":"MultiPolygon","coordinates":[[[[115.4171,-8.5056],[115.4151,-8.5089],[115.4139,-8.5049],[115.4152,-8.5031],[115.412,-8.4982],[115.4097,-8.487],[115.4114,-8.4854],[115.4106,-8.4836],[115.4119,-8.4817],[115.4104,-8.48],[115.4131,-8.4787],[115.4138,-8.4756],[115.4181,-8.478],[115.4177,-8.4845],[115.4223,-8.4844],[115.4216,-8.4866],[115.423,-8.4884],[115.4204,-8.4967],[115.4228,-8.4988],[115.4171,-8.5056]]]]}},{"type":"Feature","properties":{"GID_4":"IDN.2.7.8.8_1","GID_0":"IDN","COUNTRY":"Indonesia","GID_1":"IDN.2_1","NAME_1":"Bali","GID_2":"IDN.2.7_1","NAME_2":"Karangasem","GID_3":"IDN.2.7.8_1","NAME_3":"Sidemen","NAME_4":"TelagaTawang","VARNAME_4":"NA","TYPE_4":"Desa","ENGTYPE_4":"Village","CC_4":"5107020003"},"geometry":{"type":"MultiPolygon","coordinates":[[[[115.4658,-8.482],[115.4632,-8.4863],[115.4588,-8.4874],[115.4563,-8.4855],[115.4538,-8.4866],[115.4526,-8.4832],[115.4477,-8.4837],[115.4504,-8.4881],[115.448,-8.4927],[115.4363,-8.4952],[115.4378,-8.4913],[115.4361,-8.4898],[115.4407,-8.485],[115.4403,-8.4821],[115.4369,-8.4786],[115.4394,-8.4742],[115.4397,-8.4667],[115.4461,-8.4678],[115.4455,-8.4705],[115.4489,-8.4708],[115.4522,-8.4744],[115.4658,-8.482]]]]}},{"type":"Feature","properties":{"GID_4":"IDN.2.7.8.9_1","GID_0":"IDN","COUNTRY":"Indonesia","GID_1":"IDN.2_1","NAME_1":"Bali","GID_2":"IDN.2.7_1","NAME_2":"Karangasem","GID_3":"IDN.2.7.8_1","NAME_3":"Sidemen","NAME_4":"TriEkaBuana","VARNAME_4":"NA","TYPE_4":"Desa","ENGTYPE_4":"Village","CC_4":"5107020009"},"geometry":{"type":"MultiPolygon","coordinates":[[[[115.4661,-8.4829],[115.4676,-8.4887],[115.4659,-8.4977],[115.4677,-8.5],[115.4629,-8.5037],[115.4584,-8.5032],[115.4513,-8.5074],[115.4456,-8.4933],[115.4476,-8.493],[115.4504,-8.4887],[115.4475,-8.4838],[115.4526,-8.4832],[115.4538,-8.4866],[115.4563,-8.4855],[115.4588,-8.4874],[115.4632,-8.4863],[115.4661,-8.4829]]]]}},{"type":"Feature","properties":{"GID_4":"IDN.2.7.8.10_1","GID_0":"IDN","COUNTRY":"Indonesia","GID_1":"IDN.2_1","NAME_1":"Bali","GID_2":"IDN.2.7_1","NAME_2":"Karangasem","GID_3":"IDN.2.7.8_1","NAME_3":"Sidemen","NAME_4":"WismaKerta","VARNAME_4":"NA","TYPE_4":"Desa","ENGTYPE_4":"Village","CC_4":"5107020010"},"geometry":{"type":"MultiPolygon","coordinates":[[[[115.4223,-8.4844],[115.4278,-8.4808],[115.4306,-8.4753],[115.4387,-8.48],[115.4408,-8.4835],[115.4403,-8.486],[115.4348,-8.4914],[115.4266,-8.4947],[115.4228,-8.4988],[115.4204,-8.4967],[115.4227,-8.491],[115.4223,-8.4844]]]]}},{"type":"Feature","properties":{"GID_4":"IDN.2.8.1.1_1","GID_0":"IDN","COUNTRY":"Indonesia","GID_1":"IDN.2_1","NAME_1":"Bali","GID_2":"IDN.2.8_1","NAME_2":"Klungkung","GID_3":"IDN.2.8.1_1","NAME_3":"Banjarangkan","NAME_4":"Bakas","VARNAME_4":"NA","TYPE_4":"Desa","ENGTYPE_4":"Village","CC_4":"5105020005"},"geometry":{"type":"MultiPolygon","coordinates":[[[[115.3576,-8.5209],[115.3575,-8.518],[115.3608,-8.5147],[115.3622,-8.519],[115.3655,-8.5151],[115.3694,-8.5162],[115.3728,-8.5306],[115.3675,-8.5306],[115.3636,-8.536],[115.3607,-8.5322],[115.3605,-8.5246],[115.3578,-8.5234],[115.3576,-8.5209]]]]}},{"type":"Feature","properties":{"GID_4":"IDN.2.8.1.2_1","GID_0":"IDN","COUNTRY":"Indonesia","GID_1":"IDN.2_1","NAME_1":"Bali","GID_2":"IDN.2.8_1","NAME_2":"Klungkung","GID_3":"IDN.2.8.1_1","NAME_3":"Banjarangkan","NAME_4":"Banjarangkan","VARNAME_4":"NA","TYPE_4":"Desa","ENGTYPE_4":"Village","CC_4":"5105020003"},"geometry":{"type":"MultiPolygon","coordinates":[[[[115.3685,-8.5626],[115.3651,-8.5618],[115.3666,-8.5597],[115.3634,-8.5506],[115.3663,-8.5472],[115.3712,-8.5482],[115.375,-8.5536],[115.376,-8.55],[115.3792,-8.5494],[115.3819,-8.5515],[115.3825,-8.5529],[115.3768,-8.5562],[115.375,-8.5609],[115.3685,-8.5626]]]]}},{"type":"Feature","properties":{"GID_4":"IDN.2.8.1.3_1","GID_0":"IDN","COUNTRY":"Indonesia","GID_1":"IDN.2_1","NAME_1":"Bali","GID_2":"IDN.2.8_1","NAME_2":"Klungkung","GID_3":"IDN.2.8.1_1","NAME_3":"Banjarangkan","NAME_4":"Getakan","VARNAME_4":"NA","TYPE_4":"Desa","ENGTYPE_4":"Village","CC_4":"5105020006"},"geometry":{"type":"MultiPolygon","coordinates":[[[[115.3725,-8.5309],[115.3732,-8.5291],[115.3689,-8.5174],[115.37,-8.5141],[115.3688,-8.5121],[115.3712,-8.5071],[115.3699,-8.5066],[115.3701,-8.5043],[115.3727,-8.5],[115.3744,-8.5022],[115.3742,-8.5111],[115.379,-8.5183],[115.3812,-8.5308],[115.3798,-8.5346],[115.3821,-8.5405],[115.3832,-8.5521],[115.3821,-8.5522],[115.3777,-8.5379],[115.3725,-8.5309]]]]}},{"type":"Feature","properties":{"GID_4":"IDN.2.8.1.4_1","GID_0":"IDN","COUNTRY":"Indonesia","GID_1":"IDN.2_1","NAME_1":"Bali","GID_2":"IDN.2.8_1","NAME_2":"Klungkung","GID_3":"IDN.2.8.1_1","NAME_3":"Banjarangkan","NAME_4":"Negari","VARNAME_4":"NA","TYPE_4":"Desa","ENGTYPE_4":"Village","CC_4":"5105020001"},"geometry":{"type":"MultiPolygon","coordinates":[[[[115.371,-8.5748],[115.371,-8.5667],[115.3695,-8.5667],[115.3693,-8.5635],[115.3678,-8.5638],[115.375,-8.5609],[115.3768,-8.5562],[115.3825,-8.5529],[115.383,-8.563],[115.3775,-8.5698],[115.3779,-8.5728],[115.3752,-8.575],[115.371,-8.5748]]]]}},{"type":"Feature","properties":{"GID_4":"IDN.2.8.1.5_1","GID_0":"IDN","COUNTRY":"Indonesia","GID_1":"IDN.2_1","NAME_1":"Bali","GID_2":"IDN.2.8_1","NAME_2":"Klungkung","GID_3":"IDN.2.8.1_1","NAME_3":"Banjarangkan","NAME_4":"Nyalian","VARNAME_4":"NA","TYPE_4":"Desa","ENGTYPE_4":"Village","CC_4":"5105020009"},"geometry":{"type":"MultiPolygon","coordinates":[[[[115.3597,-8.4912],[115.3637,-8.4882],[115.3677,-8.4903],[115.3727,-8.4882],[115.3737,-8.4925],[115.3726,-8.5002],[115.3698,-8.5056],[115.3712,-8.5071],[115.3688,-8.5108],[115.3698,-8.5153],[115.365,-8.5153],[115.3625,-8.519],[115.361,-8.5147],[115.3575,-8.518],[115.3535,-8.5098],[115.3568,-8.5053],[115.3562,-8.4996],[115.3597,-8.4912]]]]}},{"type":"Feature","properties":{"GID_4":"IDN.2.8.1.6_1","GID_0":"IDN","COUNTRY":"Indonesia","GID_1":"IDN.2_1","NAME_1":"Bali","GID_2":"IDN.2.8_1","NAME_2":"Klungkung","GID_3":"IDN.2.8.1_1","NAME_3":"Banjarangkan","NAME_4":"Takmung","VARNAME_4":"NA","TYPE_4":"Desa","ENGTYPE_4":"Village","CC_4":"5105020002"},"geometry":{"type":"MultiPolygon","coordinates":[[[[115.3825,-8.5529],[115.3832,-8.5476],[115.3879,-8.5474],[115.3896,-8.5423],[115.3924,-8.5412],[115.3951,-8.5428],[115.3969,-8.5494],[115.3944,-8.5563],[115.3947,-8.5607],[115.3925,-8.5622],[115.3947,-8.5681],[115.3906,-8.5718],[115.3919,-8.5753],[115.3764,-8.5746],[115.3779,-8.5728],[115.3775,-8.5698],[115.383,-8.563],[115.3825,-8.5529]]]]}},{"type":"Feature","properties":{"GID_4":"IDN.2.8.1.7_1","GID_0":"IDN","COUNTRY":"Indonesia","GID_1":"IDN.2_1","NAME_1":"Bali","GID_2":"IDN.2.8_1","NAME_2":"Klungkung","GID_3":"IDN.2.8.1_1","NAME_3":"Banjarangkan","NAME_4":"Tihingan","VARNAME_4":"NA","TYPE_4":"Desa","ENGTYPE_4":"Village","CC_4":"5105020007"},"geometry":{"type":"MultiPolygon","coordinates":[[[[115.3832,-8.5476],[115.3798,-8.5346],[115.3812,-8.5308],[115.379,-8.5183],[115.3742,-8.5111],[115.3746,-8.5072],[115.3798,-8.5147],[115.3864,-8.5199],[115.3856,-8.5238],[115.3876,-8.5251],[115.3843,-8.5286],[115.3845,-8.5301],[115.3908,-8.5312],[115.3915,-8.5325],[115.3895,-8.5348],[115.3925,-8.5375],[115.3936,-8.5418],[115.3896,-8.5423],[115.3879,-8.5474],[115.3832,-8.5476]]]]}},{"type":"Feature","properties":{"GID_4":"IDN.2.8.1.8_1","GID_0":"IDN","COUNTRY":"Indonesia","GID_1":"IDN.2_1","NAME_1":"Bali","GID_2":"IDN.2.8_1","NAME_2":"Klungkung","GID_3":"IDN.2.8.1_1","NAME_3":"Banjarangkan","NAME_4":"Tusan","VARNAME_4":"NA","TYPE_4":"Desa","ENGTYPE_4":"Village","CC_4":"5105020004"},"geometry":{"type":"MultiPolygon","coordinates":[[[[115.3637,-8.5497],[115.3612,-8.5481],[115.3636,-8.545],[115.3624,-8.5395],[115.3636,-8.536],[115.3681,-8.5303],[115.3725,-8.5309],[115.3777,-8.5379],[115.3819,-8.5515],[115.3792,-8.5494],[115.376,-8.55],[115.375,-8.5536],[115.3717,-8.5486],[115.3681,-8.5469],[115.3637,-8.5497]]]]}},{"type":"Feature","properties":{"GID_4":"IDN.2.8.2.1_1","GID_0":"IDN","COUNTRY":"Indonesia","GID_1":"IDN.2_1","NAME_1":"Bali","GID_2":"IDN.2.8_1","NAME_2":"Klungkung","GID_3":"IDN.2.8.2_1","NAME_3":"Banjarankan","NAME_4":"Aan","VARNAME_4":"NA","TYPE_4":"Desa","ENGTYPE_4":"Village","CC_4":"5105020008"},"geometry":{"type":"MultiPolygon","coordinates":[[[[115.3746,-8.5072],[115.3723,-8.4963],[115.3737,-8.4945],[115.3726,-8.4907],[115.3749,-8.4885],[115.3813,-8.4901],[115.3823,-8.4933],[115.3859,-8.4934],[115.3829,-8.4999],[115.3863,-8.503],[115.388,-8.5026],[115.3855,-8.5066],[115.3892,-8.5103],[115.3891,-8.5129],[115.3911,-8.513],[115.3906,-8.5159],[115.3897,-8.5152],[115.3864,-8.5199],[115.3798,-8.5147],[115.3746,-8.5072]]]]}},{"type":"Feature","properties":{"GID_4":"IDN.2.8.2.2_1","GID_0":"IDN","COUNTRY":"Indonesia","GID_1":"IDN.2_1","NAME_1":"Bali","GID_2":"IDN.2.8_1","NAME_2":"Klungkung","GID_3":"IDN.2.8.2_1","NAME_3":"Banjarankan","NAME_4":"Bungbungan","VARNAME_4":"NA","TYPE_4":"Desa","ENGTYPE_4":"Village","CC_4":"5105020010"},"geometry":{"type":"MultiPolygon","coordinates":[[[[115.3637,-8.4882],[115.3639,-8.4836],[115.3688,-8.479],[115.3663,-8.4753],[115.3716,-8.4673],[115.3729,-8.4656],[115.3787,-8.4659],[115.3786,-8.4703],[115.3848,-8.4721],[115.384,-8.4769],[115.376,-8.4796],[115.3744,-8.4836],[115.3723,-8.4846],[115.3727,-8.4882],[115.3677,-8.4903],[115.3637,-8.4882]]]]}},{"type":"Feature","properties":{"GID_4":"IDN.2.8.2.3_1","GID_0":"IDN","COUNTRY":"Indonesia","GID_1":"IDN.2_1","NAME_1":"Bali","GID_2":"IDN.2.8_1","NAME_2":"Klungkung","GID_3":"IDN.2.8.2_1","NAME_3":"Banjarankan","NAME_4":"Nyanglan","VARNAME_4":"NA","TYPE_4":"Desa","ENGTYPE_4":"Village","CC_4":"5105020012"},"geometry":{"type":"MultiPolygon","coordinates":[[[[115.3959,-8.4553],[115.4025,-8.4564],[115.4019,-8.4611],[115.4032,-8.4619],[115.3946,-8.4715],[115.3933,-8.4769],[115.3901,-8.4814],[115.3887,-8.4787],[115.3843,-8.476],[115.3847,-8.4698],[115.3873,-8.465],[115.3951,-8.4581],[115.3959,-8.4553]]]]}},{"type":"Feature","properties":{"GID_4":"IDN.2.8.2.4_1","GID_0":"IDN","COUNTRY":"Indonesia","GID_1":"IDN.2_1","NAME_1":"Bali","GID_2":"IDN.2.8_1","NAME_2":"Klungkung","GID_3":"IDN.2.8.2_1","NAME_3":"Banjarankan","NAME_4":"Timuhun","VARNAME_4":"NA","TYPE_4":"Desa","ENGTYPE_4":"Village","CC_4":"5105020011"},"geometry":{"type":"MultiPolygon","coordinates":[[[[115.3901,-8.4814],[115.389,-8.488],[115.3846,-8.4938],[115.3821,-8.4932],[115.3813,-8.4901],[115.3749,-8.4885],[115.3733,-8.4896],[115.3721,-8.4875],[115.3723,-8.4846],[115.3744,-8.4836],[115.376,-8.4796],[115.3831,-8.4776],[115.3842,-8.4757],[115.3901,-8.4814]]]]}},{"type":"Feature","properties":{"GID_4":"IDN.2.8.2.5_1","GID_0":"IDN","COUNTRY":"Indonesia","GID_1":"IDN.2_1","NAME_1":"Bali","GID_2":"IDN.2.8_1","NAME_2":"Klungkung","GID_3":"IDN.2.8.2_1","NAME_3":"Banjarankan","NAME_4":"Tohpati","VARNAME_4":"NA","TYPE_4":"Desa","ENGTYPE_4":"Village","CC_4":"5105020013"},"geometry":{"type":"MultiPolygon","coordinates":[[[[115.3729,-8.4656],[115.3763,-8.4603],[115.384,-8.4619],[115.3858,-8.4675],[115.3848,-8.4721],[115.3786,-8.4703],[115.3795,-8.4674],[115.3782,-8.4656],[115.3729,-8.4656]]]]}},{"type":"Feature","properties":{"GID_4":"IDN.2.8.3.1_1","GID_0":"IDN","COUNTRY":"Indonesia","GID_1":"IDN.2_1","NAME_1":"Bali","GID_2":"IDN.2.8_1","NAME_2":"Klungkung","GID_3":"IDN.2.8.3_1","NAME_3":"Dawan","NAME_4":"Besan","VARNAME_4":"NA","TYPE_4":"Desa","ENGTYPE_4":"Village","CC_4":"5105040012"},"geometry":{"type":"MultiPolygon","coordinates":[[[[115.4629,-8.5037],[115.4692,-8.509],[115.4698,-8.5128],[115.4619,-8.5194],[115.4518,-8.525],[115.4382,-8.5163],[115.4485,-8.508],[115.4584,-8.5032],[115.4629,-8.5037]]]]}},{"type":"Feature","properties":{"GID_4":"IDN.2.8.3.2_1","GID_0":"IDN","COUNTRY":"Indonesia","GID_1":"IDN.2_1","NAME_1":"Bali","GID_2":"IDN.2.8_1","NAME_2":"Klungkung","GID_3":"IDN.2.8.3_1","NAME_3":"Dawan","NAME_4":"DawanKaler","VARNAME_4":"NA","TYPE_4":"Desa","ENGTYPE_4":"Village","CC_4":"5105040010"},"geometry":{"type":"MultiPolygon","coordinates":[[[[115.4366,-8.5176],[115.4382,-8.5163],[115.4501,-8.5246],[115.453,-8.5243],[115.4551,-8.5283],[115.4473,-8.534],[115.4381,-8.5346],[115.4403,-8.5265],[115.4395,-8.5244],[115.4352,-8.5229],[115.4366,-8.5176]]]]}},{"type":"Feature","properties":{"GID_4":"IDN.2.8.3.3_1","GID_0":"IDN","COUNTRY":"Indonesia","GID_1":"IDN.2_1","NAME_1":"Bali","GID_2":"IDN.2.8_1","NAME_2":"Klungkung","GID_3":"IDN.2.8.3_1","NAME_3":"Dawan","NAME_4":"DawanKlod","VARNAME_4":"NA","TYPE_4":"Desa","ENGTYPE_4":"Village","CC_4":"5105040004"},"geometry":{"type":"MultiPolygon","coordinates":[[[[115.4381,-8.5346],[115.4473,-8.534],[115.4546,-8.5291],[115.4533,-8.5374],[115.4471,-8.5431],[115.4484,-8.5519],[115.4421,-8.5523],[115.434,-8.5478],[115.4385,-8.5424],[115.4381,-8.5346]]]]}},{"type":"Feature","properties":{"GID_4":"IDN.2.8.3.4_1","GID_0":"IDN","COUNTRY":"Indonesia","GID_1":"IDN.2_1","NAME_1":"Bali","GID_2":"IDN.2.8_1","NAME_2":"Klungkung","GID_3":"IDN.2.8.3_1","NAME_3":"Dawan","NAME_4":"Gunaksa","VARNAME_4":"NA","TYPE_4":"Desa","ENGTYPE_4":"Village","CC_4":"5105040005"},"geometry":{"type":"MultiPolygon","coordinates":[[[[115.4352,-8.5229],[115.4395,-8.5244],[115.4403,-8.5265],[115.4379,-8.5317],[115.4385,-8.5424],[115.434,-8.5478],[115.4421,-8.5523],[115.4484,-8.5519],[115.4488,-8.5581],[115.4434,-8.5563],[115.4429,-8.5619],[115.4388,-8.5637],[115.4402,-8.5728],[115.4346,-8.5746],[115.434,-8.5717],[115.4333,-8.5729],[115.4304,-8.5708],[115.4295,-8.5716],[115.427,-8.5563],[115.4202,-8.5494],[115.421,-8.5398],[115.4231,-8.5404],[115.4248,-8.5376],[115.4239,-8.5335],[115.4285,-8.5281],[115.4346,-8.525],[115.4352,-8.5229]]]]}},{"type":"Feature","properties":{"GID_4":"IDN.2.8.3.5_1","GID_0":"IDN","COUNTRY":"Indonesia","GID_1":"IDN.2_1","NAME_1":"Bali","GID_2":"IDN.2.8_1","NAME_2":"Klungkung","GID_3":"IDN.2.8.3_1","NAME_3":"Dawan","NAME_4":"KampungKusamba","VARNAME_4":"NA","TYPE_4":"Desa","ENGTYPE_4":"Village","CC_4":"5105040002"},"geometry":{"type":"MultiPolygon","coordinates":[[[[115.4539,-8.5644],[115.4522,-8.566],[115.4495,-8.5627],[115.4516,-8.5614],[115.4539,-8.5644]]]]}},{"type":"Feature","properties":{"GID_4":"IDN.2.8.3.6_1","GID_0":"IDN","COUNTRY":"Indonesia","GID_1":"IDN.2_1","NAME_1":"Bali","GID_2":"IDN.2.8_1","NAME_2":"Klungkung","GID_3":"IDN.2.8.3_1","NAME_3":"Dawan","NAME_4":"Kusamba","VARNAME_4":"NA","TYPE_4":"Desa","ENGTYPE_4":"Village","CC_4":"5105040001"},"geometry":{"type":"MultiPolygon","coordinates":[[[[115.4402,-8.5728],[115.4388,-8.5637],[115.4429,-8.5619],[115.4434,-8.5563],[115.4488,-8.5581],[115.4484,-8.5557],[115.4504,-8.5556],[115.4605,-8.5577],[115.4539,-8.5644],[115.4503,-8.5616],[115.4499,-8.5638],[115.4522,-8.566],[115.4481,-8.5707],[115.4402,-8.5728]]]]}},{"type":"Feature","properties":{"GID_4":"IDN.2.8.3.7_1","GID_0":"IDN","COUNTRY":"Indonesia","GID_1":"IDN.2_1","NAME_1":"Bali","GID_2":"IDN.2.8_1","NAME_2":"Klungkung","GID_3":"IDN.2.8.3_1","NAME_3":"Dawan","NAME_4":"Paksebali","VARNAME_4":"NA","TYPE_4":"Desa","ENGTYPE_4":"Village","CC_4":"5105040009"},"geometry":{"type":"MultiPolygon","coordinates":[[[[115.4098,-8.5301],[115.4129,-8.5235],[115.4167,-8.524],[115.4285,-8.5193],[115.4339,-8.5191],[115.4216,-8.5328],[115.4208,-8.5362],[115.4111,-8.5377],[115.4098,-8.5301]]]]}},{"type":"Feature","properties":{"GID_4":"IDN.2.8.3.8_1","GID_0":"IDN","COUNTRY":"Indonesia","GID_1":"IDN.2_1","NAME_1":"Bali","GID_2":"IDN.2.8_1","NAME_2":"Klungkung","GID_3":"IDN.2.8.3_1","NAME_3":"Dawan","NAME_4":"Pesinggahan","VARNAME_4":"NA","TYPE_4":"Desa","ENGTYPE_4":"Village","CC_4":"5105040003"},"geometry":{"type":"MultiPolygon","coordinates":[[[[115.4757,-8.5336],[115.4751,-8.5374],[115.4807,-8.5445],[115.4791,-8.5509],[115.4677,-8.5534],[115.4605,-8.5577],[115.4484,-8.5557],[115.447,-8.5444],[115.4487,-8.5415],[115.4528,-8.5401],[115.4557,-8.5475],[115.4599,-8.5481],[115.4706,-8.5316],[115.4756,-8.532],[115.4757,-8.5336]]]]}},{"type":"Feature","properties":{"GID_4":"IDN.2.8.3.9_1","GID_0":"IDN","COUNTRY":"Indonesia","GID_1":"IDN.2_1","NAME_1":"Bali","GID_2":"IDN.2.8_1","NAME_2":"Klungkung","GID_3":"IDN.2.8.3_1","NAME_3":"Dawan","NAME_4":"Pikat","VARNAME_4":"NA","TYPE_4":"Desa","ENGTYPE_4":"Village","CC_4":"5105040011"},"geometry":{"type":"MultiPolygon","coordinates":[[[[115.4698,-8.5128],[115.4763,-8.52],[115.4756,-8.532],[115.4706,-8.5316],[115.4599,-8.5481],[115.4569,-8.5481],[115.4536,-8.5408],[115.4509,-8.5399],[115.4533,-8.5374],[115.4551,-8.5283],[115.453,-8.5243],[115.4698,-8.5128]]]]}},{"type":"Feature","properties":{"GID_4":"IDN.2.8.3.10_1","GID_0":"IDN","COUNTRY":"Indonesia","GID_1":"IDN.2_1","NAME_1":"Bali","GID_2":"IDN.2.8_1","NAME_2":"Klungkung","GID_3":"IDN.2.8.3_1","NAME_3":"Dawan","NAME_4":"SampalanKlod","VARNAME_4":"NA","TYPE_4":"Desa","ENGTYPE_4":"Village","CC_4":"5105040006"},"geometry":{"type":"MultiPolygon","coordinates":[[[[115.4213,-8.5441],[115.4202,-8.5494],[115.4114,-8.5432],[115.4121,-8.5409],[115.4172,-8.5419],[115.4175,-8.5408],[115.4213,-8.5441]]]]}},{"type":"Feature","properties":{"GID_4":"IDN.2.8.3.11_1","GID_0":"IDN","COUNTRY":"Indonesia","GID_1":"IDN.2_1","NAME_1":"Bali","GID_2":"IDN.2.8_1","NAME_2":"Klungkung","GID_3":"IDN.2.8.3_1","NAME_3":"Dawan","NAME_4":"SampalanTengah","VARNAME_4":"NA","TYPE_4":"Desa","ENGTYPE_4":"Village","CC_4":"5105040007"},"geometry":{"type":"MultiPolygon","coordinates":[[[[115.421,-8.5398],[115.4213,-8.5441],[115.4175,-8.5408],[115.4172,-8.5419],[115.4121,-8.5409],[115.4111,-8.5377],[115.4208,-8.5362],[115.421,-8.5398]]]]}},{"type":"Feature","properties":{"GID_4":"IDN.2.8.3.12_1","GID_0":"IDN","COUNTRY":"Indonesia","GID_1":"IDN.2_1","NAME_1":"Bali","GID_2":"IDN.2.8_1","NAME_2":"Klungkung","GID_3":"IDN.2.8.3_1","NAME_3":"Dawan","NAME_4":"Sulang","VARNAME_4":"NA","TYPE_4":"Desa","ENGTYPE_4":"Village","CC_4":"5105040008"},"geometry":{"type":"MultiPolygon","coordinates":[[[[115.4339,-8.5191],[115.437,-8.5185],[115.4349,-8.5246],[115.4285,-8.5281],[115.4239,-8.5335],[115.4248,-8.5376],[115.4219,-8.5404],[115.4206,-8.5385],[115.4216,-8.5328],[115.4339,-8.5191]]]]}},{"type":"Feature","properties":{"GID_4":"IDN.2.8.4.1_1","GID_0":"IDN","COUNTRY":"Indonesia","GID_1":"IDN.2_1","NAME_1":"Bali","GID_2":"IDN.2.8_1","NAME_2":"Klungkung","GID_3":"IDN.2.8.4_1","NAME_3":"Klungkung","NAME_4":"Akah","VARNAME_4":"NA","TYPE_4":"Desa","ENGTYPE_4":"Village","CC_4":"5105030014"},"geometry":{"type":"MultiPolygon","coordinates":[[[[115.4077,-8.513],[115.4055,-8.5154],[115.4082,-8.5196],[115.4064,-8.5239],[115.4076,-8.5268],[115.4017,-8.5241],[115.3973,-8.5192],[115.3936,-8.5226],[115.3953,-8.5153],[115.394,-8.5081],[115.3982,-8.5033],[115.4013,-8.5045],[115.4052,-8.5036],[115.4077,-8.513]]]]}},{"type":"Feature","properties":{"GID_4":"IDN.2.8.4.2_1","GID_0":"IDN","COUNTRY":"Indonesia","GID_1":"IDN.2_1","NAME_1":"Bali","GID_2":"IDN.2.8_1","NAME_2":"Klungkung","GID_3":"IDN.2.8.4_1","NAME_3":"Klungkung","NAME_4":"Gelgel","VARNAME_4":"NA","TYPE_4":"Desa","ENGTYPE_4":"Village","CC_4":"5105030003"},"geometry":{"type":"MultiPolygon","coordinates":[[[[115.4122,-8.576],[115.4005,-8.5771],[115.4018,-8.5661],[115.4034,-8.5641],[115.4019,-8.5592],[115.4049,-8.5517],[115.416,-8.5543],[115.4221,-8.5605],[115.4217,-8.564],[115.4234,-8.5675],[115.4189,-8.5668],[115.4165,-8.5695],[115.4126,-8.57],[115.4122,-8.576]],[[115.4111,-8.5566],[115.4124,-8.5546],[115.4097,-8.5542],[115.4095,-8.5562],[115.4111,-8.5566]]]]}},{"type":"Feature","properties":{"GID_4":"IDN.2.8.4.3_1","GID_0":"IDN","COUNTRY":"Indonesia","GID_1":"IDN.2_1","NAME_1":"Bali","GID_2":"IDN.2.8_1","NAME_2":"Klungkung","GID_3":"IDN.2.8.4_1","NAME_3":"Klungkung","NAME_4":"Jumpai","VARNAME_4":"NA","TYPE_4":"Desa","ENGTYPE_4":"Village","CC_4":"5105030005"},"geometry":{"type":"MultiPolygon","coordinates":[[[[115.4122,-8.576],[115.4126,-8.57],[115.4165,-8.5695],[115.4189,-8.5668],[115.4234,-8.5675],[115.4239,-8.576],[115.4122,-8.576]]]]}},{"type":"Feature","properties":{"GID_4":"IDN.2.8.4.4_1","GID_0":"IDN","COUNTRY":"Indonesia","GID_1":"IDN.2_1","NAME_1":"Bali","GID_2":"IDN.2.8_1","NAME_2":"Klungkung","GID_3":"IDN.2.8.4_1","NAME_3":"Klungkung","NAME_4":"Kamasan","VARNAME_4":"NA","TYPE_4":"Desa","ENGTYPE_4":"Village","CC_4":"5105030007"},"geometry":{"type":"MultiPolygon","coordinates":[[[[115.4114,-8.5432],[115.4161,-8.5456],[115.4145,-8.5475],[115.4117,-8.5473],[115.4111,-8.5525],[115.4049,-8.5517],[115.4047,-8.5475],[115.4077,-8.5451],[115.4085,-8.5425],[115.4114,-8.5432]]]]}},{"type":"Feature","properties":{"GID_4":"IDN.2.8.4.5_1","GID_0":"IDN","COUNTRY":"Indonesia","GID_1":"IDN.2_1","NAME_1":"Bali","GID_2":"IDN.2.8_1","NAME_2":"Klungkung","GID_3":"IDN.2.8.4_1","NAME_3":"Klungkung","NAME_4":"KampungGelgel","VARNAME_4":"NA","TYPE_4":"Desa","ENGTYPE_4":"Village","CC_4":"5105030004"},"geometry":{"type":"MultiPolygon","coordinates":[[[[115.4111,-8.5566],[115.4095,-8.5562],[115.4097,-8.5542],[115.4124,-8.5546],[115.4111,-8.5566]]]]}},{"type":"Feature","properties":{"GID_4":"IDN.2.8.4.6_1","GID_0":"IDN","COUNTRY":"Indonesia","GID_1":"IDN.2_1","NAME_1":"Bali","GID_2":"IDN.2.8_1","NAME_2":"Klungkung","GID_3":"IDN.2.8.4_1","NAME_3":"Klungkung","NAME_4":"Manduang","VARNAME_4":"NA","TYPE_4":"Desa","ENGTYPE_4":"Village","CC_4":"5105030015"},"geometry":{"type":"MultiPolygon","coordinates":[[[[115.3874,-8.5254],[115.3857,-8.5239],[115.3854,-8.5204],[115.3891,-8.5175],[115.3897,-8.5152],[115.3906,-8.5159],[115.3912,-8.5132],[115.3891,-8.5129],[115.3892,-8.5103],[115.3856,-8.5068],[115.3861,-8.505],[115.388,-8.5046],[115.3946,-8.5065],[115.3936,-8.5102],[115.3953,-8.5153],[115.3934,-8.519],[115.3932,-8.5243],[115.3874,-8.5254]]]]}},{"type":"Feature","properties":{"GID_4":"IDN.2.8.4.7_1","GID_0":"IDN","COUNTRY":"Indonesia","GID_1":"IDN.2_1","NAME_1":"Bali","GID_2":"IDN.2.8_1","NAME_2":"Klungkung","GID_3":"IDN.2.8.4_1","NAME_3":"Klungkung","NAME_4":"Satra","VARNAME_4":"NA","TYPE_4":"Desa","ENGTYPE_4":"Village","CC_4":"5105030001"},"geometry":{"type":"MultiPolygon","coordinates":[[[[115.3919,-8.5753],[115.3906,-8.5721],[115.3947,-8.5681],[115.3925,-8.5622],[115.3947,-8.5607],[115.3964,-8.5468],[115.4023,-8.5472],[115.3977,-8.5603],[115.399,-8.5664],[115.3973,-8.5714],[115.3935,-8.5736],[115.3936,-8.5754],[115.3919,-8.5753]]]]}},{"type":"Feature","properties":{"GID_4":"IDN.2.8.4.8_1","GID_0":"IDN","COUNTRY":"Indonesia","GID_1":"IDN.2_1","NAME_1":"Bali","GID_2":"IDN.2.8_1","NAME_2":"Klungkung","GID_3":"IDN.2.8.4_1","NAME_3":"Klungkung","NAME_4":"Selat","VARNAME_4":"NA","TYPE_4":"Desa","ENGTYPE_4":"Village","CC_4":"5105030016"},"geometry":{"type":"MultiPolygon","coordinates":[[[[115.3949,-8.4814],[115.403,-8.4761],[115.4043,-8.4779],[115.4063,-8.4741],[115.4118,-8.4726],[115.4143,-8.4742],[115.4131,-8.4787],[115.4104,-8.48],[115.4119,-8.4815],[115.4106,-8.4836],[115.4114,-8.4854],[115.4097,-8.4865],[115.4105,-8.4898],[115.4045,-8.4891],[115.3998,-8.4863],[115.3975,-8.4894],[115.3999,-8.4961],[115.3994,-8.4923],[115.4022,-8.4914],[115.4031,-8.4954],[115.4071,-8.4969],[115.4058,-8.5019],[115.4081,-8.502],[115.409,-8.5046],[115.4105,-8.5046],[115.4122,-8.4984],[115.414,-8.4994],[115.4151,-8.5089],[115.4108,-8.5118],[115.4077,-8.513],[115.4052,-8.5036],[115.4013,-8.5045],[115.3986,-8.5031],[115.3941,-8.5066],[115.3896,-8.5048],[115.3905,-8.5002],[115.3933,-8.4979],[115.3945,-8.4904],[115.3931,-8.4882],[115.3946,-8.4864],[115.3949,-8.4814]]]]}},{"type":"Feature","properties":{"GID_4":"IDN.2.8.4.9_1","GID_0":"IDN","COUNTRY":"Indonesia","GID_1":"IDN.2_1","NAME_1":"Bali","GID_2":"IDN.2.8_1","NAME_2":"Klungkung","GID_3":"IDN.2.8.4_1","NAME_3":"Klungkung","NAME_4":"Selisihan","VARNAME_4":"NA","TYPE_4":"Desa","ENGTYPE_4":"Village","CC_4":"5105030018"},"geometry":{"type":"MultiPolygon","coordinates":[[[[115.3906,-8.483],[115.3949,-8.4814],[115.3946,-8.4864],[115.3931,-8.4882],[115.3945,-8.4904],[115.394,-8.4941],[115.3896,-8.5048],[115.387,-8.5048],[115.388,-8.5026],[115.3851,-8.5024],[115.3828,-8.4996],[115.3906,-8.483]]]]}},{"type":"Feature","properties":{"GID_4":"IDN.2.8.4.10_1","GID_0":"IDN","COUNTRY":"Indonesia","GID_1":"IDN.2_1","NAME_1":"Bali","GID_2":"IDN.2.8_1","NAME_2":"Klungkung","GID_3":"IDN.2.8.4_1","NAME_3":"Klungkung","NAME_4":"SemarapuraKaja","VARNAME_4":"NA","TYPE_4":"Desa","ENGTYPE_4":"Village","CC_4":"5105030013"},"geometry":{"type":"MultiPolygon","coordinates":[[[[115.3936,-8.5226],[115.3973,-8.5192],[115.4024,-8.5251],[115.3983,-8.5293],[115.3932,-8.5255],[115.3936,-8.5226]]]]}},{"type":"Feature","properties":{"GID_4":"IDN.2.8.4.11_1","GID_0":"IDN","COUNTRY":"Indonesia","GID_1":"IDN.2_1","NAME_1":"Bali","GID_2":"IDN.2.8_1","NAME_2":"Klungkung","GID_3":"IDN.2.8.4_1","NAME_3":"Klungkung","NAME_4":"SemarapuraKangin","VARNAME_4":"NA","TYPE_4":"Desa","ENGTYPE_4":"Village","CC_4":"5105030010"},"geometry":{"type":"MultiPolygon","coordinates":[[[[115.4113,-8.5348],[115.4114,-8.5432],[115.408,-8.5423],[115.4028,-8.5464],[115.4037,-8.5353],[115.4092,-8.5362],[115.4113,-8.5348]]]]}},{"type":"Feature","properties":{"GID_4":"IDN.2.8.4.12_1","GID_0":"IDN","COUNTRY":"Indonesia","GID_1":"IDN.2_1","NAME_1":"Bali","GID_2":"IDN.2.8_1","NAME_2":"Klungkung","GID_3":"IDN.2.8.4_1","NAME_3":"Klungkung","NAME_4":"SemarapuraKauh","VARNAME_4":"NA","TYPE_4":"Desa","ENGTYPE_4":"Village","CC_4":"5105030012"},"geometry":{"type":"MultiPolygon","coordinates":[[[[115.3936,-8.5418],[115.3925,-8.5375],[115.3895,-8.5348],[115.3915,-8.5325],[115.3908,-8.5312],[115.3845,-8.5301],[115.3865,-8.5256],[115.3928,-8.5246],[115.3983,-8.5293],[115.3977,-8.5344],[115.3951,-8.5412],[115.3936,-8.5418]]]]}},{"type":"Feature","properties":{"GID_4":"IDN.2.8.4.13_1","GID_0":"IDN","COUNTRY":"Indonesia","GID_1":"IDN.2_1","NAME_1":"Bali","GID_2":"IDN.2.8_1","NAME_2":"Klungkung","GID_3":"IDN.2.8.4_1","NAME_3":"Klungkung","NAME_4":"SemarapuraKelod","VARNAME_4":"NA","TYPE_4":"Desa","ENGTYPE_4":"Village","CC_4":"5105030008"},"geometry":{"type":"MultiPolygon","coordinates":[[[[115.3964,-8.5468],[115.3936,-8.5418],[115.3951,-8.5412],[115.3963,-8.5356],[115.3973,-8.5344],[115.4037,-8.5353],[115.4028,-8.5464],[115.3964,-8.5468]]]]}},{"type":"Feature","properties":{"GID_4":"IDN.2.8.4.14_1","GID_0":"IDN","COUNTRY":"Indonesia","GID_1":"IDN.2_1","NAME_1":"Bali","GID_2":"IDN.2.8_1","NAME_2":"Klungkung","GID_3":"IDN.2.8.4_1","NAME_3":"Klungkung","NAME_4":"SemarapuraKelodKangin","VARNAME_4":"NA","TYPE_4":"Desa","ENGTYPE_4":"Village","CC_4":"5105030009"},"geometry":{"type":"MultiPolygon","coordinates":[[[[115.4076,-8.5268],[115.4111,-8.5338],[115.4097,-8.5362],[115.4037,-8.5353],[115.4045,-8.5293],[115.4017,-8.5241],[115.4076,-8.5268]]]]}},{"type":"Feature","properties":{"GID_4":"IDN.2.8.4.15_1","GID_0":"IDN","COUNTRY":"Indonesia","GID_1":"IDN.2_1","NAME_1":"Bali","GID_2":"IDN.2.8_1","NAME_2":"Klungkung","GID_3":"IDN.2.8.4_1","NAME_3":"Klungkung","NAME_4":"SemarapuraTengah","VARNAME_4":"NA","TYPE_4":"Desa","ENGTYPE_4":"Village","CC_4":"5105030011"},"geometry":{"type":"MultiPolygon","coordinates":[[[[115.3983,-8.5293],[115.4032,-8.5251],[115.4046,-8.5307],[115.4037,-8.5353],[115.3974,-8.5341],[115.3983,-8.5293]]]]}},{"type":"Feature","properties":{"GID_4":"IDN.2.8.4.16_1","GID_0":"IDN","COUNTRY":"Indonesia","GID_1":"IDN.2_1","NAME_1":"Bali","GID_2":"IDN.2.8_1","NAME_2":"Klungkung","GID_3":"IDN.2.8.4_1","NAME_3":"Klungkung","NAME_4":"Tangkas","VARNAME_4":"NA","TYPE_4":"Desa","ENGTYPE_4":"Village","CC_4":"5105030006"},"geometry":{"type":"MultiPolygon","coordinates":[[[[115.4202,-8.5494],[115.427,-8.5563],[115.4295,-8.5716],[115.4304,-8.5708],[115.4333,-8.5729],[115.434,-8.5717],[115.4346,-8.5746],[115.4239,-8.576],[115.424,-8.5692],[115.4217,-8.564],[115.4219,-8.5599],[115.416,-8.5543],[115.4111,-8.5525],[115.4117,-8.5473],[115.4145,-8.5475],[115.4161,-8.5456],[115.4202,-8.5494]]]]}},{"type":"Feature","properties":{"GID_4":"IDN.2.8.4.17_1","GID_0":"IDN","COUNTRY":"Indonesia","GID_1":"IDN.2_1","NAME_1":"Bali","GID_2":"IDN.2.8_1","NAME_2":"Klungkung","GID_3":"IDN.2.8.4_1","NAME_3":"Klungkung","NAME_4":"Tegak","VARNAME_4":"NA","TYPE_4":"Desa","ENGTYPE_4":"Village","CC_4":"5105030017"},"geometry":{"type":"MultiPolygon","coordinates":[[[[115.4105,-8.4898],[115.4122,-8.4984],[115.4094,-8.5047],[115.4081,-8.502],[115.4058,-8.5019],[115.4071,-8.4969],[115.4031,-8.4954],[115.4022,-8.4914],[115.3994,-8.4923],[115.3999,-8.4961],[115.3975,-8.4894],[115.3998,-8.4863],[115.4045,-8.4891],[115.4105,-8.4898]]]]}},{"type":"Feature","properties":{"GID_4":"IDN.2.8.4.18_1","GID_0":"IDN","COUNTRY":"Indonesia","GID_1":"IDN.2_1","NAME_1":"Bali","GID_2":"IDN.2.8_1","NAME_2":"Klungkung","GID_3":"IDN.2.8.4_1","NAME_3":"Klungkung","NAME_4":"Tojan","VARNAME_4":"NA","TYPE_4":"Desa","ENGTYPE_4":"Village","CC_4":"5105030002"},"geometry":{"type":"MultiPolygon","coordinates":[[[[115.4049,-8.5517],[115.4019,-8.5592],[115.4034,-8.5641],[115.4018,-8.5661],[115.4005,-8.5771],[115.3936,-8.5754],[115.3935,-8.5736],[115.3973,-8.5714],[115.399,-8.5664],[115.3976,-8.5613],[115.4006,-8.5494],[115.408,-8.5423],[115.4077,-8.5451],[115.4047,-8.5475],[115.4049,-8.5517]]]]}},{"type":"Feature","properties":{"GID_4":"IDN.2.8.5.1_1","GID_0":"IDN","COUNTRY":"Indonesia","GID_1":"IDN.2_1","NAME_1":"Bali","GID_2":"IDN.2.8_1","NAME_2":"Klungkung","GID_3":"IDN.2.8.5_1","NAME_3":"Nusapenida","NAME_4":"Batukandik","VARNAME_4":"NA","TYPE_4":"Desa","ENGTYPE_4":"Village","CC_4":"5105010005"},"geometry":{"type":"MultiPolygon","coordinates":[[[[115.5255,-8.8026],[115.5265,-8.8036],[115.5254,-8.8046],[115.5254,-8.8042],[115.5255,-8.8026]]],[[[115.5268,-8.8003],[115.5271,-8.7995],[115.5281,-8.7998],[115.5275,-8.8006],[115.5268,-8.8003]]],[[[115.5233,-8.7901],[115.5236,-8.7901],[115.5235,-8.7905],[115.5232,-8.7903],[115.5233,-8.7901]]],[[[115.5155,-8.7804],[115.512,-8.7789],[115.5109,-8.7772],[115.514,-8.7781],[115.5164,-8.781],[115.5155,-8.7804]]],[[[115.5287,-8.7997],[115.5289,-8.7996],[115.529,-8.7996],[115.5288,-8.7998],[115.5287,-8.7997]]],[[[115.5284,-8.799],[115.5284,-8.7991],[115.5283,-8.7992],[115.5282,-8.7991],[115.5284,-8.799]]],[[[115.5281,-8.799],[115.5281,-8.7992],[115.528,-8.7992],[115.5279,-8.7991],[115.5281,-8.799]]],[[[115.5178,-8.7788],[115.5216,-8.7651],[115.5213,-8.7606],[115.5291,-8.7591],[115.5294,-8.7561],[115.5279,-8.7553],[115.5316,-8.7541],[115.5274,-8.751],[115.5301,-8.7473],[115.5269,-8.7424],[115.5291,-8.7398],[115.5288,-8.7377],[115.534,-8.7374],[115.537,-8.7317],[115.5413,-8.729],[115.54,-8.7217],[115.5431,-8.7186],[115.5448,-8.7201],[115.5474,-8.7282],[115.5517,-8.7313],[115.5527,-8.7388],[115.5611,-8.7412],[115.5637,-8.7392],[115.5615,-8.7446],[115.5544,-8.7512],[115.5557,-8.7569],[115.5639,-8.7592],[115.5653,-8.7669],[115.5627,-8.7683],[115.5623,-8.7703],[115.553,-8.7744],[115.5508,-8.7806],[115.5526,-8.785],[115.5394,-8.8009],[115.5392,-8.7986],[115.535,-8.7973],[115.5287,-8.7994],[115.5273,-8.7932],[115.5234,-8.7916],[115.524,-8.7905],[115.5235,-8.7873],[115.5164,-8.781],[115.5178,-8.7788]]]]}},{"type":"Feature","properties":{"GID_4":"IDN.2.8.5.2_1","GID_0":"IDN","COUNTRY":"Indonesia","GID_1":"IDN.2_1","NAME_1":"Bali","GID_2":"IDN.2.8_1","NAME_2":"Klungkung","GID_3":"IDN.2.8.5_1","NAME_3":"Nusapenida","NAME_4":"Batumadeg","VARNAME_4":"NA","TYPE_4":"Desa","ENGTYPE_4":"Village","CC_4":"5105010003"},"geometry":{"type":"MultiPolygon","coordinates":[[[[115.492,-8.7735],[115.492,-8.7732],[115.4922,-8.7732],[115.4922,-8.7735],[115.492,-8.7735]]],[[[115.4841,-8.7729],[115.4837,-8.7725],[115.4841,-8.7722],[115.4846,-8.7728],[115.4841,-8.7729]]],[[[115.4869,-8.7706],[115.4865,-8.7701],[115.4868,-8.7698],[115.4873,-8.7703],[115.4869,-8.7706]]],[[[115.5156,-8.7798],[115.5107,-8.7764],[115.5021,-8.7763],[115.499,-8.7728],[115.4973,-8.7732],[115.4969,-8.7706],[115.4934,-8.7731],[115.4905,-8.7694],[115.4887,-8.7703],[115.485,-8.7686],[115.4865,-8.7672],[115.4861,-8.7627],[115.493,-8.7628],[115.496,-8.7534],[115.501,-8.7462],[115.4994,-8.742],[115.5003,-8.7396],[115.5087,-8.7333],[115.5131,-8.7352],[115.5121,-8.7375],[115.5187,-8.7378],[115.5201,-8.7412],[115.5176,-8.7443],[115.5185,-8.7478],[115.5277,-8.7426],[115.5301,-8.7473],[115.5274,-8.751],[115.5316,-8.7541],[115.5279,-8.7553],[115.5294,-8.7561],[115.5291,-8.7591],[115.5213,-8.7606],[115.5195,-8.7749],[115.5164,-8.781],[115.5156,-8.7798]]]]}},{"type":"Feature","properties":{"GID_4":"IDN.2.8.5.3_1","GID_0":"IDN","COUNTRY":"Indonesia","GID_1":"IDN.2_1","NAME_1":"Bali","GID_2":"IDN.2.8_1","NAME_2":"Klungkung","GID_3":"IDN.2.8.5_1","NAME_3":"Nusapenida","NAME_4":"Batununggul","VARNAME_4":"NA","TYPE_4":"Desa","ENGTYPE_4":"Village","CC_4":"5105010010"},"geometry":{"type":"MultiPolygon","coordinates":[[[[115.5533,-8.6721],[115.5632,-8.6722],[115.5723,-8.6775],[115.5792,-8.6859],[115.5817,-8.6916],[115.5841,-8.6999],[115.584,-8.7019],[115.5765,-8.6939],[115.5725,-8.7019],[115.5689,-8.7036],[115.5647,-8.6998],[115.5601,-8.7008],[115.5572,-8.6995],[115.5555,-8.6953],[115.5565,-8.692],[115.5533,-8.6721]]]]}},{"type":"Feature","properties":{"GID_4":"IDN.2.8.5.4_1","GID_0":"IDN","COUNTRY":"Indonesia","GID_1":"IDN.2_1","NAME_1":"Bali","GID_2":"IDN.2.8_1","NAME_2":"Klungkung","GID_3":"IDN.2.8.5_1","NAME_3":"Nusapenida","NAME_4":"BungaMekar","VARNAME_4":"NA","TYPE_4":"Desa","ENGTYPE_4":"Village","CC_4":"5105010002"},"geometry":{"type":"MultiPolygon","coordinates":[[[[115.4785,-8.759],[115.4779,-8.7583],[115.4782,-8.7579],[115.4787,-8.7583],[115.4785,-8.759]]],[[[115.4728,-8.7546],[115.4723,-8.7542],[115.4733,-8.7537],[115.4732,-8.7543],[115.4728,-8.7546]]],[[[115.5083,-8.7334],[115.5003,-8.7396],[115.4994,-8.742],[115.501,-8.7462],[115.496,-8.7534],[115.4926,-8.7632],[115.4861,-8.7627],[115.4853,-8.7602],[115.482,-8.7609],[115.4792,-8.7552],[115.4759,-8.7547],[115.4754,-8.7519],[115.4709,-8.7537],[115.4729,-8.7506],[115.4682,-8.7488],[115.4722,-8.7462],[115.4744,-8.7378],[115.4784,-8.7378],[115.4762,-8.7301],[115.4779,-8.7271],[115.4837,-8.7288],[115.4966,-8.729],[115.4982,-8.7284],[115.5003,-8.7226],[115.5051,-8.7245],[115.5073,-8.7234],[115.5079,-8.7259],[115.5059,-8.7283],[115.5085,-8.7314],[115.5083,-8.7334]]]]}},{"type":"Feature","properties":{"GID_4":"IDN.2.8.5.5_1","GID_0":"IDN","COUNTRY":"Indonesia","GID_1":"IDN.2_1","NAME_1":"Bali","GID_2":"IDN.2.8_1","NAME_2":"Klungkung","GID_3":"IDN.2.8.5_1","NAME_3":"Nusapenida","NAME_4":"Jungutbatu","VARNAME_4":"NA","TYPE_4":"Desa","ENGTYPE_4":"Village","CC_4":"5105010016"},"geometry":{"type":"MultiPolygon","coordinates":[[[[115.4665,-8.6659],[115.4722,-8.6695],[115.4732,-8.6722],[115.472,-8.6753],[115.4698,-8.6786],[115.4618,-8.6834],[115.4604,-8.6864],[115.4562,-8.688],[115.4509,-8.6938],[115.4373,-8.6946],[115.4333,-8.691],[115.4315,-8.6923],[115.4291,-8.6911],[115.4299,-8.6894],[115.4279,-8.6887],[115.4292,-8.6867],[115.4273,-8.683],[115.4315,-8.6818],[115.4325,-8.6831],[115.4352,-8.6795],[115.4367,-8.6814],[115.4455,-8.6793],[115.448,-8.6675],[115.4506,-8.6633],[115.4665,-8.6659]]]]}},{"type":"Feature","properties":{"GID_4":"IDN.2.8.5.6_1","GID_0":"IDN","COUNTRY":"Indonesia","GID_1":"IDN.2_1","NAME_1":"Bali","GID_2":"IDN.2.8_1","NAME_2":"Klungkung","GID_3":"IDN.2.8.5_1","NAME_3":"Nusapenida","NAME_4":"KampungToyapakeh","VARNAME_4":"NA","TYPE_4":"Desa","ENGTYPE_4":"Village","CC_4":"5105010014"},"geometry":{"type":"MultiPolygon","coordinates":[[[[115.4879,-8.6796],[115.4891,-8.6818],[115.4923,-8.6821],[115.4923,-8.6844],[115.4881,-8.6832],[115.4879,-8.6846],[115.4843,-8.6842],[115.4865,-8.6838],[115.4879,-8.6796]]]]}},{"type":"Feature","properties":{"GID_4":"IDN.2.8.5.7_1","GID_0":"IDN","COUNTRY":"Indonesia","GID_1":"IDN.2_1","NAME_1":"Bali","GID_2":"IDN.2.8_1","NAME_2":"Klungkung","GID_3":"IDN.2.8.5_1","NAME_3":"Nusapenida","NAME_4":"Klumpu","VARNAME_4":"NA","TYPE_4":"Desa","ENGTYPE_4":"Village","CC_4":"5105010004"},"geometry":{"type":"MultiPolygon","coordinates":[[[[115.5431,-8.7186],[115.54,-8.7217],[115.5413,-8.729],[115.537,-8.7317],[115.534,-8.7374],[115.5288,-8.7377],[115.528,-8.7413],[115.5198,-8.7478],[115.5185,-8.7478],[115.5176,-8.7443],[115.5201,-8.7412],[115.5187,-8.7378],[115.5116,-8.7371],[115.5131,-8.7352],[115.5102,-8.7347],[115.506,-8.7288],[115.5079,-8.7259],[115.5066,-8.7233],[115.5074,-8.7211],[115.5088,-8.7212],[115.5124,-8.7145],[115.5074,-8.7065],[115.5077,-8.7041],[115.5123,-8.7079],[115.517,-8.7068],[115.5185,-8.7089],[115.5278,-8.7059],[115.5339,-8.708],[115.5379,-8.7064],[115.5446,-8.7125],[115.5449,-8.7165],[115.5431,-8.7186]]]]}},{"type":"Feature","properties":{"GID_4":"IDN.2.8.5.8_1","GID_0":"IDN","COUNTRY":"Indonesia","GID_1":"IDN.2_1","NAME_1":"Bali","GID_2":"IDN.2.8_1","NAME_2":"Klungkung","GID_3":"IDN.2.8.5_1","NAME_3":"Nusapenida","NAME_4":"Kutampi","VARNAME_4":"NA","TYPE_4":"Desa","ENGTYPE_4":"Village","CC_4":"5105010011"},"geometry":{"type":"MultiPolygon","coordinates":[[[[115.5637,-8.7392],[115.5611,-8.7412],[115.5527,-8.7388],[115.5519,-8.7318],[115.549,-8.7295],[115.546,-8.7197],[115.5465,-8.7178],[115.5552,-8.7187],[115.5563,-8.7143],[115.5481,-8.7016],[115.5501,-8.6917],[115.5488,-8.6896],[115.553,-8.6841],[115.5555,-8.6853],[115.5555,-8.6953],[115.5572,-8.6995],[115.5601,-8.7008],[115.5647,-8.6998],[115.5689,-8.7036],[115.5725,-8.7019],[115.5773,-8.7097],[115.5772,-8.7249],[115.5761,-8.7261],[115.5795,-8.7302],[115.5726,-8.7346],[115.5664,-8.7361],[115.5655,-8.7373],[115.5668,-8.7392],[115.5637,-8.7392]]]]}},{"type":"Feature","properties":{"GID_4":"IDN.2.8.5.9_1","GID_0":"IDN","COUNTRY":"Indonesia","GID_1":"IDN.2_1","NAME_1":"Bali","GID_2":"IDN.2.8_1","NAME_2":"Klungkung","GID_3":"IDN.2.8.5_1","NAME_3":"Nusapenida","NAME_4":"KutampiKaler","VARNAME_4":"NA","TYPE_4":"Desa","ENGTYPE_4":"Village","CC_4":"5105010012"},"geometry":{"type":"MultiPolygon","coordinates":[[[[115.549,-8.7295],[115.5431,-8.7186],[115.5449,-8.7165],[115.5446,-8.7125],[115.5398,-8.7084],[115.5396,-8.7008],[115.5425,-8.6958],[115.5416,-8.6873],[115.5363,-8.6764],[115.5526,-8.672],[115.5544,-8.6754],[115.5558,-8.6866],[115.5552,-8.6847],[115.553,-8.6841],[115.5488,-8.6896],[115.5501,-8.6917],[115.5481,-8.7016],[115.5563,-8.7143],[115.5552,-8.7187],[115.5458,-8.7182],[115.549,-8.7295]]]]}},{"type":"Feature","properties":{"GID_4":"IDN.2.8.5.10_1","GID_0":"IDN","COUNTRY":"Indonesia","GID_1":"IDN.2_1","NAME_1":"Bali","GID_2":"IDN.2.8_1","NAME_2":"Klungkung","GID_3":"IDN.2.8.5_1","NAME_3":"Nusapenida","NAME_4":"Lembongan","VARNAME_4":"NA","TYPE_4":"Desa","ENGTYPE_4":"Village","CC_4":"5105010015"},"geometry":{"type":"MultiPolygon","coordinates":[[[[115.4657,-8.6882],[115.4602,-8.6985],[115.451,-8.7061],[115.4493,-8.7057],[115.4465,-8.7102],[115.4445,-8.7091],[115.4444,-8.7121],[115.4403,-8.712],[115.4406,-8.7092],[115.4387,-8.7101],[115.4392,-8.7081],[115.4371,-8.7085],[115.4414,-8.7007],[115.4489,-8.6976],[115.4503,-8.695],[115.4577,-8.6909],[115.4595,-8.688],[115.4657,-8.6882]]]]}},{"type":"Feature","properties":{"GID_4":"IDN.2.8.5.11_1","GID_0":"IDN","COUNTRY":"Indonesia","GID_1":"IDN.2_1","NAME_1":"Bali","GID_2":"IDN.2.8_1","NAME_2":"Klungkung","GID_3":"IDN.2.8.5_1","NAME_3":"Nusapenida","NAME_4":"Ped","VARNAME_4":"NA","TYPE_4":"Desa","ENGTYPE_4":"Village","CC_4":"5105010013"},"geometry":{"type":"MultiPolygon","coordinates":[[[[115.4883,-8.6844],[115.4881,-8.6832],[115.4923,-8.6844],[115.4923,-8.6821],[115.4891,-8.6818],[115.4881,-8.6784],[115.4895,-8.6744],[115.4943,-8.6721],[115.5057,-8.6735],[115.5189,-8.6775],[115.5363,-8.6766],[115.5416,-8.6873],[115.5425,-8.6958],[115.5396,-8.7008],[115.5401,-8.7075],[115.5373,-8.7065],[115.5339,-8.708],[115.5287,-8.7058],[115.5185,-8.7089],[115.517,-8.7068],[115.5123,-8.7079],[115.5086,-8.7039],[115.5019,-8.7025],[115.496,-8.6942],[115.495,-8.6903],[115.4883,-8.6844]]]]}},{"type":"Feature","properties":{"GID_4":"IDN.2.8.5.12_1","GID_0":"IDN","COUNTRY":"Indonesia","GID_1":"IDN.2_1","NAME_1":"Bali","GID_2":"IDN.2.8_1","NAME_2":"Klungkung","GID_3":"IDN.2.8.5_1","NAME_3":"Nusapenida","NAME_4":"Pejukutan","VARNAME_4":"NA","TYPE_4":"Desa","ENGTYPE_4":"Village","CC_4":"5105010008"},"geometry":{"type":"MultiPolygon","coordinates":[[[[115.6294,-8.7805],[115.629,-8.7801],[115.6292,-8.7798],[115.6298,-8.7804],[115.6294,-8.7805]]],[[[115.6292,-8.7788],[115.6298,-8.7771],[115.6293,-8.776],[115.6305,-8.7769],[115.6292,-8.7788]]],[[[115.6195,-8.7792],[115.6192,-8.7789],[115.619,-8.7785],[115.6198,-8.7793],[115.6195,-8.7792]]],[[[115.6253,-8.7745],[115.6292,-8.7751],[115.6257,-8.7768],[115.6226,-8.7743],[115.6253,-8.7745]]],[[[115.6232,-8.7523],[115.6232,-8.7551],[115.6254,-8.7574],[115.625,-8.7602],[115.6232,-8.7597],[115.6274,-8.7654],[115.6286,-8.77],[115.6264,-8.7713],[115.6285,-8.7726],[115.6221,-8.7732],[115.6214,-8.7761],[115.6206,-8.775],[115.6188,-8.7761],[115.619,-8.7784],[115.6181,-8.7774],[115.6172,-8.7793],[115.616,-8.7784],[115.6156,-8.7821],[115.6102,-8.7844],[115.6088,-8.7816],[115.6006,-8.7805],[115.597,-8.7757],[115.6019,-8.774],[115.6034,-8.7759],[115.6057,-8.7758],[115.6077,-8.7749],[115.606,-8.773],[115.6021,-8.7712],[115.5958,-8.7713],[115.5915,-8.769],[115.5908,-8.7646],[115.5864,-8.764],[115.5833,-8.7664],[115.5791,-8.7671],[115.5792,-8.7601],[115.575,-8.7631],[115.57,-8.7618],[115.567,-8.7521],[115.5681,-8.7498],[115.5802,-8.7451],[115.5979,-8.7407],[115.6017,-8.746],[115.6158,-8.7529],[115.6218,-8.7511],[115.6232,-8.7523]]]]}},{"type":"Feature","properties":{"GID_4":"IDN.2.8.5.13_1","GID_0":"IDN","COUNTRY":"Indonesia","GID_1":"IDN.2_1","NAME_1":"Bali","GID_2":"IDN.2.8_1","NAME_2":"Klungkung","GID_3":"IDN.2.8.5_1","NAME_3":"Nusapenida","NAME_4":"Sakti","VARNAME_4":"NA","TYPE_4":"Desa","ENGTYPE_4":"Village","CC_4":"5105010001"},"geometry":{"type":"MultiPolygon","coordinates":[[[[115.4515,-8.7503],[115.4516,-8.7502],[115.4518,-8.7503],[115.4516,-8.7504],[115.4515,-8.7503]]],[[[115.4546,-8.7378],[115.4547,-8.7377],[115.4548,-8.7377],[115.4548,-8.7378],[115.4546,-8.7378]]],[[[115.5064,-8.7238],[115.5003,-8.7226],[115.4982,-8.7284],[115.4966,-8.729],[115.4773,-8.7274],[115.4762,-8.7301],[115.4784,-8.7378],[115.4744,-8.7378],[115.4722,-8.7462],[115.4682,-8.7488],[115.4654,-8.7463],[115.4562,-8.7488],[115.4513,-8.7483],[115.4509,-8.745],[115.4553,-8.7423],[115.4528,-8.7411],[115.4547,-8.7398],[115.4554,-8.7364],[115.4524,-8.7366],[115.4527,-8.7338],[115.4467,-8.7332],[115.4517,-8.7292],[115.4475,-8.7266],[115.4479,-8.7218],[115.4494,-8.7225],[115.4491,-8.721],[115.4515,-8.7191],[115.4536,-8.72],[115.4526,-8.718],[115.456,-8.7194],[115.4548,-8.7172],[115.4591,-8.7166],[115.4574,-8.7118],[115.4616,-8.7089],[115.4627,-8.7065],[115.465,-8.7067],[115.464,-8.7053],[115.4655,-8.6994],[115.4718,-8.6964],[115.4725,-8.691],[115.477,-8.6868],[115.4843,-8.6835],[115.4853,-8.685],[115.4904,-8.6851],[115.5019,-8.7025],[115.5077,-8.7041],[115.5074,-8.7065],[115.5124,-8.7145],[115.5064,-8.7238]]],[[[115.4561,-8.7151],[115.4559,-8.7146],[115.4565,-8.7141],[115.4567,-8.715],[115.4561,-8.7151]]]]}},{"type":"Feature","properties":{"GID_4":"IDN.2.8.5.14_1","GID_0":"IDN","COUNTRY":"Indonesia","GID_1":"IDN.2_1","NAME_1":"Bali","GID_2":"IDN.2.8_1","NAME_2":"Klungkung","GID_3":"IDN.2.8.5_1","NAME_3":"Nusapenida","NAME_4":"Sekartaji","VARNAME_4":"NA","TYPE_4":"Desa","ENGTYPE_4":"Village","CC_4":"5105010006"},"geometry":{"type":"MultiPolygon","coordinates":[[[[115.5812,-8.8173],[115.581,-8.8172],[115.5811,-8.8169],[115.5814,-8.8171],[115.5812,-8.8173]]],[[[115.5943,-8.8167],[115.5943,-8.8156],[115.5944,-8.8154],[115.5947,-8.8165],[115.5943,-8.8167]]],[[[115.5418,-8.7989],[115.544,-8.7938],[115.5456,-8.7939],[115.5526,-8.785],[115.5508,-8.7806],[115.553,-8.7744],[115.5576,-8.772],[115.5666,-8.7821],[115.5668,-8.7862],[115.5745,-8.7911],[115.579,-8.7916],[115.58,-8.7887],[115.5825,-8.7893],[115.5847,-8.7878],[115.5937,-8.7877],[115.5951,-8.7899],[115.5929,-8.7922],[115.5931,-8.7964],[115.596,-8.804],[115.5995,-8.808],[115.5968,-8.8114],[115.5932,-8.8126],[115.5946,-8.815],[115.5896,-8.8166],[115.5905,-8.8183],[115.5871,-8.8195],[115.5827,-8.8182],[115.5774,-8.8126],[115.5687,-8.8129],[115.5668,-8.8091],[115.5621,-8.8079],[115.5582,-8.8042],[115.5559,-8.805],[115.5531,-8.8035],[115.5511,-8.8047],[115.5505,-8.802],[115.5418,-8.7989]]]]}},{"type":"Feature","properties":{"GID_4":"IDN.2.8.5.15_1","GID_0":"IDN","COUNTRY":"Indonesia","GID_1":"IDN.2_1","NAME_1":"Bali","GID_2":"IDN.2.8_1","NAME_2":"Klungkung","GID_3":"IDN.2.8.5_1","NAME_3":"Nusapenida","NAME_4":"Suana","VARNAME_4":"NA","TYPE_4":"Desa","ENGTYPE_4":"Village","CC_4":"5105010009"},"geometry":{"type":"MultiPolygon","coordinates":[[[[115.5725,-8.7019],[115.574,-8.6968],[115.5771,-8.6941],[115.5804,-8.699],[115.5827,-8.6998],[115.5889,-8.7116],[115.595,-8.7162],[115.596,-8.7233],[115.5981,-8.7262],[115.6122,-8.7372],[115.6141,-8.7421],[115.6164,-8.7431],[115.6218,-8.7511],[115.6158,-8.7529],[115.6017,-8.746],[115.5979,-8.7407],[115.5681,-8.7498],[115.5687,-8.7409],[115.5658,-8.7366],[115.5726,-8.7346],[115.5795,-8.7302],[115.5761,-8.7261],[115.5772,-8.7249],[115.5773,-8.7097],[115.5725,-8.7019]]]]}},{"type":"Feature","properties":{"GID_4":"IDN.2.8.5.16_1","GID_0":"IDN","COUNTRY":"Indonesia","GID_1":"IDN.2_1","NAME_1":"Bali","GID_2":"IDN.2.8_1","NAME_2":"Klungkung","GID_3":"IDN.2.8.5_1","NAME_3":"Nusapenida","NAME_4":"Tanglad","VARNAME_4":"NA","TYPE_4":"Desa","ENGTYPE_4":"Village","CC_4":"5105010007"},"geometry":{"type":"MultiPolygon","coordinates":[[[[115.5584,-8.7721],[115.5623,-8.7703],[115.5656,-8.7649],[115.5633,-8.7586],[115.5557,-8.7569],[115.5544,-8.7512],[115.5615,-8.7446],[115.5637,-8.7392],[115.5668,-8.7392],[115.566,-8.738],[115.5685,-8.7405],[115.569,-8.7431],[115.5671,-8.753],[115.5695,-8.7615],[115.575,-8.7631],[115.5792,-8.7601],[115.5791,-8.7671],[115.5833,-8.7664],[115.5864,-8.764],[115.5908,-8.7646],[115.5915,-8.769],[115.5958,-8.7713],[115.6027,-8.7714],[115.6077,-8.7749],[115.6034,-8.7759],[115.6019,-8.774],[115.597,-8.7757],[115.6021,-8.7815],[115.6088,-8.7816],[115.6102,-8.7837],[115.6093,-8.7894],[115.606,-8.7912],[115.6073,-8.7951],[115.6059,-8.795],[115.6047,-8.7983],[115.6072,-8.8028],[115.6056,-8.8046],[115.6074,-8.8079],[115.5995,-8.808],[115.5962,-8.8042],[115.5927,-8.7933],[115.5951,-8.7899],[115.5937,-8.7877],[115.5847,-8.7878],[115.5825,-8.7893],[115.58,-8.7887],[115.579,-8.7916],[115.5745,-8.7911],[115.5668,-8.7862],[115.5666,-8.7821],[115.5584,-8.7721]]],[[[115.5655,-8.7373],[115.5656,-8.7371],[115.5659,-8.7378],[115.5655,-8.7373]]]]}},{"type":"Feature","properties":{"GID_4":"IDN.2.9.1.1_1","GID_0":"IDN","COUNTRY":"Indonesia","GID_1":"IDN.2_1","NAME_1":"Bali","GID_2":"IDN.2.9_1","NAME_2":"Tabanan","GID_3":"IDN.2.9.1_1","NAME_3":"Baturiti","NAME_4":"Angseri","VARNAME_4":"NA","TYPE_4":"Desa","ENGTYPE_4":"Village","CC_4":"5102060007"},"geometry":{"type":"MultiPolygon","coordinates":[[[[115.1697,-8.3522],[115.1729,-8.3624],[115.169,-8.3655],[115.1679,-8.3629],[115.1661,-8.3629],[115.165,-8.3705],[115.1634,-8.3708],[115.1534,-8.3593],[115.1513,-8.3531],[115.1457,-8.3484],[115.1425,-8.3392],[115.1386,-8.3168],[115.1535,-8.3276],[115.1584,-8.336],[115.1596,-8.3421],[115.1616,-8.3423],[115.1628,-8.3448],[115.1651,-8.3446],[115.1697,-8.3522]]]]}},{"type":"Feature","properties":{"GID_4":"IDN.2.9.1.2_1","GID_0":"IDN","COUNTRY":"Indonesia","GID_1":"IDN.2_1","NAME_1":"Bali","GID_2":"IDN.2.9_1","NAME_2":"Tabanan","GID_3":"IDN.2.9.1_1","NAME_3":"Baturiti","NAME_4":"Antapan","VARNAME_4":"NA","TYPE_4":"Desa","ENGTYPE_4":"Village","CC_4":"5102060011"},"geometry":{"type":"MultiPolygon","coordinates":[[[[115.1846,-8.271],[115.1924,-8.283],[115.1973,-8.2877],[115.1973,-8.2899],[115.2016,-8.2935],[115.2018,-8.2971],[115.2089,-8.3134],[115.2071,-8.323],[115.209,-8.3273],[115.2122,-8.3299],[115.2119,-8.3319],[115.2023,-8.3338],[115.2035,-8.3497],[115.1981,-8.3578],[115.2019,-8.3727],[115.1997,-8.3715],[115.1978,-8.365],[115.194,-8.3615],[115.1907,-8.3553],[115.1898,-8.3437],[115.1916,-8.339],[115.1899,-8.3329],[115.1924,-8.3288],[115.1946,-8.3135],[115.1887,-8.2992],[115.1887,-8.2937],[115.19,-8.2926],[115.189,-8.2895],[115.1854,-8.2846],[115.1844,-8.2791],[115.1798,-8.2745],[115.181,-8.2701],[115.1846,-8.271]]]]}},{"type":"Feature","properties":{"GID_4":"IDN.2.9.1.3_1","GID_0":"IDN","COUNTRY":"Indonesia","GID_1":"IDN.2_1","NAME_1":"Bali","GID_2":"IDN.2.9_1","NAME_2":"Tabanan","GID_3":"IDN.2.9.1_1","NAME_3":"Baturiti","NAME_4":"Apuan","VARNAME_4":"NA","TYPE_4":"Desa","ENGTYPE_4":"Village","CC_4":"5102060006"},"geometry":{"type":"MultiPolygon","coordinates":[[[[115.1722,-8.3632],[115.1697,-8.3522],[115.174,-8.3523],[115.176,-8.3578],[115.1789,-8.3583],[115.1809,-8.3624],[115.1852,-8.3796],[115.1859,-8.3917],[115.1824,-8.3915],[115.1814,-8.3857],[115.1799,-8.3856],[115.1749,-8.3706],[115.1726,-8.3713],[115.1746,-8.3775],[115.1727,-8.3862],[115.1734,-8.3904],[115.1661,-8.3902],[115.1678,-8.3792],[115.1634,-8.3708],[115.165,-8.3705],[115.1661,-8.3629],[115.1679,-8.3629],[115.169,-8.3655],[115.1703,-8.3641],[115.1722,-8.3695],[115.1747,-8.3698],[115.1722,-8.3632]]]]}},{"type":"Feature","properties":{"GID_4":"IDN.2.9.1.4_1","GID_0":"IDN","COUNTRY":"Indonesia","GID_1":"IDN.2_1","NAME_1":"Bali","GID_2":"IDN.2.9_1","NAME_2":"Tabanan","GID_3":"IDN.2.9.1_1","NAME_3":"Baturiti","NAME_4":"Bangli","VARNAME_4":"NA","TYPE_4":"Desa","ENGTYPE_4":"Village","CC_4":"5102060008"},"geometry":{"type":"MultiPolygon","coordinates":[[[[115.1697,-8.3522],[115.1651,-8.3446],[115.1628,-8.3448],[115.1616,-8.3423],[115.1596,-8.3421],[115.1584,-8.336],[115.1535,-8.3276],[115.1392,-8.3179],[115.1354,-8.2976],[115.1585,-8.3077],[115.1654,-8.3077],[115.1674,-8.3112],[115.17,-8.3108],[115.1779,-8.3218],[115.1809,-8.3239],[115.183,-8.3342],[115.18,-8.3441],[115.1796,-8.358],[115.176,-8.3578],[115.174,-8.3523],[115.1697,-8.3522]]]]}},{"type":"Feature","properties":{"GID_4":"IDN.2.9.1.5_1","GID_0":"IDN","COUNTRY":"Indonesia","GID_1":"IDN.2_1","NAME_1":"Bali","GID_2":"IDN.2.9_1","NAME_2":"Tabanan","GID_3":"IDN.2.9.1_1","NAME_3":"Baturiti","NAME_4":"Batunya","VARNAME_4":"NA","TYPE_4":"Desa","ENGTYPE_4":"Village","CC_4":"5102060010"},"geometry":{"type":"MultiPolygon","coordinates":[[[[115.1798,-8.2745],[115.1844,-8.2791],[115.1854,-8.2846],[115.189,-8.2895],[115.19,-8.2926],[115.1887,-8.2937],[115.1887,-8.2992],[115.1946,-8.3135],[115.1924,-8.3288],[115.1903,-8.3315],[115.1839,-8.3211],[115.182,-8.3165],[115.1827,-8.3139],[115.1746,-8.3025],[115.1742,-8.2993],[115.1675,-8.2997],[115.1595,-8.2857],[115.1608,-8.2836],[115.1637,-8.2851],[115.1673,-8.2841],[115.1679,-8.2822],[115.1751,-8.2811],[115.1798,-8.2745]]]]}},{"type":"Feature","properties":{"GID_4":"IDN.2.9.1.6_1","GID_0":"IDN","COUNTRY":"Indonesia","GID_1":"IDN.2_1","NAME_1":"Bali","GID_2":"IDN.2.9_1","NAME_2":"Tabanan","GID_3":"IDN.2.9.1_1","NAME_3":"Baturiti","NAME_4":"Baturiti","VARNAME_4":"NA","TYPE_4":"Desa","ENGTYPE_4":"Village","CC_4":"5102060009"},"geometry":{"type":"MultiPolygon","coordinates":[[[[115.1903,-8.3318],[115.1902,-8.3374],[115.1916,-8.339],[115.1898,-8.3437],[115.1907,-8.3553],[115.1927,-8.3594],[115.1871,-8.3597],[115.1838,-8.3764],[115.1809,-8.3624],[115.179,-8.3597],[115.1805,-8.3558],[115.18,-8.3441],[115.183,-8.3342],[115.1816,-8.3264],[115.17,-8.3108],[115.1674,-8.3112],[115.1659,-8.3091],[115.1654,-8.3077],[115.1669,-8.308],[115.1691,-8.3056],[115.1678,-8.2994],[115.171,-8.3004],[115.1742,-8.2993],[115.1746,-8.3025],[115.1827,-8.3139],[115.182,-8.3165],[115.1839,-8.3211],[115.1903,-8.3318]]],[[[115.164,-8.3077],[115.1585,-8.3077],[115.1553,-8.3059],[115.1551,-8.3038],[115.1624,-8.3042],[115.164,-8.3077]]]]}},{"type":"Feature","properties":{"GID_4":"IDN.2.9.1.7_1","GID_0":"IDN","COUNTRY":"Indonesia","GID_1":"IDN.2_1","NAME_1":"Bali","GID_2":"IDN.2.9_1","NAME_2":"Tabanan","GID_3":"IDN.2.9.1_1","NAME_3":"Baturiti","NAME_4":"Candikuning","VARNAME_4":"NA","TYPE_4":"Desa","ENGTYPE_4":"Village","CC_4":"5102060012"},"geometry":{"type":"MultiPolygon","coordinates":[[[[115.1833,-8.2453],[115.186,-8.2488],[115.1871,-8.2644],[115.1857,-8.2695],[115.1846,-8.271],[115.181,-8.2701],[115.1755,-8.2809],[115.1679,-8.2822],[115.1663,-8.2846],[115.1626,-8.2851],[115.1608,-8.2836],[115.1595,-8.2851],[115.1686,-8.3026],[115.1683,-8.3072],[115.1647,-8.3076],[115.1631,-8.3045],[115.1611,-8.304],[115.1551,-8.3038],[115.1549,-8.3059],[115.1341,-8.297],[115.1253,-8.2953],[115.1352,-8.2698],[115.1435,-8.2661],[115.1473,-8.2607],[115.1639,-8.2547],[115.1742,-8.2419],[115.1791,-8.2419],[115.1833,-8.2453]]]]}},{"type":"Feature","properties":{"GID_4":"IDN.2.9.1.8_1","GID_0":"IDN","COUNTRY":"Indonesia","GID_1":"IDN.2_1","NAME_1":"Bali","GID_2":"IDN.2.9_1","NAME_2":"Tabanan","GID_3":"IDN.2.9.1_1","NAME_3":"Baturiti","NAME_4":"Luwus","VARNAME_4":"NA","TYPE_4":"Desa","ENGTYPE_4":"Village","CC_4":"5102060004"},"geometry":{"type":"MultiPolygon","coordinates":[[[[115.2113,-8.4023],[115.2113,-8.4088],[115.2041,-8.4089],[115.2024,-8.4145],[115.1998,-8.4116],[115.1944,-8.4117],[115.1945,-8.4094],[115.1905,-8.4086],[115.1906,-8.4031],[115.1853,-8.3899],[115.1908,-8.3887],[115.1926,-8.3827],[115.1948,-8.384],[115.1951,-8.3933],[115.1974,-8.3934],[115.1968,-8.386],[115.2018,-8.385],[115.2078,-8.3862],[115.2107,-8.3914],[115.2094,-8.3932],[115.2115,-8.3969],[115.2113,-8.4023]]]]}},{"type":"Feature","properties":{"GID_4":"IDN.2.9.1.9_1","GID_0":"IDN","COUNTRY":"Indonesia","GID_1":"IDN.2_1","NAME_1":"Bali","GID_2":"IDN.2.9_1","NAME_2":"Tabanan","GID_3":"IDN.2.9.1_1","NAME_3":"Baturiti","NAME_4":"Mekarsari","VARNAME_4":"NA","TYPE_4":"Desa","ENGTYPE_4":"Village","CC_4":"5102060005"},"geometry":{"type":"MultiPolygon","coordinates":[[[[115.2029,-8.3733],[115.2063,-8.3779],[115.2089,-8.379],[115.2085,-8.3858],[115.1968,-8.386],[115.1974,-8.3934],[115.1951,-8.3933],[115.1948,-8.384],[115.1926,-8.3827],[115.1908,-8.3887],[115.1853,-8.3899],[115.1855,-8.3821],[115.1838,-8.3764],[115.1873,-8.3596],[115.1932,-8.3596],[115.1978,-8.365],[115.2001,-8.3721],[115.2029,-8.3733]]]]}},{"type":"Feature","properties":{"GID_4":"IDN.2.9.1.10_1","GID_0":"IDN","COUNTRY":"Indonesia","GID_1":"IDN.2_1","NAME_1":"Bali","GID_2":"IDN.2.9_1","NAME_2":"Tabanan","GID_3":"IDN.2.9.1_1","NAME_3":"Baturiti","NAME_4":"Perean","VARNAME_4":"NA","TYPE_4":"Desa","ENGTYPE_4":"Village","CC_4":"5102060001"},"geometry":{"type":"MultiPolygon","coordinates":[[[[115.1905,-8.4086],[115.1945,-8.4094],[115.1979,-8.425],[115.1934,-8.4382],[115.1883,-8.442],[115.1878,-8.4383],[115.1858,-8.438],[115.1817,-8.4329],[115.1806,-8.4276],[115.1836,-8.4249],[115.1854,-8.4161],[115.1905,-8.4086]]]]}},{"type":"Feature","properties":{"GID_4":"IDN.2.9.1.11_1","GID_0":"IDN","COUNTRY":"Indonesia","GID_1":"IDN.2_1","NAME_1":"Bali","GID_2":"IDN.2.9_1","NAME_2":"Tabanan","GID_3":"IDN.2.9.1_1","NAME_3":"Baturiti","NAME_4":"PereanKangin","VARNAME_4":"NA","TYPE_4":"Desa","ENGTYPE_4":"Village","CC_4":"5102060003"},"geometry":{"type":"MultiPolygon","coordinates":[[[[115.2182,-8.4387],[115.2155,-8.441],[115.2138,-8.4493],[115.2117,-8.4513],[115.2049,-8.4474],[115.2055,-8.445],[115.2019,-8.444],[115.2037,-8.4313],[115.2054,-8.4285],[115.2015,-8.4149],[115.2041,-8.4089],[115.2109,-8.4091],[115.2103,-8.4132],[115.2135,-8.4193],[115.2137,-8.4248],[115.2158,-8.4269],[115.2161,-8.4358],[115.2182,-8.4387]]]]}},{"type":"Feature","properties":{"GID_4":"IDN.2.9.1.12_1","GID_0":"IDN","COUNTRY":"Indonesia","GID_1":"IDN.2_1","NAME_1":"Bali","GID_2":"IDN.2.9_1","NAME_2":"Tabanan","GID_3":"IDN.2.9.1_1","NAME_3":"Baturiti","NAME_4":"PereanTengah","VARNAME_4":"NA","TYPE_4":"Desa","ENGTYPE_4":"Village","CC_4":"5102060002"},"geometry":{"type":"MultiPolygon","coordinates":[[[[115.1998,-8.4512],[115.198,-8.4506],[115.1982,-8.4457],[115.1878,-8.4427],[115.1934,-8.4382],[115.1978,-8.4255],[115.1944,-8.4117],[115.1998,-8.4116],[115.2053,-8.4254],[115.203,-8.4421],[115.1998,-8.4512]]]]}},{"type":"Feature","properties":{"GID_4":"IDN.2.9.2.1_1","GID_0":"IDN","COUNTRY":"Indonesia","GID_1":"IDN.2_1","NAME_1":"Bali","GID_2":"IDN.2.9_1","NAME_2":"Tabanan","GID_3":"IDN.2.9.2_1","NAME_3":"Kediri","NAME_4":"AbianTuwung","VARNAME_4":"NA","TYPE_4":"Desa","ENGTYPE_4":"Village","CC_4":"5102040014"},"geometry":{"type":"MultiPolygon","coordinates":[[[[115.1648,-8.5328],[115.1619,-8.5513],[115.1576,-8.5635],[115.1566,-8.5646],[115.1533,-8.5639],[115.1499,-8.5666],[115.1486,-8.5732],[115.1454,-8.5714],[115.1443,-8.5727],[115.1439,-8.5603],[115.1408,-8.5583],[115.1419,-8.5552],[115.1447,-8.5565],[115.1462,-8.5555],[115.1483,-8.5523],[115.1479,-8.5496],[115.1522,-8.5447],[115.1538,-8.5452],[115.1532,-8.5429],[115.1548,-8.5427],[115.1568,-8.5371],[115.1562,-8.534],[115.1603,-8.5355],[115.1631,-8.5386],[115.1632,-8.5347],[115.1648,-8.5328]]]]}},{"type":"Feature","properties":{"GID_4":"IDN.2.9.2.2_1","GID_0":"IDN","COUNTRY":"Indonesia","GID_1":"IDN.2_1","NAME_1":"Bali","GID_2":"IDN.2.9_1","NAME_2":"Tabanan","GID_3":"IDN.2.9.2_1","NAME_3":"Kediri","NAME_4":"BanjarAnyar","VARNAME_4":"NA","TYPE_4":"Desa","ENGTYPE_4":"Village","CC_4":"5102040015"},"geometry":{"type":"MultiPolygon","coordinates":[[[[115.1562,-8.534],[115.1568,-8.5371],[115.1548,-8.5427],[115.1532,-8.5429],[115.1538,-8.5452],[115.1522,-8.5447],[115.1479,-8.5496],[115.1483,-8.5523],[115.1459,-8.5558],[115.1376,-8.5537],[115.1369,-8.5572],[115.1339,-8.5587],[115.1278,-8.5541],[115.1289,-8.5526],[115.1259,-8.5495],[115.1313,-8.5477],[115.1333,-8.5485],[115.1348,-8.5439],[115.1357,-8.5447],[115.1388,-8.54],[115.1376,-8.5286],[115.1445,-8.5142],[115.1512,-8.5173],[115.149,-8.5254],[115.1509,-8.5261],[115.1526,-8.5311],[115.1564,-8.5328],[115.1562,-8.534]]]]}},{"type":"Feature","properties":{"GID_4":"IDN.2.9.2.3_1","GID_0":"IDN","COUNTRY":"Indonesia","GID_1":"IDN.2_1","NAME_1":"Bali","GID_2":"IDN.2.9_1","NAME_2":"Tabanan","GID_3":"IDN.2.9.2_1","NAME_3":"Kediri","NAME_4":"Belalang","VARNAME_4":"NA","TYPE_4":"Desa","ENGTYPE_4":"Village","CC_4":"5102040002"},"geometry":{"type":"MultiPolygon","coordinates":[[[[115.0853,-8.6159],[115.0836,-8.6129],[115.0839,-8.6094],[115.0813,-8.606],[115.083,-8.6041],[115.0854,-8.6058],[115.0892,-8.6026],[115.0933,-8.593],[115.0959,-8.5913],[115.0974,-8.5844],[115.1017,-8.5839],[115.1123,-8.5897],[115.1061,-8.5948],[115.1052,-8.5973],[115.0999,-8.5981],[115.0967,-8.6015],[115.0971,-8.604],[115.0949,-8.6051],[115.0929,-8.6109],[115.0853,-8.6159]]]]}},{"type":"Feature","properties":{"GID_4":"IDN.2.9.2.4_1","GID_0":"IDN","COUNTRY":"Indonesia","GID_1":"IDN.2_1","NAME_1":"Bali","GID_2":"IDN.2.9_1","NAME_2":"Tabanan","GID_3":"IDN.2.9.2_1","NAME_3":"Kediri","NAME_4":"Bengkel","VARNAME_4":"NA","TYPE_4":"Desa","ENGTYPE_4":"Village","CC_4":"5102040008"},"geometry":{"type":"MultiPolygon","coordinates":[[[[115.1011,-8.5837],[115.0974,-8.5844],[115.0949,-8.5924],[115.0885,-8.5896],[115.0844,-8.5953],[115.0744,-8.5898],[115.0776,-8.5868],[115.0823,-8.5882],[115.0881,-8.5807],[115.0924,-8.5787],[115.0937,-8.5799],[115.0957,-8.5775],[115.0988,-8.5776],[115.0981,-8.5793],[115.1019,-8.5827],[115.1011,-8.5837]]]]}},{"type":"Feature","properties":{"GID_4":"IDN.2.9.2.5_1","GID_0":"IDN","COUNTRY":"Indonesia","GID_1":"IDN.2_1","NAME_1":"Bali","GID_2":"IDN.2.9_1","NAME_2":"Tabanan","GID_3":"IDN.2.9.2_1","NAME_3":"Kediri","NAME_4":"Beraban","VARNAME_4":"NA","TYPE_4":"Desa","ENGTYPE_4":"Village","CC_4":"5102040003"},"geometry":{"type":"MultiPolygon","coordinates":[[[[115.1138,-8.6175],[115.1072,-8.6233],[115.0994,-8.6362],[115.0983,-8.6332],[115.089,-8.624],[115.0853,-8.6159],[115.0929,-8.6109],[115.0949,-8.6051],[115.0971,-8.604],[115.0967,-8.6015],[115.0999,-8.5981],[115.1052,-8.5973],[115.1092,-8.5923],[115.1107,-8.593],[115.1082,-8.6018],[115.1103,-8.6037],[115.1088,-8.6067],[115.1134,-8.6104],[115.1122,-8.6146],[115.1138,-8.6175]]]]}},{"type":"Feature","properties":{"GID_4":"IDN.2.9.2.6_1","GID_0":"IDN","COUNTRY":"Indonesia","GID_1":"IDN.2_1","NAME_1":"Bali","GID_2":"IDN.2.9_1","NAME_2":"Tabanan","GID_3":"IDN.2.9.2_1","NAME_3":"Kediri","NAME_4":"Cepaka","VARNAME_4":"NA","TYPE_4":"Desa","ENGTYPE_4":"Village","CC_4":"5102040005"},"geometry":{"type":"MultiPolygon","coordinates":[[[[115.1555,-8.594],[115.156,-8.6004],[115.1499,-8.6019],[115.1502,-8.6069],[115.1486,-8.606],[115.1442,-8.6107],[115.1408,-8.6106],[115.1414,-8.6127],[115.1397,-8.615],[115.1339,-8.6128],[115.138,-8.6112],[115.137,-8.6091],[115.1423,-8.607],[115.1445,-8.6044],[115.1433,-8.5977],[115.146,-8.5961],[115.1481,-8.5967],[115.1512,-8.5924],[115.1555,-8.594]]]]}},{"type":"Feature","properties":{"GID_4":"IDN.2.9.2.7_1","GID_0":"IDN","COUNTRY":"Indonesia","GID_1":"IDN.2_1","NAME_1":"Bali","GID_2":"IDN.2.9_1","NAME_2":"Tabanan","GID_3":"IDN.2.9.2_1","NAME_3":"Kediri","NAME_4":"Kaba-kaba","VARNAME_4":"NA","TYPE_4":"Desa","ENGTYPE_4":"Village","CC_4":"5102040006"},"geometry":{"type":"MultiPolygon","coordinates":[[[[115.1499,-8.5812],[115.1502,-8.5908],[115.1491,-8.5918],[115.1533,-8.5896],[115.1481,-8.5967],[115.146,-8.5961],[115.1433,-8.5977],[115.1451,-8.603],[115.1437,-8.6056],[115.1381,-8.6091],[115.129,-8.6083],[115.1253,-8.6095],[115.126,-8.6043],[115.1311,-8.6002],[115.1337,-8.5952],[115.1313,-8.5936],[115.1334,-8.5929],[115.1341,-8.5896],[115.1361,-8.5897],[115.1363,-8.5871],[115.1395,-8.5863],[115.1415,-8.5831],[115.148,-8.5831],[115.1499,-8.5812]]]]}},{"type":"Feature","properties":{"GID_4":"IDN.2.9.2.8_1","GID_0":"IDN","COUNTRY":"Indonesia","GID_1":"IDN.2_1","NAME_1":"Bali","GID_2":"IDN.2.9_1","NAME_2":"Tabanan","GID_3":"IDN.2.9.2_1","NAME_3":"Kediri","NAME_4":"Kediri","VARNAME_4":"NA","TYPE_4":"Desa","ENGTYPE_4":"Village","CC_4":"5102040013"},"geometry":{"type":"MultiPolygon","coordinates":[[[[115.1419,-8.5552],[115.1408,-8.5583],[115.1439,-8.5603],[115.1442,-8.5697],[115.1435,-8.5686],[115.1331,-8.5731],[115.1285,-8.5727],[115.1254,-8.5695],[115.1231,-8.5717],[115.122,-8.571],[115.1214,-8.5615],[115.1243,-8.5588],[115.1259,-8.5542],[115.1293,-8.5541],[115.1339,-8.5587],[115.1369,-8.5572],[115.1376,-8.5537],[115.1419,-8.5552]]]]}},{"type":"Feature","properties":{"GID_4":"IDN.2.9.2.9_1","GID_0":"IDN","COUNTRY":"Indonesia","GID_1":"IDN.2_1","NAME_1":"Bali","GID_2":"IDN.2.9_1","NAME_2":"Tabanan","GID_3":"IDN.2.9.2_1","NAME_3":"Kediri","NAME_4":"Nyambu","VARNAME_4":"NA","TYPE_4":"Desa","ENGTYPE_4":"Village","CC_4":"5102040012"},"geometry":{"type":"MultiPolygon","coordinates":[[[[115.1558,-8.5681],[115.1526,-8.5743],[115.1534,-8.578],[115.1483,-8.583],[115.1411,-8.5834],[115.1395,-8.5863],[115.1363,-8.5871],[115.1358,-8.59],[115.1338,-8.59],[115.1332,-8.5931],[115.1245,-8.5906],[115.1269,-8.5858],[115.1294,-8.5855],[115.1321,-8.5812],[115.1367,-8.5802],[115.145,-8.5714],[115.1486,-8.5732],[115.1499,-8.5666],[115.1533,-8.5639],[115.1566,-8.5646],[115.1558,-8.5681]]]]}},{"type":"Feature","properties":{"GID_4":"IDN.2.9.2.10_1","GID_0":"IDN","COUNTRY":"Indonesia","GID_1":"IDN.2_1","NAME_1":"Bali","GID_2":"IDN.2.9_1","NAME_2":"Tabanan","GID_3":"IDN.2.9.2_1","NAME_3":"Kediri","NAME_4":"Nyitdah","VARNAME_4":"NA","TYPE_4":"Desa","ENGTYPE_4":"Village","CC_4":"5102040010"},"geometry":{"type":"MultiPolygon","coordinates":[[[[115.1129,-8.5903],[115.1083,-8.5864],[115.1043,-8.586],[115.1011,-8.5837],[115.1065,-8.5792],[115.1119,-8.5779],[115.1135,-8.5748],[115.1187,-8.5735],[115.1211,-8.5711],[115.1231,-8.5717],[115.1249,-8.5696],[115.1285,-8.5727],[115.1299,-8.5722],[115.1305,-8.5731],[115.1273,-8.5744],[115.1239,-8.5813],[115.1196,-8.5833],[115.1194,-8.5851],[115.1129,-8.5903]]]]}},{"type":"Feature","properties":{"GID_4":"IDN.2.9.2.11_1","GID_0":"IDN","COUNTRY":"Indonesia","GID_1":"IDN.2_1","NAME_1":"Bali","GID_2":"IDN.2.9_1","NAME_2":"Tabanan","GID_3":"IDN.2.9.2_1","NAME_3":"Kediri","NAME_4":"PandakBandung","VARNAME_4":"NA","TYPE_4":"Desa","ENGTYPE_4":"Village","CC_4":"5102040011"},"geometry":{"type":"MultiPolygon","coordinates":[[[[115.1442,-8.5697],[115.1439,-8.5739],[115.136,-8.5807],[115.1321,-8.5812],[115.129,-8.5845],[115.1243,-8.5808],[115.1273,-8.5744],[115.1435,-8.5686],[115.1442,-8.5697]]]]}},{"type":"Feature","properties":{"GID_4":"IDN.2.9.2.12_1","GID_0":"IDN","COUNTRY":"Indonesia","GID_1":"IDN.2_1","NAME_1":"Bali","GID_2":"IDN.2.9_1","NAME_2":"Tabanan","GID_3":"IDN.2.9.2_1","NAME_3":"Kediri","NAME_4":"PandakGede","VARNAME_4":"NA","TYPE_4":"Desa","ENGTYPE_4":"Village","CC_4":"5102040007"},"geometry":{"type":"MultiPolygon","coordinates":[[[[115.1165,-8.6169],[115.1138,-8.6175],[115.1122,-8.6146],[115.1134,-8.6104],[115.1088,-8.6067],[115.1103,-8.6037],[115.1082,-8.6018],[115.1107,-8.593],[115.1092,-8.5923],[115.1246,-8.5807],[115.1294,-8.5855],[115.1269,-8.5858],[115.1245,-8.5906],[115.1337,-8.5952],[115.1296,-8.6027],[115.126,-8.6043],[115.1253,-8.6095],[115.1196,-8.6112],[115.1165,-8.6169]]]]}},{"type":"Feature","properties":{"GID_4":"IDN.2.9.2.13_1","GID_0":"IDN","COUNTRY":"Indonesia","GID_1":"IDN.2_1","NAME_1":"Bali","GID_2":"IDN.2.9_1","NAME_2":"Tabanan","GID_3":"IDN.2.9.2_1","NAME_3":"Kediri","NAME_4":"PangkungTibah","VARNAME_4":"NA","TYPE_4":"Desa","ENGTYPE_4":"Village","CC_4":"5102040001"},"geometry":{"type":"MultiPolygon","coordinates":[[[[115.0939,-8.5922],[115.0892,-8.6026],[115.0854,-8.6058],[115.083,-8.6041],[115.0809,-8.6058],[115.0712,-8.5935],[115.0716,-8.5883],[115.0746,-8.5875],[115.0749,-8.5904],[115.0841,-8.5953],[115.0885,-8.5896],[115.0939,-8.5922]]]]}},{"type":"Feature","properties":{"GID_4":"IDN.2.9.2.14_1","GID_0":"IDN","COUNTRY":"Indonesia","GID_1":"IDN.2_1","NAME_1":"Bali","GID_2":"IDN.2.9_1","NAME_2":"Tabanan","GID_3":"IDN.2.9.2_1","NAME_3":"Kediri","NAME_4":"Pejaten","VARNAME_4":"NA","TYPE_4":"Desa","ENGTYPE_4":"Village","CC_4":"5102040009"},"geometry":{"type":"MultiPolygon","coordinates":[[[[115.1019,-8.5827],[115.0981,-8.5793],[115.0982,-8.5767],[115.1009,-8.5735],[115.102,-8.5741],[115.1104,-8.5692],[115.1126,-8.5725],[115.1145,-8.5694],[115.1182,-8.5695],[115.1214,-8.5671],[115.1227,-8.5682],[115.1194,-8.5731],[115.1135,-8.5748],[115.1119,-8.5779],[115.1068,-8.579],[115.1047,-8.5819],[115.1019,-8.5827]]]]}},{"type":"Feature","properties":{"GID_4":"IDN.2.9.3.1_1","GID_0":"IDN","COUNTRY":"Indonesia","GID_1":"IDN.2_1","NAME_1":"Bali","GID_2":"IDN.2.9_1","NAME_2":"Tabanan","GID_3":"IDN.2.9.3_1","NAME_3":"Kerambitan","NAME_4":"Batuaji","VARNAME_4":"NA","TYPE_4":"Desa","ENGTYPE_4":"Village","CC_4":"5102020013"},"geometry":{"type":"MultiPolygon","coordinates":[[[[115.1055,-8.4977],[115.1117,-8.4868],[115.116,-8.4884],[115.1158,-8.4994],[115.1135,-8.5006],[115.1112,-8.506],[115.1111,-8.5119],[115.1137,-8.5195],[115.1068,-8.5273],[115.1031,-8.5251],[115.1011,-8.526],[115.1003,-8.5216],[115.0964,-8.5178],[115.0979,-8.5126],[115.1056,-8.5043],[115.1055,-8.4977]]]]}},{"type":"Feature","properties":{"GID_4":"IDN.2.9.3.2_1","GID_0":"IDN","COUNTRY":"Indonesia","GID_1":"IDN.2_1","NAME_1":"Bali","GID_2":"IDN.2.9_1","NAME_2":"Tabanan","GID_3":"IDN.2.9.3_1","NAME_3":"Kerambitan","NAME_4":"Baturiti","VARNAME_4":"NA","TYPE_4":"Desa","ENGTYPE_4":"Village","CC_4":"5102020009"},"geometry":{"type":"MultiPolygon","coordinates":[[[[115.0741,-8.5363],[115.0739,-8.5342],[115.0703,-8.5315],[115.0775,-8.5278],[115.08,-8.5205],[115.0867,-8.5205],[115.0874,-8.5278],[115.0899,-8.5298],[115.0887,-8.5339],[115.0908,-8.5344],[115.0902,-8.5358],[115.0889,-8.5374],[115.0853,-8.5375],[115.0823,-8.5447],[115.0791,-8.5432],[115.0805,-8.5408],[115.0741,-8.5363]]]]}},{"type":"Feature","properties":{"GID_4":"IDN.2.9.3.3_1","GID_0":"IDN","COUNTRY":"Indonesia","GID_1":"IDN.2_1","NAME_1":"Bali","GID_2":"IDN.2.9_1","NAME_2":"Tabanan","GID_3":"IDN.2.9.3_1","NAME_3":"Kerambitan","NAME_4":"Belumbang","VARNAME_4":"NA","TYPE_4":"Desa","ENGTYPE_4":"Village","CC_4":"5102020004"},"geometry":{"type":"MultiPolygon","coordinates":[[[[115.0735,-8.5359],[115.0739,-8.5369],[115.0711,-8.5386],[115.0726,-8.5401],[115.0701,-8.5435],[115.0722,-8.5487],[115.0698,-8.5513],[115.0701,-8.555],[115.0614,-8.5621],[115.0526,-8.5577],[115.0521,-8.5546],[115.0551,-8.5542],[115.057,-8.55],[115.0596,-8.5498],[115.0626,-8.5461],[115.0673,-8.5449],[115.0688,-8.541],[115.0715,-8.5409],[115.0704,-8.5379],[115.0735,-8.5359]]]]}},{"type":"Feature","properties":{"GID_4":"IDN.2.9.3.4_1","GID_0":"IDN","COUNTRY":"Indonesia","GID_1":"IDN.2_1","NAME_1":"Bali","GID_2":"IDN.2.9_1","NAME_2":"Tabanan","GID_3":"IDN.2.9.3_1","NAME_3":"Kerambitan","NAME_4":"Kelating","VARNAME_4":"NA","TYPE_4":"Desa","ENGTYPE_4":"Village","CC_4":"5102020002"},"geometry":{"type":"MultiPolygon","coordinates":[[[[115.0614,-8.5621],[115.0626,-8.5607],[115.0733,-8.5668],[115.0746,-8.5692],[115.0724,-8.5719],[115.0698,-8.5705],[115.0688,-8.5715],[115.0712,-8.5749],[115.0699,-8.5786],[115.0657,-8.5787],[115.0612,-8.5825],[115.0533,-8.5766],[115.0515,-8.577],[115.0518,-8.5753],[115.0481,-8.5723],[115.0556,-8.5713],[115.0595,-8.5674],[115.059,-8.5653],[115.0613,-8.5649],[115.0614,-8.5621]]]]}},{"type":"Feature","properties":{"GID_4":"IDN.2.9.3.5_1","GID_0":"IDN","COUNTRY":"Indonesia","GID_1":"IDN.2_1","NAME_1":"Bali","GID_2":"IDN.2.9_1","NAME_2":"Tabanan","GID_3":"IDN.2.9.3_1","NAME_3":"Kerambitan","NAME_4":"Kerambitan","VARNAME_4":"NA","TYPE_4":"Desa","ENGTYPE_4":"Village","CC_4":"5102020006"},"geometry":{"type":"MultiPolygon","coordinates":[[[[115.0791,-8.5432],[115.0845,-8.5457],[115.0842,-8.5497],[115.0826,-8.5502],[115.0817,-8.5539],[115.0791,-8.5552],[115.078,-8.5581],[115.0695,-8.5559],[115.0706,-8.5497],[115.0769,-8.5481],[115.0791,-8.5432]]]]}},{"type":"Feature","properties":{"GID_4":"IDN.2.9.3.6_1","GID_0":"IDN","COUNTRY":"Indonesia","GID_1":"IDN.2_1","NAME_1":"Bali","GID_2":"IDN.2.9_1","NAME_2":"Tabanan","GID_3":"IDN.2.9.3_1","NAME_3":"Kerambitan","NAME_4":"Kesiut","VARNAME_4":"NA","TYPE_4":"Desa","ENGTYPE_4":"Village","CC_4":"5102020014"},"geometry":{"type":"MultiPolygon","coordinates":[[[[115.116,-8.4884],[115.1117,-8.4868],[115.1064,-8.4969],[115.1022,-8.4958],[115.1045,-8.491],[115.1027,-8.4873],[115.1057,-8.483],[115.1028,-8.4809],[115.1109,-8.4748],[115.1199,-8.4805],[115.1197,-8.4834],[115.1177,-8.4837],[115.116,-8.4884]]]]}},{"type":"Feature","properties":{"GID_4":"IDN.2.9.3.7_1","GID_0":"IDN","COUNTRY":"Indonesia","GID_1":"IDN.2_1","NAME_1":"Bali","GID_2":"IDN.2.9_1","NAME_2":"Tabanan","GID_3":"IDN.2.9.3_1","NAME_3":"Kerambitan","NAME_4":"Kukuh","VARNAME_4":"NA","TYPE_4":"Desa","ENGTYPE_4":"Village","CC_4":"5102020008"},"geometry":{"type":"MultiPolygon","coordinates":[[[[115.0823,-8.5447],[115.0853,-8.5375],[115.0889,-8.5374],[115.0904,-8.5355],[115.0908,-8.5344],[115.0887,-8.5339],[115.0899,-8.5305],[115.0984,-8.5324],[115.1049,-8.5364],[115.1003,-8.5379],[115.0949,-8.5441],[115.0898,-8.5455],[115.0888,-8.5483],[115.0854,-8.5502],[115.0838,-8.55],[115.0845,-8.5457],[115.0823,-8.5447]]]]}},{"type":"Feature","properties":{"GID_4":"IDN.2.9.3.8_1","GID_0":"IDN","COUNTRY":"Indonesia","GID_1":"IDN.2_1","NAME_1":"Bali","GID_2":"IDN.2.9_1","NAME_2":"Tabanan","GID_3":"IDN.2.9.3_1","NAME_3":"Kerambitan","NAME_4":"Meliling","VARNAME_4":"NA","TYPE_4":"Desa","ENGTYPE_4":"Village","CC_4":"5102020010"},"geometry":{"type":"MultiPolygon","coordinates":[[[[115.0867,-8.5205],[115.08,-8.5205],[115.0778,-8.5274],[115.0733,-8.5307],[115.0724,-8.5298],[115.0714,-8.5204],[115.0766,-8.5073],[115.0748,-8.5046],[115.0775,-8.5035],[115.0754,-8.5017],[115.078,-8.5007],[115.0765,-8.499],[115.0784,-8.4977],[115.0872,-8.5005],[115.0854,-8.5032],[115.0861,-8.5076],[115.0847,-8.5088],[115.084,-8.5153],[115.0867,-8.5205]]]]}},{"type":"Feature","properties":{"GID_4":"IDN.2.9.3.9_1","GID_0":"IDN","COUNTRY":"Indonesia","GID_1":"IDN.2_1","NAME_1":"Bali","GID_2":"IDN.2.9_1","NAME_2":"Tabanan","GID_3":"IDN.2.9.3_1","NAME_3":"Kerambitan","NAME_4":"PangkungKarung","VARNAME_4":"NA","TYPE_4":"Desa","ENGTYPE_4":"Village","CC_4":"5102020007"},"geometry":{"type":"MultiPolygon","coordinates":[[[[115.0807,-8.555],[115.0827,-8.5501],[115.0862,-8.5498],[115.0889,-8.5482],[115.0898,-8.5455],[115.0949,-8.5441],[115.1003,-8.5379],[115.1049,-8.5371],[115.1076,-8.5393],[115.108,-8.5448],[115.104,-8.5501],[115.0963,-8.5545],[115.0807,-8.555]]]]}},{"type":"Feature","properties":{"GID_4":"IDN.2.9.3.10_1","GID_0":"IDN","COUNTRY":"Indonesia","GID_1":"IDN.2_1","NAME_1":"Bali","GID_2":"IDN.2.9_1","NAME_2":"Tabanan","GID_3":"IDN.2.9.3_1","NAME_3":"Kerambitan","NAME_4":"Penarukan","VARNAME_4":"NA","TYPE_4":"Desa","ENGTYPE_4":"Village","CC_4":"5102020003"},"geometry":{"type":"MultiPolygon","coordinates":[[[[115.0633,-8.5612],[115.0681,-8.5553],[115.0782,-8.5589],[115.0749,-8.5622],[115.0752,-8.5648],[115.0733,-8.5668],[115.0633,-8.5612]]]]}},{"type":"Feature","properties":{"GID_4":"IDN.2.9.3.11_1","GID_0":"IDN","COUNTRY":"Indonesia","GID_1":"IDN.2_1","NAME_1":"Bali","GID_2":"IDN.2.9_1","NAME_2":"Tabanan","GID_3":"IDN.2.9.3_1","NAME_3":"Kerambitan","NAME_4":"Samsam","VARNAME_4":"NA","TYPE_4":"Desa","ENGTYPE_4":"Village","CC_4":"5102020012"},"geometry":{"type":"MultiPolygon","coordinates":[[[[115.0974,-8.5186],[115.1003,-8.5216],[115.1011,-8.526],[115.1031,-8.5251],[115.1068,-8.5273],[115.1182,-8.514],[115.1217,-8.5151],[115.1206,-8.5233],[115.1173,-8.5264],[115.1157,-8.5315],[115.1093,-8.5362],[115.1081,-8.5417],[115.1049,-8.5364],[115.0984,-8.5328],[115.0976,-8.5299],[115.0996,-8.5267],[115.0963,-8.5231],[115.0974,-8.5186]]]]}},{"type":"Feature","properties":{"GID_4":"IDN.2.9.3.12_1","GID_0":"IDN","COUNTRY":"Indonesia","GID_1":"IDN.2_1","NAME_1":"Bali","GID_2":"IDN.2.9_1","NAME_2":"Tabanan","GID_3":"IDN.2.9.3_1","NAME_3":"Kerambitan","NAME_4":"SembungGede","VARNAME_4":"NA","TYPE_4":"Desa","ENGTYPE_4":"Village","CC_4":"5102020011"},"geometry":{"type":"MultiPolygon","coordinates":[[[[115.1055,-8.4977],[115.1047,-8.5061],[115.0963,-8.5151],[115.0974,-8.5186],[115.0963,-8.5231],[115.0996,-8.5267],[115.0976,-8.5299],[115.0984,-8.5324],[115.0922,-8.5315],[115.0873,-8.5275],[115.0865,-8.5197],[115.084,-8.5153],[115.0847,-8.5088],[115.0992,-8.4941],[115.1031,-8.4881],[115.1045,-8.491],[115.1022,-8.4958],[115.1055,-8.4977]]]]}},{"type":"Feature","properties":{"GID_4":"IDN.2.9.3.13_1","GID_0":"IDN","COUNTRY":"Indonesia","GID_1":"IDN.2_1","NAME_1":"Bali","GID_2":"IDN.2.9_1","NAME_2":"Tabanan","GID_3":"IDN.2.9.3_1","NAME_3":"Kerambitan","NAME_4":"Tibubiyu","VARNAME_4":"NA","TYPE_4":"Desa","ENGTYPE_4":"Village","CC_4":"5102020001"},"geometry":{"type":"MultiPolygon","coordinates":[[[[115.0516,-8.5566],[115.0617,-8.5631],[115.0556,-8.5713],[115.0508,-8.5728],[115.0459,-8.5711],[115.0317,-8.5595],[115.034,-8.5588],[115.0362,-8.5607],[115.0385,-8.5591],[115.0418,-8.5597],[115.0485,-8.5549],[115.0516,-8.5566]]]]}},{"type":"Feature","properties":{"GID_4":"IDN.2.9.3.14_1","GID_0":"IDN","COUNTRY":"Indonesia","GID_1":"IDN.2_1","NAME_1":"Bali","GID_2":"IDN.2.9_1","NAME_2":"Tabanan","GID_3":"IDN.2.9.3_1","NAME_3":"Kerambitan","NAME_4":"Timpag","VARNAME_4":"NA","TYPE_4":"Desa","ENGTYPE_4":"Village","CC_4":"5102020015"},"geometry":{"type":"MultiPolygon","coordinates":[[[[115.1109,-8.4748],[115.1028,-8.4809],[115.1057,-8.483],[115.1027,-8.4873],[115.1029,-8.4897],[115.086,-8.508],[115.0854,-8.5032],[115.0872,-8.5005],[115.0765,-8.4961],[115.0782,-8.4947],[115.0786,-8.4904],[115.0811,-8.4898],[115.0804,-8.4876],[115.0823,-8.488],[115.0833,-8.4852],[115.0893,-8.4822],[115.0898,-8.4794],[115.0921,-8.4788],[115.0938,-8.4759],[115.0951,-8.4763],[115.098,-8.471],[115.0991,-8.4726],[115.1025,-8.4709],[115.1021,-8.4727],[115.1039,-8.4734],[115.1096,-8.4726],[115.1109,-8.4748]]]]}},{"type":"Feature","properties":{"GID_4":"IDN.2.9.3.15_1","GID_0":"IDN","COUNTRY":"Indonesia","GID_1":"IDN.2_1","NAME_1":"Bali","GID_2":"IDN.2.9_1","NAME_2":"Tabanan","GID_3":"IDN.2.9.3_1","NAME_3":"Kerambitan","NAME_4":"Tista","VARNAME_4":"NA","TYPE_4":"Desa","ENGTYPE_4":"Village","CC_4":"5102020005"},"geometry":{"type":"MultiPolygon","coordinates":[[[[115.0741,-8.5363],[115.0807,-8.5413],[115.0756,-8.549],[115.0722,-8.5487],[115.0701,-8.5435],[115.0726,-8.5401],[115.0711,-8.5386],[115.0741,-8.5363]]]]}},{"type":"Feature","properties":{"GID_4":"IDN.2.9.4.1_1","GID_0":"IDN","COUNTRY":"Indonesia","GID_1":"IDN.2_1","NAME_1":"Bali","GID_2":"IDN.2.9_1","NAME_2":"Tabanan","GID_3":"IDN.2.9.4_1","NAME_3":"Marga","NAME_4":"Batannyuh","VARNAME_4":"NA","TYPE_4":"Desa","ENGTYPE_4":"Village","CC_4":"5102050005"},"geometry":{"type":"MultiPolygon","coordinates":[[[[115.1824,-8.4985],[115.1778,-8.5044],[115.1772,-8.5099],[115.1739,-8.5154],[115.1721,-8.513],[115.1633,-8.5134],[115.1628,-8.5069],[115.1647,-8.5039],[115.1704,-8.5045],[115.1727,-8.5024],[115.1727,-8.4998],[115.1824,-8.4985]]]]}},{"type":"Feature","properties":{"GID_4":"IDN.2.9.4.2_1","GID_0":"IDN","COUNTRY":"Indonesia","GID_1":"IDN.2_1","NAME_1":"Bali","GID_2":"IDN.2.9_1","NAME_2":"Tabanan","GID_3":"IDN.2.9.4_1","NAME_3":"Marga","NAME_4":"Beringkit","VARNAME_4":"NA","TYPE_4":"Desa","ENGTYPE_4":"Village","CC_4":"5102050003"},"geometry":{"type":"MultiPolygon","coordinates":[[[[115.1639,-8.5326],[115.1631,-8.5386],[115.1603,-8.5355],[115.1562,-8.534],[115.1573,-8.5281],[115.1639,-8.5172],[115.1672,-8.5189],[115.1675,-8.5234],[115.1637,-8.5291],[115.1639,-8.5326]]]]}},{"type":"Feature","properties":{"GID_4":"IDN.2.9.4.3_1","GID_0":"IDN","COUNTRY":"Indonesia","GID_1":"IDN.2_1","NAME_1":"Bali","GID_2":"IDN.2.9_1","NAME_2":"Tabanan","GID_3":"IDN.2.9.4_1","NAME_3":"Marga","NAME_4":"Caubelayu","VARNAME_4":"NA","TYPE_4":"Desa","ENGTYPE_4":"Village","CC_4":"5102050007"},"geometry":{"type":"MultiPolygon","coordinates":[[[[115.2023,-8.4894],[115.1954,-8.4897],[115.1949,-8.4883],[115.1991,-8.4723],[115.1969,-8.4619],[115.1994,-8.4577],[115.199,-8.4526],[115.2019,-8.444],[115.2031,-8.444],[115.2055,-8.445],[115.2049,-8.4474],[115.2117,-8.4513],[115.2119,-8.4532],[115.2104,-8.4561],[115.2111,-8.4578],[115.2067,-8.4609],[115.2075,-8.4634],[115.2031,-8.4701],[115.2044,-8.4821],[115.2023,-8.4894]]]]}},{"type":"Feature","properties":{"GID_4":"IDN.2.9.4.4_1","GID_0":"IDN","COUNTRY":"Indonesia","GID_1":"IDN.2_1","NAME_1":"Bali","GID_2":"IDN.2.9_1","NAME_2":"Tabanan","GID_3":"IDN.2.9.4_1","NAME_3":"Marga","NAME_4":"DajanPuri","VARNAME_4":"NA","TYPE_4":"Desa","ENGTYPE_4":"Village","CC_4":"5102050014"},"geometry":{"type":"MultiPolygon","coordinates":[[[[115.1763,-8.4565],[115.1733,-8.4684],[115.1689,-8.4666],[115.1682,-8.4684],[115.1668,-8.4678],[115.1664,-8.4659],[115.1683,-8.4649],[115.1712,-8.4575],[115.1733,-8.4556],[115.1763,-8.4565]]]]}},{"type":"Feature","properties":{"GID_4":"IDN.2.9.4.5_1","GID_0":"IDN","COUNTRY":"Indonesia","GID_1":"IDN.2_1","NAME_1":"Bali","GID_2":"IDN.2.9_1","NAME_2":"Tabanan","GID_3":"IDN.2.9.4_1","NAME_3":"Marga","NAME_4":"DauhPuri","VARNAME_4":"NA","TYPE_4":"Desa","ENGTYPE_4":"Village","CC_4":"5102050013"},"geometry":{"type":"MultiPolygon","coordinates":[[[[115.158,-8.4599],[115.1664,-8.4659],[115.1647,-8.4669],[115.1637,-8.473],[115.16,-8.475],[115.1562,-8.4803],[115.1543,-8.4882],[115.1531,-8.4791],[115.1557,-8.4672],[115.1539,-8.4655],[115.1555,-8.4606],[115.158,-8.4599]]]]}},{"type":"Feature","properties":{"GID_4":"IDN.2.9.4.6_1","GID_0":"IDN","COUNTRY":"Indonesia","GID_1":"IDN.2_1","NAME_1":"Bali","GID_2":"IDN.2.9_1","NAME_2":"Tabanan","GID_3":"IDN.2.9.4_1","NAME_3":"Marga","NAME_4":"Geluntung","VARNAME_4":"NA","TYPE_4":"Desa","ENGTYPE_4":"Village","CC_4":"5102050015"},"geometry":{"type":"MultiPolygon","coordinates":[[[[115.1733,-8.4556],[115.167,-8.466],[115.158,-8.4599],[115.1601,-8.4565],[115.1605,-8.4512],[115.1662,-8.4503],[115.1666,-8.4469],[115.1705,-8.4423],[115.173,-8.4422],[115.1747,-8.4461],[115.1734,-8.4492],[115.1757,-8.4507],[115.1733,-8.4556]]]]}},{"type":"Feature","properties":{"GID_4":"IDN.2.9.4.7_1","GID_0":"IDN","COUNTRY":"Indonesia","GID_1":"IDN.2_1","NAME_1":"Bali","GID_2":"IDN.2.9_1","NAME_2":"Tabanan","GID_3":"IDN.2.9.4_1","NAME_3":"Marga","NAME_4":"Kukuh","VARNAME_4":"NA","TYPE_4":"Desa","ENGTYPE_4":"Village","CC_4":"5102050002"},"geometry":{"type":"MultiPolygon","coordinates":[[[[115.1564,-8.5328],[115.1526,-8.5311],[115.1509,-8.5261],[115.149,-8.525],[115.1537,-8.5125],[115.1541,-8.5035],[115.1555,-8.4997],[115.1581,-8.4981],[115.1607,-8.5005],[115.1604,-8.5048],[115.163,-8.5062],[115.1635,-8.5148],[115.1564,-8.5328]]]]}},{"type":"Feature","properties":{"GID_4":"IDN.2.9.4.8_1","GID_0":"IDN","COUNTRY":"Indonesia","GID_1":"IDN.2_1","NAME_1":"Bali","GID_2":"IDN.2.9_1","NAME_2":"Tabanan","GID_3":"IDN.2.9.4_1","NAME_3":"Marga","NAME_4":"Kuwum","VARNAME_4":"NA","TYPE_4":"Desa","ENGTYPE_4":"Village","CC_4":"5102050006"},"geometry":{"type":"MultiPolygon","coordinates":[[[[115.1727,-8.4998],[115.1727,-8.5024],[115.1704,-8.5045],[115.165,-8.5038],[115.163,-8.5062],[115.1604,-8.5048],[115.1607,-8.5005],[115.158,-8.4979],[115.1601,-8.484],[115.1722,-8.4829],[115.1697,-8.4903],[115.1727,-8.4998]]]]}},{"type":"Feature","properties":{"GID_4":"IDN.2.9.4.9_1","GID_0":"IDN","COUNTRY":"Indonesia","GID_1":"IDN.2_1","NAME_1":"Bali","GID_2":"IDN.2.9_1","NAME_2":"Tabanan","GID_3":"IDN.2.9.4_1","NAME_3":"Marga","NAME_4":"Marga","VARNAME_4":"NA","TYPE_4":"Desa","ENGTYPE_4":"Village","CC_4":"5102050009"},"geometry":{"type":"MultiPolygon","coordinates":[[[[115.1664,-8.4659],[115.1673,-8.4681],[115.1689,-8.4666],[115.1734,-8.4684],[115.1714,-8.4764],[115.1722,-8.4829],[115.1571,-8.4834],[115.1549,-8.4863],[115.1562,-8.4803],[115.16,-8.475],[115.1637,-8.473],[115.1647,-8.4669],[115.1664,-8.4659]]]]}},{"type":"Feature","properties":{"GID_4":"IDN.2.9.4.10_1","GID_0":"IDN","COUNTRY":"Indonesia","GID_1":"IDN.2_1","NAME_1":"Bali","GID_2":"IDN.2.9_1","NAME_2":"Tabanan","GID_3":"IDN.2.9.4_1","NAME_3":"Marga","NAME_4":"Payangan","VARNAME_4":"NA","TYPE_4":"Desa","ENGTYPE_4":"Village","CC_4":"5102050012"},"geometry":{"type":"MultiPolygon","coordinates":[[[[115.1663,-8.3904],[115.1734,-8.3904],[115.1753,-8.397],[115.173,-8.4076],[115.1756,-8.4179],[115.1729,-8.4275],[115.173,-8.4422],[115.1705,-8.4423],[115.17,-8.4444],[115.1681,-8.4449],[115.1662,-8.4503],[115.1605,-8.4512],[115.1599,-8.4569],[115.1551,-8.4612],[115.1547,-8.4577],[115.1566,-8.4575],[115.1577,-8.4538],[115.1578,-8.447],[115.16,-8.4447],[115.1598,-8.4374],[115.1654,-8.4263],[115.1689,-8.4228],[115.1712,-8.4154],[115.1697,-8.4082],[115.1703,-8.3994],[115.1663,-8.3904]]]]}},{"type":"Feature","properties":{"GID_4":"IDN.2.9.4.11_1","GID_0":"IDN","COUNTRY":"Indonesia","GID_1":"IDN.2_1","NAME_1":"Bali","GID_2":"IDN.2.9_1","NAME_2":"Tabanan","GID_3":"IDN.2.9.4_1","NAME_3":"Marga","NAME_4":"PekenBelayu","VARNAME_4":"NA","TYPE_4":"Desa","ENGTYPE_4":"Village","CC_4":"5102050004"},"geometry":{"type":"MultiPolygon","coordinates":[[[[115.1663,-8.5329],[115.1634,-8.5318],[115.1641,-8.5281],[115.1664,-8.5266],[115.1662,-8.5237],[115.1675,-8.5234],[115.1665,-8.5223],[115.1674,-8.5196],[115.1633,-8.5173],[115.1633,-8.5134],[115.1729,-8.5132],[115.1739,-8.5154],[115.172,-8.518],[115.171,-8.5257],[115.1663,-8.5329]]]]}},{"type":"Feature","properties":{"GID_4":"IDN.2.9.4.12_1","GID_0":"IDN","COUNTRY":"Indonesia","GID_1":"IDN.2_1","NAME_1":"Bali","GID_2":"IDN.2.9_1","NAME_2":"Tabanan","GID_3":"IDN.2.9.4_1","NAME_3":"Marga","NAME_4":"Petiga","VARNAME_4":"NA","TYPE_4":"Desa","ENGTYPE_4":"Village","CC_4":"5102050010"},"geometry":{"type":"MultiPolygon","coordinates":[[[[115.1878,-8.4427],[115.1872,-8.4454],[115.184,-8.4457],[115.1842,-8.4474],[115.1794,-8.4508],[115.1769,-8.4562],[115.1734,-8.4558],[115.1757,-8.4507],[115.1734,-8.4492],[115.1748,-8.4467],[115.173,-8.4422],[115.1728,-8.4286],[115.1755,-8.4163],[115.1775,-8.4198],[115.178,-8.4271],[115.1806,-8.4271],[115.1817,-8.4329],[115.1858,-8.438],[115.1878,-8.4383],[115.1878,-8.4427]]]]}},{"type":"Feature","properties":{"GID_4":"IDN.2.9.4.13_1","GID_0":"IDN","COUNTRY":"Indonesia","GID_1":"IDN.2_1","NAME_1":"Bali","GID_2":"IDN.2.9_1","NAME_2":"Tabanan","GID_3":"IDN.2.9.4_1","NAME_3":"Marga","NAME_4":"Selanbawak","VARNAME_4":"NA","TYPE_4":"Desa","ENGTYPE_4":"Village","CC_4":"5102050008"},"geometry":{"type":"MultiPolygon","coordinates":[[[[115.1739,-8.464],[115.1802,-8.4656],[115.1766,-8.4871],[115.1829,-8.4884],[115.1824,-8.4985],[115.178,-8.4999],[115.1727,-8.4998],[115.1699,-8.4927],[115.1723,-8.4829],[115.1714,-8.4764],[115.1739,-8.464]]]]}},{"type":"Feature","properties":{"GID_4":"IDN.2.9.4.14_1","GID_0":"IDN","COUNTRY":"Indonesia","GID_1":"IDN.2_1","NAME_1":"Bali","GID_2":"IDN.2.9_1","NAME_2":"Tabanan","GID_3":"IDN.2.9.4_1","NAME_3":"Marga","NAME_4":"Tegaljadi","VARNAME_4":"NA","TYPE_4":"Desa","ENGTYPE_4":"Village","CC_4":"5102050001"},"geometry":{"type":"MultiPolygon","coordinates":[[[[115.1512,-8.5173],[115.1445,-8.5142],[115.1549,-8.4863],[115.1571,-8.4834],[115.1591,-8.4834],[115.1602,-8.4863],[115.1587,-8.4891],[115.1593,-8.4943],[115.1541,-8.5035],[115.1537,-8.5125],[115.1512,-8.5173]]]]}},{"type":"Feature","properties":{"GID_4":"IDN.2.9.4.15_1","GID_0":"IDN","COUNTRY":"Indonesia","GID_1":"IDN.2_1","NAME_1":"Bali","GID_2":"IDN.2.9_1","NAME_2":"Tabanan","GID_3":"IDN.2.9.4_1","NAME_3":"Marga","NAME_4":"Tua","VARNAME_4":"NA","TYPE_4":"Desa","ENGTYPE_4":"Village","CC_4":"5102050011"},"geometry":{"type":"MultiPolygon","coordinates":[[[[115.1734,-8.3903],[115.1727,-8.3862],[115.1746,-8.3775],[115.1726,-8.3713],[115.1749,-8.3706],[115.1799,-8.3856],[115.1814,-8.3857],[115.1824,-8.3915],[115.1859,-8.3918],[115.191,-8.4045],[115.19,-8.4104],[115.1876,-8.4114],[115.1854,-8.4161],[115.1836,-8.4249],[115.18,-8.4275],[115.178,-8.4271],[115.1775,-8.4198],[115.173,-8.41],[115.1753,-8.399],[115.1734,-8.3903]]],[[[115.1706,-8.364],[115.1722,-8.3632],[115.1747,-8.3698],[115.1722,-8.3695],[115.1706,-8.364]]]]}},{"type":"Feature","properties":{"GID_4":"IDN.2.9.5.1_1","GID_0":"IDN","COUNTRY":"Indonesia","GID_1":"IDN.2_1","NAME_1":"Bali","GID_2":"IDN.2.9_1","NAME_2":"Tabanan","GID_3":"IDN.2.9.5_1","NAME_3":"Penebel","NAME_4":"Babahan","VARNAME_4":"NA","TYPE_4":"Desa","ENGTYPE_4":"Village","CC_4":"5102070012"},"geometry":{"type":"MultiPolygon","coordinates":[[[[115.1577,-8.3962],[115.1574,-8.4108],[115.1531,-8.4107],[115.1508,-8.4075],[115.1478,-8.4088],[115.14,-8.4049],[115.1446,-8.3988],[115.1462,-8.3917],[115.1427,-8.3757],[115.1491,-8.3709],[115.1533,-8.3825],[115.1561,-8.3855],[115.1555,-8.3904],[115.1577,-8.3962]]]]}},{"type":"Feature","properties":{"GID_4":"IDN.2.9.5.2_1","GID_0":"IDN","COUNTRY":"Indonesia","GID_1":"IDN.2_1","NAME_1":"Bali","GID_2":"IDN.2.9_1","NAME_2":"Tabanan","GID_3":"IDN.2.9.5_1","NAME_3":"Penebel","NAME_4":"Biaung","VARNAME_4":"NA","TYPE_4":"Desa","ENGTYPE_4":"Village","CC_4":"5102070011"},"geometry":{"type":"MultiPolygon","coordinates":[[[[115.1661,-8.3912],[115.1703,-8.3994],[115.1704,-8.4189],[115.1605,-8.4352],[115.1548,-8.4358],[115.1523,-8.4335],[115.1594,-8.4154],[115.1588,-8.4113],[115.1574,-8.4108],[115.1577,-8.3962],[115.1638,-8.3979],[115.1644,-8.3916],[115.1661,-8.3912]]]]}},{"type":"Feature","properties":{"GID_4":"IDN.2.9.5.3_1","GID_0":"IDN","COUNTRY":"Indonesia","GID_1":"IDN.2_1","NAME_1":"Bali","GID_2":"IDN.2.9_1","NAME_2":"Tabanan","GID_3":"IDN.2.9.5_1","NAME_3":"Penebel","NAME_4":"Buruan","VARNAME_4":"NA","TYPE_4":"Desa","ENGTYPE_4":"Village","CC_4":"5102070004"},"geometry":{"type":"MultiPolygon","coordinates":[[[[115.1271,-8.4658],[115.1346,-8.4527],[115.1347,-8.446],[115.1371,-8.446],[115.1383,-8.4402],[115.1415,-8.441],[115.1387,-8.4554],[115.1432,-8.463],[115.1423,-8.4735],[115.1375,-8.4738],[115.1371,-8.4719],[115.1344,-8.4704],[115.1355,-8.4656],[115.1303,-8.4673],[115.1271,-8.4658]]]]}},{"type":"Feature","properties":{"GID_4":"IDN.2.9.5.4_1","GID_0":"IDN","COUNTRY":"Indonesia","GID_1":"IDN.2_1","NAME_1":"Bali","GID_2":"IDN.2.9_1","NAME_2":"Tabanan","GID_3":"IDN.2.9.5_1","NAME_3":"Penebel","NAME_4":"Jatiluwih","VARNAME_4":"NA","TYPE_4":"Desa","ENGTYPE_4":"Village","CC_4":"5102070014"},"geometry":{"type":"MultiPolygon","coordinates":[[[[115.143,-8.3753],[115.1461,-8.39],[115.1451,-8.3961],[115.1415,-8.3833],[115.1394,-8.3813],[115.121,-8.3836],[115.1141,-8.3829],[115.1116,-8.3807],[115.0993,-8.3552],[115.097,-8.3409],[115.0915,-8.3344],[115.0952,-8.3324],[115.0976,-8.3274],[115.1046,-8.322],[115.1054,-8.3181],[115.1087,-8.3193],[115.1134,-8.3167],[115.1171,-8.3186],[115.1223,-8.3273],[115.1222,-8.3354],[115.1245,-8.3385],[115.1265,-8.3489],[115.1332,-8.3557],[115.1359,-8.3633],[115.1388,-8.3667],[115.1381,-8.3683],[115.1402,-8.3703],[115.1398,-8.3735],[115.143,-8.3753]]]]}},{"type":"Feature","properties":{"GID_4":"IDN.2.9.5.5_1","GID_0":"IDN","COUNTRY":"Indonesia","GID_1":"IDN.2_1","NAME_1":"Bali","GID_2":"IDN.2.9_1","NAME_2":"Tabanan","GID_3":"IDN.2.9.5_1","NAME_3":"Penebel","NAME_4":"Jegu","VARNAME_4":"NA","TYPE_4":"Desa","ENGTYPE_4":"Village","CC_4":"5102070002"},"geometry":{"type":"MultiPolygon","coordinates":[[[[115.1199,-8.4805],[115.1142,-8.4779],[115.1104,-8.4735],[115.1127,-8.4712],[115.1144,-8.4716],[115.1168,-8.4689],[115.1168,-8.4666],[115.1187,-8.4661],[115.121,-8.4553],[115.1237,-8.4532],[115.1301,-8.4399],[115.1316,-8.4401],[115.1346,-8.4455],[115.1346,-8.4527],[115.1287,-8.4642],[115.1202,-8.4724],[115.1199,-8.4805]]]]}},{"type":"Feature","properties":{"GID_4":"IDN.2.9.5.6_1","GID_0":"IDN","COUNTRY":"Indonesia","GID_1":"IDN.2_1","NAME_1":"Bali","GID_2":"IDN.2.9_1","NAME_2":"Tabanan","GID_3":"IDN.2.9.5_1","NAME_3":"Penebel","NAME_4":"Mengeste","VARNAME_4":"NA","TYPE_4":"Desa","ENGTYPE_4":"Village","CC_4":"5102070009"},"geometry":{"type":"MultiPolygon","coordinates":[[[[115.1451,-8.3961],[115.1431,-8.4018],[115.14,-8.4049],[115.1383,-8.4165],[115.1358,-8.418],[115.1281,-8.4178],[115.1233,-8.4116],[115.1141,-8.3829],[115.1234,-8.3837],[115.1394,-8.3813],[115.1415,-8.3833],[115.1451,-8.3961]]]]}},{"type":"Feature","properties":{"GID_4":"IDN.2.9.5.7_1","GID_0":"IDN","COUNTRY":"Indonesia","GID_1":"IDN.2_1","NAME_1":"Bali","GID_2":"IDN.2.9_1","NAME_2":"Tabanan","GID_3":"IDN.2.9.5_1","NAME_3":"Penebel","NAME_4":"Penatahan","VARNAME_4":"NA","TYPE_4":"Desa","ENGTYPE_4":"Village","CC_4":"5102070007"},"geometry":{"type":"MultiPolygon","coordinates":[[[[115.1301,-8.4399],[115.1237,-8.4532],[115.1211,-8.4552],[115.123,-8.4401],[115.1201,-8.439],[115.1115,-8.446],[115.1105,-8.4386],[115.1047,-8.4283],[115.1086,-8.4266],[115.1115,-8.4335],[115.1163,-8.4324],[115.1182,-8.4288],[115.1226,-8.4265],[115.1253,-8.4301],[115.1256,-8.4245],[115.128,-8.4233],[115.1281,-8.4178],[115.1315,-8.4179],[115.1341,-8.4241],[115.1329,-8.4354],[115.1301,-8.4399]]]]}},{"type":"Feature","properties":{"GID_4":"IDN.2.9.5.8_1","GID_0":"IDN","COUNTRY":"Indonesia","GID_1":"IDN.2_1","NAME_1":"Bali","GID_2":"IDN.2.9_1","NAME_2":"Tabanan","GID_3":"IDN.2.9.5_1","NAME_3":"Penebel","NAME_4":"Penebel","VARNAME_4":"NA","TYPE_4":"Desa","ENGTYPE_4":"Village","CC_4":"5102070010"},"geometry":{"type":"MultiPolygon","coordinates":[[[[115.14,-8.4049],[115.1478,-8.4088],[115.1508,-8.4075],[115.1531,-8.4107],[115.1588,-8.4113],[115.1594,-8.4154],[115.1574,-8.4191],[115.1575,-8.423],[115.1547,-8.4254],[115.1543,-8.4288],[115.1413,-8.428],[115.1406,-8.4264],[115.1371,-8.4261],[115.1371,-8.4188],[115.1396,-8.4147],[115.14,-8.4049]]]]}},{"type":"Feature","properties":{"GID_4":"IDN.2.9.5.9_1","GID_0":"IDN","COUNTRY":"Indonesia","GID_1":"IDN.2_1","NAME_1":"Bali","GID_2":"IDN.2.9_1","NAME_2":"Tabanan","GID_3":"IDN.2.9.5_1","NAME_3":"Penebel","NAME_4":"Pesagi","VARNAME_4":"NA","TYPE_4":"Desa","ENGTYPE_4":"Village","CC_4":"5102070016"},"geometry":{"type":"MultiPolygon","coordinates":[[[[115.1016,-8.4711],[115.0991,-8.4726],[115.098,-8.471],[115.0951,-8.4763],[115.0921,-8.476],[115.0941,-8.4698],[115.0926,-8.4658],[115.0938,-8.4635],[115.0919,-8.4611],[115.0916,-8.4576],[115.093,-8.4568],[115.0908,-8.4538],[115.092,-8.4532],[115.0883,-8.445],[115.09,-8.439],[115.089,-8.4317],[115.0994,-8.4301],[115.1018,-8.4375],[115.1094,-8.4478],[115.1071,-8.455],[115.1096,-8.4606],[115.1082,-8.4616],[115.1097,-8.462],[115.1041,-8.4645],[115.1016,-8.4711]]]]}},{"type":"Feature","properties":{"GID_4":"IDN.2.9.5.10_1","GID_0":"IDN","COUNTRY":"Indonesia","GID_1":"IDN.2_1","NAME_1":"Bali","GID_2":"IDN.2.9_1","NAME_2":"Tabanan","GID_3":"IDN.2.9.5_1","NAME_3":"Penebel","NAME_4":"Pitra","VARNAME_4":"NA","TYPE_4":"Desa","ENGTYPE_4":"Village","CC_4":"5102070006"},"geometry":{"type":"MultiPolygon","coordinates":[[[[115.1543,-8.4288],[115.1521,-8.4337],[115.144,-8.4377],[115.1415,-8.441],[115.1383,-8.4402],[115.1367,-8.4464],[115.1336,-8.4451],[115.1329,-8.4406],[115.1296,-8.4395],[115.1329,-8.4354],[115.1341,-8.4241],[115.1315,-8.4179],[115.138,-8.4167],[115.1371,-8.4261],[115.1385,-8.4269],[115.1543,-8.4288]]]]}},{"type":"Feature","properties":{"GID_4":"IDN.2.9.5.11_1","GID_0":"IDN","COUNTRY":"Indonesia","GID_1":"IDN.2_1","NAME_1":"Bali","GID_2":"IDN.2.9_1","NAME_2":"Tabanan","GID_3":"IDN.2.9.5_1","NAME_3":"Penebel","NAME_4":"Rejasa","VARNAME_4":"NA","TYPE_4":"Desa","ENGTYPE_4":"Village","CC_4":"5102070001"},"geometry":{"type":"MultiPolygon","coordinates":[[[[115.1104,-8.4735],[115.1076,-8.4723],[115.1039,-8.4734],[115.1016,-8.4711],[115.1041,-8.4645],[115.1097,-8.462],[115.1082,-8.4616],[115.1096,-8.4606],[115.1071,-8.455],[115.1094,-8.448],[115.1085,-8.4459],[115.1122,-8.4462],[115.1135,-8.4488],[115.1127,-8.4536],[115.1163,-8.452],[115.1212,-8.4527],[115.1187,-8.4661],[115.1168,-8.4666],[115.1168,-8.4689],[115.1144,-8.4716],[115.1127,-8.4712],[115.1104,-8.4735]]]]}},{"type":"Feature","properties":{"GID_4":"IDN.2.9.5.12_1","GID_0":"IDN","COUNTRY":"Indonesia","GID_1":"IDN.2_1","NAME_1":"Bali","GID_2":"IDN.2.9_1","NAME_2":"Tabanan","GID_3":"IDN.2.9.5_1","NAME_3":"Penebel","NAME_4":"RiangGede","VARNAME_4":"NA","TYPE_4":"Desa","ENGTYPE_4":"Village","CC_4":"5102070003"},"geometry":{"type":"MultiPolygon","coordinates":[[[[115.1137,-8.5195],[115.1111,-8.5119],[115.1112,-8.506],[115.1135,-8.5006],[115.1158,-8.4994],[115.116,-8.4879],[115.1177,-8.4837],[115.1197,-8.4834],[115.1201,-8.4726],[115.1274,-8.4657],[115.1305,-8.4675],[115.1289,-8.4685],[115.1246,-8.4821],[115.1241,-8.5044],[115.1216,-8.5123],[115.1137,-8.5195]]]]}},{"type":"Feature","properties":{"GID_4":"IDN.2.9.5.13_1","GID_0":"IDN","COUNTRY":"Indonesia","GID_1":"IDN.2_1","NAME_1":"Bali","GID_2":"IDN.2.9_1","NAME_2":"Tabanan","GID_3":"IDN.2.9.5_1","NAME_3":"Penebel","NAME_4":"Sangketan","VARNAME_4":"NA","TYPE_4":"Desa","ENGTYPE_4":"Village","CC_4":"5102070018"},"geometry":{"type":"MultiPolygon","coordinates":[[[[115.1086,-8.4266],[115.0979,-8.4305],[115.089,-8.4317],[115.0877,-8.4311],[115.0845,-8.4213],[115.0821,-8.4215],[115.0822,-8.4161],[115.0804,-8.4159],[115.0812,-8.4122],[115.078,-8.4014],[115.0799,-8.3976],[115.0798,-8.3932],[115.0842,-8.3865],[115.0829,-8.3765],[115.0855,-8.3765],[115.09,-8.3915],[115.089,-8.3993],[115.0914,-8.4003],[115.0973,-8.4076],[115.0964,-8.4105],[115.0976,-8.4125],[115.1011,-8.4137],[115.1045,-8.4191],[115.1075,-8.4189],[115.109,-8.4205],[115.1086,-8.4266]]]]}},{"type":"Feature","properties":{"GID_4":"IDN.2.9.5.14_1","GID_0":"IDN","COUNTRY":"Indonesia","GID_1":"IDN.2_1","NAME_1":"Bali","GID_2":"IDN.2.9_1","NAME_2":"Tabanan","GID_3":"IDN.2.9.5_1","NAME_3":"Penebel","NAME_4":"Senganan","VARNAME_4":"NA","TYPE_4":"Desa","ENGTYPE_4":"Village","CC_4":"5102070013"},"geometry":{"type":"MultiPolygon","coordinates":[[[[115.1012,-8.3071],[115.1016,-8.3006],[115.1036,-8.2978],[115.1092,-8.2989],[115.1184,-8.3067],[115.124,-8.3078],[115.1265,-8.2956],[115.1354,-8.2976],[115.1425,-8.3392],[115.1457,-8.3484],[115.1513,-8.3531],[115.1534,-8.3593],[115.1616,-8.3683],[115.1674,-8.3778],[115.1667,-8.3882],[115.1661,-8.3912],[115.1644,-8.3916],[115.1638,-8.3979],[115.1574,-8.3955],[115.1555,-8.3904],[115.1561,-8.3855],[115.1533,-8.3825],[115.1495,-8.3712],[115.1452,-8.3726],[115.143,-8.3753],[115.1398,-8.3735],[115.1404,-8.3707],[115.1359,-8.3633],[115.1353,-8.3593],[115.1265,-8.3489],[115.1245,-8.3385],[115.1222,-8.3354],[115.1223,-8.3273],[115.1171,-8.3186],[115.1123,-8.3166],[115.1087,-8.3193],[115.1063,-8.319],[115.1041,-8.3126],[115.1014,-8.3101],[115.1012,-8.3071]]]]}},{"type":"Feature","properties":{"GID_4":"IDN.2.9.5.15_1","GID_0":"IDN","COUNTRY":"Indonesia","GID_1":"IDN.2_1","NAME_1":"Bali","GID_2":"IDN.2.9_1","NAME_2":"Tabanan","GID_3":"IDN.2.9.5_1","NAME_3":"Penebel","NAME_4":"Tajen","VARNAME_4":"NA","TYPE_4":"Desa","ENGTYPE_4":"Village","CC_4":"5102070005"},"geometry":{"type":"MultiPolygon","coordinates":[[[[115.1605,-8.4352],[115.16,-8.4447],[115.1568,-8.4472],[115.1553,-8.4419],[115.1533,-8.4415],[115.1492,-8.4526],[115.1465,-8.4666],[115.1434,-8.4692],[115.1432,-8.463],[115.1387,-8.4558],[115.1407,-8.442],[115.144,-8.4377],[115.1523,-8.4335],[115.1548,-8.4358],[115.1605,-8.4352]]]]}},{"type":"Feature","properties":{"GID_4":"IDN.2.9.5.16_1","GID_0":"IDN","COUNTRY":"Indonesia","GID_1":"IDN.2_1","NAME_1":"Bali","GID_2":"IDN.2.9_1","NAME_2":"Tabanan","GID_3":"IDN.2.9.5_1","NAME_3":"Penebel","NAME_4":"Tegalinggah","VARNAME_4":"NA","TYPE_4":"Desa","ENGTYPE_4":"Village","CC_4":"5102070017"},"geometry":{"type":"MultiPolygon","coordinates":[[[[115.1047,-8.4283],[115.1105,-8.4386],[115.1115,-8.446],[115.1201,-8.439],[115.123,-8.4401],[115.123,-8.4482],[115.1212,-8.4527],[115.1163,-8.452],[115.1127,-8.4536],[115.1135,-8.4488],[115.1122,-8.4462],[115.1071,-8.4457],[115.1046,-8.4422],[115.0994,-8.4301],[115.1047,-8.4283]]]]}},{"type":"Feature","properties":{"GID_4":"IDN.2.9.5.17_1","GID_0":"IDN","COUNTRY":"Indonesia","GID_1":"IDN.2_1","NAME_1":"Bali","GID_2":"IDN.2.9_1","NAME_2":"Tabanan","GID_3":"IDN.2.9.5_1","NAME_3":"Penebel","NAME_4":"Tengkudak","VARNAME_4":"NA","TYPE_4":"Desa","ENGTYPE_4":"Village","CC_4":"5102070008"},"geometry":{"type":"MultiPolygon","coordinates":[[[[115.1186,-8.3989],[115.1215,-8.4039],[115.1233,-8.4116],[115.1285,-8.4185],[115.128,-8.4233],[115.1256,-8.4245],[115.1255,-8.43],[115.1226,-8.4265],[115.1182,-8.4288],[115.1163,-8.4324],[115.1115,-8.4335],[115.1079,-8.4241],[115.1094,-8.4219],[115.1075,-8.4189],[115.1105,-8.4177],[115.1062,-8.4053],[115.1076,-8.4011],[115.1155,-8.3975],[115.1186,-8.3989]]]]}},{"type":"Feature","properties":{"GID_4":"IDN.2.9.5.18_1","GID_0":"IDN","COUNTRY":"Indonesia","GID_1":"IDN.2_1","NAME_1":"Bali","GID_2":"IDN.2.9_1","NAME_2":"Tabanan","GID_3":"IDN.2.9.5_1","NAME_3":"Penebel","NAME_4":"WongayaGede","VARNAME_4":"NA","TYPE_4":"Desa","ENGTYPE_4":"Village","CC_4":"5102070015"},"geometry":{"type":"MultiPolygon","coordinates":[[[[115.0915,-8.3344],[115.097,-8.3409],[115.0993,-8.3552],[115.1113,-8.3801],[115.1141,-8.3827],[115.1179,-8.3942],[115.1186,-8.3989],[115.1155,-8.3975],[115.1075,-8.4012],[115.1063,-8.4064],[115.1105,-8.4177],[115.1075,-8.4189],[115.1045,-8.4191],[115.1011,-8.4137],[115.0976,-8.4125],[115.0964,-8.4105],[115.0973,-8.4076],[115.0914,-8.4003],[115.089,-8.3993],[115.09,-8.3915],[115.0855,-8.3765],[115.0836,-8.3765],[115.0825,-8.3724],[115.0858,-8.3499],[115.0822,-8.3414],[115.0861,-8.334],[115.0915,-8.3344]]]]}},{"type":"Feature","properties":{"GID_4":"IDN.2.9.6.1_1","GID_0":"IDN","COUNTRY":"Indonesia","GID_1":"IDN.2_1","NAME_1":"Bali","GID_2":"IDN.2.9_1","NAME_2":"Tabanan","GID_3":"IDN.2.9.6_1","NAME_3":"Pupuan","NAME_4":"Bantiran","VARNAME_4":"NA","TYPE_4":"Desa","ENGTYPE_4":"Village","CC_4":"5102080010"},"geometry":{"type":"MultiPolygon","coordinates":[[[[114.9645,-8.3118],[114.9627,-8.3101],[114.9651,-8.3056],[114.9737,-8.3031],[114.9811,-8.2975],[114.9815,-8.2957],[114.978,-8.2884],[114.9787,-8.2881],[114.9803,-8.2896],[114.9863,-8.2894],[114.991,-8.2986],[114.9962,-8.2994],[115.002,-8.307],[115.0006,-8.3125],[114.9976,-8.3142],[114.9985,-8.3192],[114.995,-8.3231],[114.9872,-8.3219],[114.9786,-8.3247],[114.9714,-8.321],[114.9676,-8.3224],[114.9645,-8.3118]]]]}},{"type":"Feature","properties":{"GID_4":"IDN.2.9.6.2_1","GID_0":"IDN","COUNTRY":"Indonesia","GID_1":"IDN.2_1","NAME_1":"Bali","GID_2":"IDN.2.9_1","NAME_2":"Tabanan","GID_3":"IDN.2.9.6_1","NAME_3":"Pupuan","NAME_4":"Batungsel","VARNAME_4":"NA","TYPE_4":"Desa","ENGTYPE_4":"Village","CC_4":"5102080005"},"geometry":{"type":"MultiPolygon","coordinates":[[[[115.0861,-8.334],[115.0837,-8.3384],[115.0818,-8.3372],[115.0628,-8.3409],[115.0431,-8.3494],[115.0388,-8.3544],[115.026,-8.3602],[115.0221,-8.3663],[115.0199,-8.3671],[115.0164,-8.3753],[115.0146,-8.3731],[115.0146,-8.3686],[115.0183,-8.3618],[115.0186,-8.3575],[115.021,-8.3564],[115.0232,-8.3504],[115.0177,-8.3432],[115.0199,-8.3426],[115.0213,-8.34],[115.0267,-8.3399],[115.0283,-8.3374],[115.0305,-8.3378],[115.0298,-8.3348],[115.0317,-8.3338],[115.0462,-8.3288],[115.0679,-8.3272],[115.0753,-8.3305],[115.0807,-8.3308],[115.0861,-8.334]]]]}},{"type":"Feature","properties":{"GID_4":"IDN.2.9.6.3_1","GID_0":"IDN","COUNTRY":"Indonesia","GID_1":"IDN.2_1","NAME_1":"Bali","GID_2":"IDN.2.9_1","NAME_2":"Tabanan","GID_3":"IDN.2.9.6_1","NAME_3":"Pupuan","NAME_4":"Belatungan","VARNAME_4":"NA","TYPE_4":"Desa","ENGTYPE_4":"Village","CC_4":"5102080001"},"geometry":{"type":"MultiPolygon","coordinates":[[[[114.9354,-8.3568],[114.9466,-8.3608],[114.9476,-8.3633],[114.942,-8.3705],[114.9416,-8.3759],[114.9453,-8.3803],[114.9457,-8.3866],[114.9518,-8.3941],[114.9549,-8.3956],[114.9571,-8.3997],[114.9496,-8.4048],[114.9478,-8.4122],[114.9485,-8.4205],[114.9421,-8.422],[114.9411,-8.4251],[114.9367,-8.429],[114.9335,-8.4444],[114.9302,-8.4476],[114.9251,-8.4482],[114.9235,-8.4436],[114.9269,-8.4369],[114.9239,-8.4329],[114.9252,-8.4319],[114.9254,-8.4251],[114.9224,-8.42],[114.9272,-8.4072],[114.9288,-8.4067],[114.9307,-8.4015],[114.9334,-8.3995],[114.9341,-8.3915],[114.9291,-8.3852],[114.9291,-8.3827],[114.9317,-8.3832],[114.9331,-8.3802],[114.9287,-8.3769],[114.9311,-8.367],[114.9329,-8.3648],[114.9316,-8.3638],[114.9336,-8.3609],[114.9352,-8.361],[114.9342,-8.3593],[114.9354,-8.3568]]]]}},{"type":"Feature","properties":{"GID_4":"IDN.2.9.6.4_1","GID_0":"IDN","COUNTRY":"Indonesia","GID_1":"IDN.2_1","NAME_1":"Bali","GID_2":"IDN.2.9_1","NAME_2":"Tabanan","GID_3":"IDN.2.9.6_1","NAME_3":"Pupuan","NAME_4":"Belimbing","VARNAME_4":"NA","TYPE_4":"Desa","ENGTYPE_4":"Village","CC_4":"5102080003"},"geometry":{"type":"MultiPolygon","coordinates":[[[[115.0095,-8.421],[115.0119,-8.4194],[115.0124,-8.4158],[115.0163,-8.4142],[115.0178,-8.4092],[115.0233,-8.4014],[115.0232,-8.3987],[115.0255,-8.3972],[115.0256,-8.3939],[115.0238,-8.3935],[115.0261,-8.3876],[115.026,-8.3792],[115.0303,-8.3795],[115.0333,-8.3766],[115.0402,-8.3742],[115.0358,-8.3817],[115.0401,-8.4068],[115.0393,-8.4099],[115.0369,-8.4097],[115.0366,-8.4196],[115.0326,-8.4239],[115.0313,-8.433],[115.0299,-8.4337],[115.0282,-8.4393],[115.0286,-8.4429],[115.0234,-8.4403],[115.0227,-8.4362],[115.0254,-8.4317],[115.0244,-8.4305],[115.0208,-8.4266],[115.0095,-8.421]]]]}},{"type":"Feature","properties":{"GID_4":"IDN.2.9.6.5_1","GID_0":"IDN","COUNTRY":"Indonesia","GID_1":"IDN.2_1","NAME_1":"Bali","GID_2":"IDN.2.9_1","NAME_2":"Tabanan","GID_3":"IDN.2.9.6_1","NAME_3":"Pupuan","NAME_4":"JelijihPunggang","VARNAME_4":"NA","TYPE_4":"Desa","ENGTYPE_4":"Village","CC_4":"5102080012"},"geometry":{"type":"MultiPolygon","coordinates":[[[[115.0135,-8.4156],[115.0116,-8.4198],[115.0065,-8.4242],[115.0074,-8.4262],[115.005,-8.4325],[114.9977,-8.4232],[114.9969,-8.4165],[114.9952,-8.4151],[114.9995,-8.4047],[114.996,-8.3929],[114.9975,-8.3929],[114.9918,-8.3822],[114.9931,-8.3811],[115.0,-8.3829],[115.0093,-8.3953],[115.0123,-8.4037],[115.0117,-8.4072],[115.0134,-8.4082],[115.0112,-8.4099],[115.0142,-8.4144],[115.0135,-8.4156]]]]}},{"type":"Feature","properties":{"GID_4":"IDN.2.9.6.6_1","GID_0":"IDN","COUNTRY":"Indonesia","GID_1":"IDN.2_1","NAME_1":"Bali","GID_2":"IDN.2.9_1","NAME_2":"Tabanan","GID_3":"IDN.2.9.6_1","NAME_3":"Pupuan","NAME_4":"KaryaSari","VARNAME_4":"NA","TYPE_4":"Desa","ENGTYPE_4":"Village","CC_4":"5102080013"},"geometry":{"type":"MultiPolygon","coordinates":[[[[115.04,-8.4065],[115.0358,-8.3817],[115.0402,-8.3742],[115.0389,-8.3744],[115.0444,-8.3719],[115.0474,-8.3673],[115.0569,-8.3645],[115.062,-8.3574],[115.0724,-8.3536],[115.0778,-8.3495],[115.0778,-8.3558],[115.0749,-8.3657],[115.0696,-8.3707],[115.0666,-8.3786],[115.0581,-8.3879],[115.0563,-8.3933],[115.04,-8.4065]]]]}},{"type":"Feature","properties":{"GID_4":"IDN.2.9.6.7_1","GID_0":"IDN","COUNTRY":"Indonesia","GID_1":"IDN.2_1","NAME_1":"Bali","GID_2":"IDN.2.9_1","NAME_2":"Tabanan","GID_3":"IDN.2.9.6_1","NAME_3":"Pupuan","NAME_4":"KebonPadangan","VARNAME_4":"NA","TYPE_4":"Desa","ENGTYPE_4":"Village","CC_4":"5102080002"},"geometry":{"type":"MultiPolygon","coordinates":[[[[115.0095,-8.3974],[115.0005,-8.3834],[114.9969,-8.3812],[114.9931,-8.3811],[114.9918,-8.3822],[114.9975,-8.3929],[114.9863,-8.3921],[114.9835,-8.3984],[114.9812,-8.4001],[114.9804,-8.4089],[114.9821,-8.4127],[114.9802,-8.415],[114.9782,-8.4144],[114.9772,-8.4113],[114.9746,-8.4097],[114.9733,-8.4049],[114.9684,-8.4026],[114.9661,-8.3986],[114.9654,-8.395],[114.9682,-8.3925],[114.9672,-8.3816],[114.9696,-8.3789],[114.9663,-8.3714],[114.9713,-8.3666],[114.9738,-8.3678],[114.978,-8.3665],[114.9805,-8.3641],[114.9812,-8.3609],[114.9891,-8.3536],[114.9958,-8.3555],[114.9984,-8.3581],[115.0,-8.3573],[115.008,-8.3684],[115.0059,-8.3788],[115.0068,-8.3873],[115.0103,-8.3929],[115.0095,-8.3974]]]]}},{"type":"Feature","properties":{"GID_4":"IDN.2.9.6.8_1","GID_0":"IDN","COUNTRY":"Indonesia","GID_1":"IDN.2_1","NAME_1":"Bali","GID_2":"IDN.2.9_1","NAME_2":"Tabanan","GID_3":"IDN.2.9.6_1","NAME_3":"Pupuan","NAME_4":"MundukTemu","VARNAME_4":"NA","TYPE_4":"Desa","ENGTYPE_4":"Village","CC_4":"5102080008"},"geometry":{"type":"MultiPolygon","coordinates":[[[[114.9467,-8.3615],[114.9501,-8.3605],[114.9506,-8.3564],[114.9525,-8.3551],[114.952,-8.3508],[114.9563,-8.3424],[114.9554,-8.338],[114.9605,-8.3315],[114.9584,-8.3232],[114.9604,-8.3211],[114.9625,-8.3129],[114.9645,-8.3118],[114.9674,-8.3197],[114.9661,-8.323],[114.9706,-8.3299],[114.9706,-8.3344],[114.9719,-8.3353],[114.9713,-8.3416],[114.9732,-8.3454],[114.972,-8.3512],[114.9735,-8.359],[114.9727,-8.3669],[114.971,-8.3667],[114.9663,-8.3714],[114.9696,-8.3789],[114.9672,-8.3816],[114.9682,-8.3925],[114.9654,-8.395],[114.9663,-8.3993],[114.9618,-8.397],[114.9565,-8.3979],[114.9457,-8.3866],[114.9453,-8.3803],[114.9416,-8.3759],[114.9415,-8.3724],[114.9433,-8.368],[114.947,-8.3646],[114.9467,-8.3615]]]]}},{"type":"Feature","properties":{"GID_4":"IDN.2.9.6.9_1","GID_0":"IDN","COUNTRY":"Indonesia","GID_1":"IDN.2_1","NAME_1":"Bali","GID_2":"IDN.2.9_1","NAME_2":"Tabanan","GID_3":"IDN.2.9.6_1","NAME_3":"Pupuan","NAME_4":"Padangan","VARNAME_4":"NA","TYPE_4":"Desa","ENGTYPE_4":"Village","CC_4":"5102080011"},"geometry":{"type":"MultiPolygon","coordinates":[[[[115.0177,-8.3432],[115.0233,-8.3501],[115.021,-8.3564],[115.0186,-8.3575],[115.0183,-8.3618],[115.0141,-8.3709],[115.0163,-8.3767],[115.0179,-8.3773],[115.0154,-8.3777],[115.0158,-8.3807],[115.0131,-8.3826],[115.0129,-8.3849],[115.0112,-8.3855],[115.0098,-8.383],[115.0064,-8.3848],[115.0058,-8.3771],[115.0078,-8.3743],[115.008,-8.3684],[115.0,-8.3573],[115.0004,-8.3414],[115.0062,-8.3345],[115.0119,-8.3407],[115.0097,-8.3453],[115.0107,-8.3468],[115.0177,-8.3432]]]]}},{"type":"Feature","properties":{"GID_4":"IDN.2.9.6.10_1","GID_0":"IDN","COUNTRY":"Indonesia","GID_1":"IDN.2_1","NAME_1":"Bali","GID_2":"IDN.2.9_1","NAME_2":"Tabanan","GID_3":"IDN.2.9.6_1","NAME_3":"Pupuan","NAME_4":"Pajahan","VARNAME_4":"NA","TYPE_4":"Desa","ENGTYPE_4":"Village","CC_4":"5102080007"},"geometry":{"type":"MultiPolygon","coordinates":[[[[114.9668,-8.3221],[114.9714,-8.321],[114.9786,-8.3247],[114.9872,-8.3219],[114.995,-8.3231],[114.9985,-8.3213],[115.0007,-8.325],[115.0025,-8.3241],[115.0126,-8.3313],[115.0055,-8.3349],[115.0004,-8.3414],[115.0,-8.3573],[114.9984,-8.3581],[114.9958,-8.3555],[114.9891,-8.3536],[114.9812,-8.3609],[114.9805,-8.3641],[114.978,-8.3665],[114.9728,-8.3675],[114.9719,-8.3353],[114.9668,-8.3221]]]]}},{"type":"Feature","properties":{"GID_4":"IDN.2.9.6.11_1","GID_0":"IDN","COUNTRY":"Indonesia","GID_1":"IDN.2_1","NAME_1":"Bali","GID_2":"IDN.2.9_1","NAME_2":"Tabanan","GID_3":"IDN.2.9.6_1","NAME_3":"Pupuan","NAME_4":"Pujungan","VARNAME_4":"NA","TYPE_4":"Desa","ENGTYPE_4":"Village","CC_4":"5102080006"},"geometry":{"type":"MultiPolygon","coordinates":[[[[115.0732,-8.3119],[115.0875,-8.3109],[115.0937,-8.3065],[115.1012,-8.3071],[115.1014,-8.3101],[115.1052,-8.3147],[115.1053,-8.3205],[115.0923,-8.3342],[115.0861,-8.334],[115.0807,-8.3308],[115.0753,-8.3305],[115.0679,-8.3272],[115.0498,-8.3282],[115.0317,-8.3338],[115.0298,-8.3348],[115.0305,-8.3378],[115.0283,-8.3374],[115.0267,-8.3399],[115.0213,-8.34],[115.0199,-8.3426],[115.0107,-8.3468],[115.0097,-8.3453],[115.0119,-8.3407],[115.0062,-8.3345],[115.0117,-8.3326],[115.0158,-8.3283],[115.0184,-8.3289],[115.0217,-8.3233],[115.0251,-8.3213],[115.0256,-8.318],[115.0246,-8.3153],[115.0207,-8.3167],[115.0175,-8.3126],[115.0115,-8.3107],[115.0143,-8.3062],[115.0207,-8.3082],[115.0245,-8.3007],[115.033,-8.3009],[115.0441,-8.307],[115.0492,-8.3064],[115.0592,-8.3104],[115.0638,-8.3097],[115.0732,-8.3119]]]]}},{"type":"Feature","properties":{"GID_4":"IDN.2.9.6.12_1","GID_0":"IDN","COUNTRY":"Indonesia","GID_1":"IDN.2_1","NAME_1":"Bali","GID_2":"IDN.2.9_1","NAME_2":"Tabanan","GID_3":"IDN.2.9.6_1","NAME_3":"Pupuan","NAME_4":"Pupuan","VARNAME_4":"NA","TYPE_4":"Desa","ENGTYPE_4":"Village","CC_4":"5102080009"},"geometry":{"type":"MultiPolygon","coordinates":[[[[114.9994,-8.3035],[115.0069,-8.3066],[115.01,-8.3117],[115.0112,-8.3107],[115.0175,-8.3126],[115.0207,-8.3167],[115.0238,-8.3149],[115.0252,-8.3157],[115.0251,-8.3213],[115.0217,-8.3233],[115.0184,-8.3289],[115.0158,-8.3283],[115.0124,-8.3313],[115.0025,-8.3241],[115.0007,-8.325],[115.0001,-8.3225],[114.9975,-8.3212],[114.9986,-8.3167],[114.9976,-8.3142],[115.0006,-8.3125],[115.002,-8.307],[114.9994,-8.3035]]]]}},{"type":"Feature","properties":{"GID_4":"IDN.2.9.6.13_1","GID_0":"IDN","COUNTRY":"Indonesia","GID_1":"IDN.2_1","NAME_1":"Bali","GID_2":"IDN.2.9_1","NAME_2":"Tabanan","GID_3":"IDN.2.9.6_1","NAME_3":"Pupuan","NAME_4":"Sanda","VARNAME_4":"NA","TYPE_4":"Desa","ENGTYPE_4":"Village","CC_4":"5102080004"},"geometry":{"type":"MultiPolygon","coordinates":[[[[115.0837,-8.3384],[115.0817,-8.3446],[115.0724,-8.3536],[115.062,-8.3574],[115.0569,-8.3645],[115.0474,-8.3673],[115.0444,-8.3719],[115.0413,-8.3736],[115.0333,-8.3766],[115.0303,-8.3795],[115.026,-8.3792],[115.0261,-8.3876],[115.0238,-8.3935],[115.0256,-8.3939],[115.0255,-8.3972],[115.0232,-8.3987],[115.0233,-8.4014],[115.0178,-8.4092],[115.0163,-8.4142],[115.0135,-8.4156],[115.0142,-8.4144],[115.0112,-8.4099],[115.0134,-8.4082],[115.0117,-8.4072],[115.0116,-8.4007],[115.0095,-8.3974],[115.0103,-8.3929],[115.0064,-8.3848],[115.0098,-8.383],[115.0112,-8.3855],[115.0132,-8.3847],[115.0131,-8.3826],[115.0158,-8.3807],[115.0154,-8.3777],[115.0179,-8.3773],[115.0163,-8.3767],[115.0163,-8.3748],[115.0199,-8.3671],[115.0221,-8.3663],[115.026,-8.3602],[115.0388,-8.3544],[115.0431,-8.3494],[115.0517,-8.3448],[115.072,-8.3385],[115.0819,-8.3372],[115.0837,-8.3384]]]]}},{"type":"Feature","properties":{"GID_4":"IDN.2.9.9.1_1","GID_0":"IDN","COUNTRY":"Indonesia","GID_1":"IDN.2_1","NAME_1":"Bali","GID_2":"IDN.2.9_1","NAME_2":"Tabanan","GID_3":"IDN.2.9.9_1","NAME_3":"Selemadeg","NAME_4":"Antap","VARNAME_4":"NA","TYPE_4":"Desa","ENGTYPE_4":"Village","CC_4":"5102010002"},"geometry":{"type":"MultiPolygon","coordinates":[[[[115.0008,-8.5148],[115.0061,-8.5175],[115.0145,-8.5118],[115.0182,-8.5149],[115.0224,-8.5121],[115.0233,-8.5121],[115.0204,-8.5167],[115.0218,-8.5174],[115.02,-8.5197],[115.0208,-8.5212],[115.0137,-8.5328],[115.0129,-8.5387],[115.0106,-8.5389],[115.0096,-8.5419],[115.0042,-8.541],[114.9998,-8.5371],[114.9977,-8.5374],[114.9984,-8.5345],[114.9963,-8.5335],[114.9952,-8.5276],[114.982,-8.5157],[114.9758,-8.5132],[114.9708,-8.5057],[114.9799,-8.5013],[114.9882,-8.5092],[114.9956,-8.5116],[114.995,-8.5169],[114.9999,-8.5187],[115.0008,-8.5148]]]]}},{"type":"Feature","properties":{"GID_4":"IDN.2.9.9.2_1","GID_0":"IDN","COUNTRY":"Indonesia","GID_1":"IDN.2_1","NAME_1":"Bali","GID_2":"IDN.2.9_1","NAME_2":"Tabanan","GID_3":"IDN.2.9.9_1","NAME_3":"Selemadeg","NAME_4":"Bajera","VARNAME_4":"NA","TYPE_4":"Desa","ENGTYPE_4":"Village","CC_4":"5102010004"},"geometry":{"type":"MultiPolygon","coordinates":[[[[115.0186,-8.5148],[115.018,-8.5116],[115.0195,-8.5086],[115.018,-8.507],[115.0202,-8.5074],[115.0196,-8.5044],[115.0228,-8.501],[115.0207,-8.4993],[115.029,-8.4941],[115.0293,-8.506],[115.0253,-8.5111],[115.0186,-8.5148]]]]}},{"type":"Feature","properties":{"GID_4":"IDN.2.9.9.3_1","GID_0":"IDN","COUNTRY":"Indonesia","GID_1":"IDN.2_1","NAME_1":"Bali","GID_2":"IDN.2.9_1","NAME_2":"Tabanan","GID_3":"IDN.2.9.9_1","NAME_3":"Selemadeg","NAME_4":"BajeraUtara","VARNAME_4":"NA","TYPE_4":"Desa","ENGTYPE_4":"Village","CC_4":"5102010026"},"geometry":{"type":"MultiPolygon","coordinates":[[[[115.024,-8.4965],[115.0212,-8.4927],[115.0233,-8.4901],[115.0261,-8.4894],[115.0237,-8.4833],[115.0271,-8.4814],[115.0283,-8.477],[115.0313,-8.4764],[115.0309,-8.4732],[115.0331,-8.4713],[115.0314,-8.4631],[115.0376,-8.4631],[115.0401,-8.4616],[115.0355,-8.4782],[115.0349,-8.4846],[115.0366,-8.4872],[115.0354,-8.4935],[115.0303,-8.4919],[115.0295,-8.4944],[115.024,-8.4965]]]]}},{"type":"Feature","properties":{"GID_4":"IDN.2.9.9.4_1","GID_0":"IDN","COUNTRY":"Indonesia","GID_1":"IDN.2_1","NAME_1":"Bali","GID_2":"IDN.2.9_1","NAME_2":"Tabanan","GID_3":"IDN.2.9.9_1","NAME_3":"Selemadeg","NAME_4":"Berembeng","VARNAME_4":"NA","TYPE_4":"Desa","ENGTYPE_4":"Village","CC_4":"5102010005"},"geometry":{"type":"MultiPolygon","coordinates":[[[[115.0309,-8.5282],[115.0266,-8.5334],[115.0272,-8.5363],[115.0225,-8.5356],[115.0233,-8.5382],[115.0213,-8.54],[115.0115,-8.5411],[115.0106,-8.5428],[115.0106,-8.5389],[115.0129,-8.5387],[115.0137,-8.5328],[115.0208,-8.5212],[115.0211,-8.5146],[115.0293,-8.506],[115.0287,-8.4961],[115.0303,-8.4919],[115.0353,-8.4946],[115.0341,-8.4969],[115.036,-8.4996],[115.0328,-8.5076],[115.0313,-8.5081],[115.0323,-8.5099],[115.0296,-8.5104],[115.0313,-8.517],[115.0302,-8.5245],[115.0282,-8.525],[115.0309,-8.5282]]]]}},{"type":"Feature","properties":{"GID_4":"IDN.2.9.9.5_1","GID_0":"IDN","COUNTRY":"Indonesia","GID_1":"IDN.2_1","NAME_1":"Bali","GID_2":"IDN.2.9_1","NAME_2":"Tabanan","GID_3":"IDN.2.9.9_1","NAME_3":"Selemadeg","NAME_4":"Manikyang","VARNAME_4":"NA","TYPE_4":"Desa","ENGTYPE_4":"Village","CC_4":"5102010025"},"geometry":{"type":"MultiPolygon","coordinates":[[[[115.0603,-8.4383],[115.0597,-8.4492],[115.0554,-8.4551],[115.0515,-8.4657],[115.047,-8.4669],[115.0427,-8.4652],[115.0435,-8.4622],[115.0461,-8.4618],[115.047,-8.4578],[115.0503,-8.4552],[115.0497,-8.4517],[115.0518,-8.4499],[115.0505,-8.4454],[115.0519,-8.4431],[115.0541,-8.443],[115.0537,-8.4381],[115.0603,-8.4383]]]]}},{"type":"Feature","properties":{"GID_4":"IDN.2.9.9.6_1","GID_0":"IDN","COUNTRY":"Indonesia","GID_1":"IDN.2_1","NAME_1":"Bali","GID_2":"IDN.2.9_1","NAME_2":"Tabanan","GID_3":"IDN.2.9.9_1","NAME_3":"Selemadeg","NAME_4":"PupuanSawah","VARNAME_4":"NA","TYPE_4":"Desa","ENGTYPE_4":"Village","CC_4":"5102010015"},"geometry":{"type":"MultiPolygon","coordinates":[[[[115.0314,-8.4631],[115.0322,-8.4601],[115.0297,-8.459],[115.0311,-8.4565],[115.0293,-8.4556],[115.0285,-8.4512],[115.0325,-8.4469],[115.0386,-8.445],[115.0378,-8.4372],[115.0421,-8.4366],[115.0519,-8.4419],[115.0521,-8.4443],[115.0505,-8.4454],[115.0518,-8.4499],[115.0497,-8.4517],[115.0503,-8.4552],[115.047,-8.4578],[115.0461,-8.4618],[115.0433,-8.4625],[115.0422,-8.4605],[115.0401,-8.4603],[115.0376,-8.4631],[115.0314,-8.4631]]]]}},{"type":"Feature","properties":{"GID_4":"IDN.2.9.9.7_1","GID_0":"IDN","COUNTRY":"Indonesia","GID_1":"IDN.2_1","NAME_1":"Bali","GID_2":"IDN.2.9_1","NAME_2":"Tabanan","GID_3":"IDN.2.9.9_1","NAME_3":"Selemadeg","NAME_4":"Selemadeg","VARNAME_4":"NA","TYPE_4":"Desa","ENGTYPE_4":"Village","CC_4":"5102010014"},"geometry":{"type":"MultiPolygon","coordinates":[[[[115.0496,-8.4668],[115.0532,-8.4741],[115.0501,-8.478],[115.0482,-8.4873],[115.0498,-8.4893],[115.0467,-8.4912],[115.046,-8.4954],[115.0434,-8.4968],[115.0442,-8.4997],[115.0422,-8.4997],[115.0424,-8.5016],[115.0401,-8.5015],[115.036,-8.4996],[115.0341,-8.4969],[115.0366,-8.4872],[115.0349,-8.4846],[115.0355,-8.4782],[115.0384,-8.4712],[115.0401,-8.4603],[115.0423,-8.4607],[115.0427,-8.4652],[115.0496,-8.4668]]]]}},{"type":"Feature","properties":{"GID_4":"IDN.2.9.9.8_1","GID_0":"IDN","COUNTRY":"Indonesia","GID_1":"IDN.2_1","NAME_1":"Bali","GID_2":"IDN.2.9_1","NAME_2":"Tabanan","GID_3":"IDN.2.9.9_1","NAME_3":"Selemadeg","NAME_4":"Serampingan","VARNAME_4":"NA","TYPE_4":"Desa","ENGTYPE_4":"Village","CC_4":"5102010006"},"geometry":{"type":"MultiPolygon","coordinates":[[[[115.0424,-8.5016],[115.049,-8.5041],[115.0457,-8.5069],[115.0471,-8.5089],[115.0456,-8.5149],[115.0439,-8.5155],[115.0447,-8.5171],[115.04,-8.5141],[115.0358,-8.5213],[115.036,-8.5253],[115.0309,-8.5282],[115.0282,-8.525],[115.0302,-8.5245],[115.0313,-8.517],[115.0296,-8.5104],[115.0323,-8.5099],[115.0313,-8.5081],[115.0355,-8.5022],[115.0354,-8.4999],[115.0424,-8.5016]]]]}},{"type":"Feature","properties":{"GID_4":"IDN.2.9.9.9_1","GID_0":"IDN","COUNTRY":"Indonesia","GID_1":"IDN.2_1","NAME_1":"Bali","GID_2":"IDN.2.9_1","NAME_2":"Tabanan","GID_3":"IDN.2.9.9_1","NAME_3":"Selemadeg","NAME_4":"Wanagiri","VARNAME_4":"NA","TYPE_4":"Desa","ENGTYPE_4":"Village","CC_4":"5102010018"},"geometry":{"type":"MultiPolygon","coordinates":[[[[115.0836,-8.3765],[115.0809,-8.3764],[115.0785,-8.3844],[115.0777,-8.3946],[115.0724,-8.417],[115.0678,-8.421],[115.0672,-8.4244],[115.0618,-8.425],[115.0594,-8.4308],[115.0603,-8.4383],[115.0537,-8.4381],[115.0541,-8.443],[115.0519,-8.4431],[115.0463,-8.4383],[115.0421,-8.4366],[115.0378,-8.4372],[115.0435,-8.4323],[115.042,-8.4273],[115.0467,-8.4204],[115.0516,-8.407],[115.0541,-8.4057],[115.0671,-8.3894],[115.067,-8.3864],[115.0712,-8.3835],[115.0711,-8.3774],[115.0776,-8.3672],[115.0749,-8.3657],[115.0747,-8.3631],[115.0778,-8.3558],[115.0778,-8.3495],[115.0824,-8.3437],[115.0858,-8.3499],[115.0825,-8.3724],[115.0836,-8.3765]]]]}},{"type":"Feature","properties":{"GID_4":"IDN.2.9.9.10_1","GID_0":"IDN","COUNTRY":"Indonesia","GID_1":"IDN.2_1","NAME_1":"Bali","GID_2":"IDN.2.9_1","NAME_2":"Tabanan","GID_3":"IDN.2.9.9_1","NAME_3":"Selemadeg","NAME_4":"WanagiriKauh","VARNAME_4":"NA","TYPE_4":"Desa","ENGTYPE_4":"Village","CC_4":"5102010024"},"geometry":{"type":"MultiPolygon","coordinates":[[[[115.0273,-8.4429],[115.0289,-8.4424],[115.0282,-8.4393],[115.0299,-8.4337],[115.0313,-8.433],[115.0326,-8.4239],[115.0366,-8.4196],[115.0369,-8.4097],[115.0393,-8.4099],[115.0409,-8.4047],[115.0431,-8.4045],[115.0563,-8.3933],[115.0581,-8.3879],[115.0666,-8.3786],[115.0696,-8.3707],[115.0749,-8.3657],[115.0776,-8.3665],[115.0758,-8.3716],[115.0711,-8.3774],[115.0712,-8.3835],[115.067,-8.3864],[115.0671,-8.3894],[115.0509,-8.4082],[115.0467,-8.4204],[115.042,-8.4273],[115.0435,-8.4323],[115.0378,-8.4369],[115.0386,-8.445],[115.0279,-8.4499],[115.0264,-8.4446],[115.0273,-8.4429]]]]}},{"type":"Feature","properties":{"GID_4":"IDN.2.9.7.1_1","GID_0":"IDN","COUNTRY":"Indonesia","GID_1":"IDN.2_1","NAME_1":"Bali","GID_2":"IDN.2.9_1","NAME_2":"Tabanan","GID_3":"IDN.2.9.7_1","NAME_3":"SelemadegBarat","NAME_4":"Angkah","VARNAME_4":"NA","TYPE_4":"Desa","ENGTYPE_4":"Village","CC_4":"5102012008"},"geometry":{"type":"MultiPolygon","coordinates":[[[[115.0095,-8.421],[115.0208,-8.4266],[115.0254,-8.4317],[115.0233,-8.4335],[115.021,-8.4399],[115.0205,-8.4512],[115.022,-8.4557],[115.0177,-8.4658],[115.0191,-8.4708],[115.0107,-8.4697],[115.0018,-8.4714],[114.9989,-8.4702],[115.0046,-8.4638],[115.0009,-8.4542],[115.0019,-8.4522],[115.0001,-8.4464],[115.0011,-8.4412],[115.0046,-8.4362],[115.0074,-8.4262],[115.0065,-8.4242],[115.0095,-8.421]]]]}},{"type":"Feature","properties":{"GID_4":"IDN.2.9.7.2_1","GID_0":"IDN","COUNTRY":"Indonesia","GID_1":"IDN.2_1","NAME_1":"Bali","GID_2":"IDN.2.9_1","NAME_2":"Tabanan","GID_3":"IDN.2.9.7_1","NAME_3":"SelemadegBarat","NAME_4":"Antosari","VARNAME_4":"NA","TYPE_4":"Desa","ENGTYPE_4":"Village","CC_4":"5102012002"},"geometry":{"type":"MultiPolygon","coordinates":[[[[115.0008,-8.5148],[114.9997,-8.513],[115.0012,-8.5118],[115.0042,-8.5129],[115.0065,-8.5079],[115.0057,-8.5055],[115.0078,-8.5047],[115.0072,-8.5012],[115.0094,-8.4953],[115.0062,-8.4925],[115.0091,-8.491],[115.0092,-8.4878],[115.0111,-8.4876],[115.0163,-8.4793],[115.0204,-8.4811],[115.022,-8.4774],[115.0283,-8.477],[115.0271,-8.4814],[115.0237,-8.4833],[115.0261,-8.4894],[115.0233,-8.4901],[115.0212,-8.4927],[115.024,-8.4962],[115.0207,-8.4993],[115.0228,-8.501],[115.0196,-8.5044],[115.0202,-8.5074],[115.018,-8.507],[115.0195,-8.5086],[115.018,-8.5116],[115.0186,-8.5148],[115.0145,-8.5118],[115.0061,-8.5175],[115.0008,-8.5148]]]]}},{"type":"Feature","properties":{"GID_4":"IDN.2.9.7.3_1","GID_0":"IDN","COUNTRY":"Indonesia","GID_1":"IDN.2_1","NAME_1":"Bali","GID_2":"IDN.2.9_1","NAME_2":"Tabanan","GID_3":"IDN.2.9.7_1","NAME_3":"SelemadegBarat","NAME_4":"BengkelSari","VARNAME_4":"NA","TYPE_4":"Desa","ENGTYPE_4":"Village","CC_4":"5102012011"},"geometry":{"type":"MultiPolygon","coordinates":[[[[115.0092,-8.4878],[115.0091,-8.491],[115.0062,-8.4925],[115.0094,-8.4953],[115.0072,-8.5012],[115.0078,-8.5047],[115.0057,-8.5055],[115.0065,-8.5079],[115.0042,-8.5129],[115.0012,-8.5118],[114.9997,-8.513],[115.0003,-8.5184],[114.9983,-8.5185],[114.995,-8.5169],[114.9956,-8.5116],[114.9882,-8.5092],[114.9832,-8.5036],[114.9866,-8.4957],[114.9886,-8.4947],[114.9892,-8.4907],[114.9925,-8.4881],[115.0,-8.4865],[115.0092,-8.4878]]]]}},{"type":"Feature","properties":{"GID_4":"IDN.2.9.7.4_1","GID_0":"IDN","COUNTRY":"Indonesia","GID_1":"IDN.2_1","NAME_1":"Bali","GID_2":"IDN.2.9_1","NAME_2":"Tabanan","GID_3":"IDN.2.9.7_1","NAME_3":"SelemadegBarat","NAME_4":"LalangLinggah","VARNAME_4":"NA","TYPE_4":"Desa","ENGTYPE_4":"Village","CC_4":"5102012001"},"geometry":{"type":"MultiPolygon","coordinates":[[[[114.9708,-8.5057],[114.9597,-8.5015],[114.9582,-8.4986],[114.9532,-8.4971],[114.9481,-8.4924],[114.9443,-8.4861],[114.9318,-8.4753],[114.9341,-8.4742],[114.9366,-8.4659],[114.9406,-8.4649],[114.9408,-8.4614],[114.9374,-8.4597],[114.9385,-8.4575],[114.9503,-8.4531],[114.9493,-8.4526],[114.9517,-8.4503],[114.9549,-8.4504],[114.9578,-8.4457],[114.9651,-8.4417],[114.967,-8.443],[114.9624,-8.4474],[114.9632,-8.4548],[114.9616,-8.4571],[114.9626,-8.4595],[114.9594,-8.4613],[114.9646,-8.4657],[114.9612,-8.4712],[114.966,-8.4758],[114.9762,-8.4808],[114.9846,-8.4872],[114.9827,-8.4898],[114.9842,-8.4962],[114.9827,-8.4988],[114.9781,-8.5032],[114.9731,-8.5037],[114.9708,-8.5057]]]]}},{"type":"Feature","properties":{"GID_4":"IDN.2.9.7.5_1","GID_0":"IDN","COUNTRY":"Indonesia","GID_1":"IDN.2_1","NAME_1":"Bali","GID_2":"IDN.2.9_1","NAME_2":"Tabanan","GID_3":"IDN.2.9.7_1","NAME_3":"SelemadegBarat","NAME_4":"Lumbung","VARNAME_4":"NA","TYPE_4":"Desa","ENGTYPE_4":"Village","CC_4":"5102012004"},"geometry":{"type":"MultiPolygon","coordinates":[[[[114.9989,-8.4702],[115.0057,-8.4715],[115.0107,-8.4697],[115.0191,-8.4708],[115.0186,-8.4778],[115.0156,-8.4798],[115.0111,-8.4876],[115.0,-8.4865],[114.9903,-8.4895],[114.9832,-8.5036],[114.9799,-8.5013],[114.9842,-8.4968],[114.9827,-8.4904],[114.9846,-8.4872],[114.9772,-8.4809],[114.9836,-8.4822],[114.9853,-8.478],[114.9891,-8.4746],[114.9989,-8.4702]]]]}},{"type":"Feature","properties":{"GID_4":"IDN.2.9.7.6_1","GID_0":"IDN","COUNTRY":"Indonesia","GID_1":"IDN.2_1","NAME_1":"Bali","GID_2":"IDN.2.9_1","NAME_2":"Tabanan","GID_3":"IDN.2.9.7_1","NAME_3":"SelemadegBarat","NAME_4":"LumbungKauh","VARNAME_4":"NA","TYPE_4":"Desa","ENGTYPE_4":"Village","CC_4":"5102012005"},"geometry":{"type":"MultiPolygon","coordinates":[[[[115.0009,-8.4542],[115.0044,-8.4644],[114.9987,-8.4705],[114.9891,-8.4746],[114.9853,-8.478],[114.9853,-8.4807],[114.9833,-8.4823],[114.9797,-8.4806],[114.977,-8.482],[114.966,-8.4758],[114.9612,-8.4712],[114.9674,-8.4615],[114.9775,-8.4566],[114.9774,-8.4531],[114.9854,-8.4472],[114.9941,-8.4526],[115.0009,-8.4542]]]]}},{"type":"Feature","properties":{"GID_4":"IDN.2.9.7.7_1","GID_0":"IDN","COUNTRY":"Indonesia","GID_1":"IDN.2_1","NAME_1":"Bali","GID_2":"IDN.2.9_1","NAME_2":"Tabanan","GID_3":"IDN.2.9.7_1","NAME_3":"SelemadegBarat","NAME_4":"Mundeh","VARNAME_4":"NA","TYPE_4":"Desa","ENGTYPE_4":"Village","CC_4":"5102012006"},"geometry":{"type":"MultiPolygon","coordinates":[[[[114.9495,-8.4076],[114.95,-8.4041],[114.955,-8.4022],[114.9575,-8.3974],[114.962,-8.397],[114.9674,-8.3999],[114.9684,-8.4026],[114.9733,-8.4049],[114.975,-8.4103],[114.9804,-8.4154],[114.9807,-8.4207],[114.9856,-8.4334],[114.9834,-8.4453],[114.9854,-8.4472],[114.9774,-8.4531],[114.9775,-8.4566],[114.9674,-8.4615],[114.9646,-8.4657],[114.9594,-8.4613],[114.9626,-8.4595],[114.9616,-8.4571],[114.9632,-8.4548],[114.9618,-8.4508],[114.9628,-8.4464],[114.967,-8.443],[114.9652,-8.4417],[114.9668,-8.4378],[114.9613,-8.4278],[114.9612,-8.4139],[114.9586,-8.4101],[114.9495,-8.4076]]]]}},{"type":"Feature","properties":{"GID_4":"IDN.2.9.7.8_1","GID_0":"IDN","COUNTRY":"Indonesia","GID_1":"IDN.2_1","NAME_1":"Bali","GID_2":"IDN.2.9_1","NAME_2":"Tabanan","GID_3":"IDN.2.9.7_1","NAME_3":"SelemadegBarat","NAME_4":"MundehKangin","VARNAME_4":"NA","TYPE_4":"Desa","ENGTYPE_4":"Village","CC_4":"5102012007"},"geometry":{"type":"MultiPolygon","coordinates":[[[[114.996,-8.3929],[114.9995,-8.4047],[114.9952,-8.4151],[114.9969,-8.4165],[114.9977,-8.4232],[115.0039,-8.4296],[115.005,-8.4327],[115.0001,-8.4464],[115.0019,-8.4522],[115.0009,-8.4542],[114.9941,-8.4526],[114.9835,-8.4458],[114.9856,-8.4334],[114.9807,-8.4207],[114.9802,-8.415],[114.9822,-8.412],[114.9804,-8.4089],[114.9812,-8.4001],[114.9835,-8.3984],[114.9851,-8.3936],[114.9869,-8.3919],[114.996,-8.3929]]]]}},{"type":"Feature","properties":{"GID_4":"IDN.2.9.7.9_1","GID_0":"IDN","COUNTRY":"Indonesia","GID_1":"IDN.2_1","NAME_1":"Bali","GID_2":"IDN.2.9_1","NAME_2":"Tabanan","GID_3":"IDN.2.9.7_1","NAME_3":"SelemadegBarat","NAME_4":"MundehKauh","VARNAME_4":"NA","TYPE_4":"Desa","ENGTYPE_4":"Village","CC_4":"5102012009"},"geometry":{"type":"MultiPolygon","coordinates":[[[[114.9421,-8.422],[114.949,-8.4197],[114.9478,-8.4122],[114.9495,-8.4076],[114.9586,-8.4101],[114.9612,-8.4139],[114.9613,-8.4278],[114.9668,-8.4378],[114.9652,-8.4417],[114.9578,-8.4457],[114.9547,-8.4494],[114.9425,-8.4425],[114.9424,-8.4376],[114.938,-8.4348],[114.9424,-8.427],[114.9421,-8.422]]]]}},{"type":"Feature","properties":{"GID_4":"IDN.2.9.7.10_1","GID_0":"IDN","COUNTRY":"Indonesia","GID_1":"IDN.2_1","NAME_1":"Bali","GID_2":"IDN.2.9_1","NAME_2":"Tabanan","GID_3":"IDN.2.9.7_1","NAME_3":"SelemadegBarat","NAME_4":"Selabih","VARNAME_4":"NA","TYPE_4":"Desa","ENGTYPE_4":"Village","CC_4":"5102012010"},"geometry":{"type":"MultiPolygon","coordinates":[[[[114.9145,-8.4653],[114.9175,-8.4625],[114.9157,-8.4593],[114.9171,-8.4595],[114.9164,-8.4579],[114.9187,-8.4569],[114.9201,-8.4527],[114.9216,-8.4528],[114.9251,-8.448],[114.9302,-8.4476],[114.9335,-8.4444],[114.9367,-8.429],[114.9411,-8.4251],[114.9421,-8.422],[114.9424,-8.427],[114.9381,-8.4351],[114.9424,-8.4376],[114.9425,-8.4425],[114.955,-8.4503],[114.952,-8.4502],[114.9493,-8.4526],[114.9503,-8.4531],[114.9385,-8.4575],[114.9374,-8.4597],[114.9408,-8.4614],[114.9406,-8.4649],[114.9366,-8.4659],[114.9341,-8.4742],[114.9318,-8.4753],[114.9159,-8.4677],[114.9145,-8.4653]]]]}},{"type":"Feature","properties":{"GID_4":"IDN.2.9.7.11_1","GID_0":"IDN","COUNTRY":"Indonesia","GID_1":"IDN.2_1","NAME_1":"Bali","GID_2":"IDN.2.9_1","NAME_2":"Tabanan","GID_3":"IDN.2.9.7_1","NAME_3":"SelemadegBarat","NAME_4":"TiyingGading","VARNAME_4":"NA","TYPE_4":"Desa","ENGTYPE_4":"Village","CC_4":"5102012003"},"geometry":{"type":"MultiPolygon","coordinates":[[[[115.0227,-8.4362],[115.0234,-8.4403],[115.0273,-8.4429],[115.0264,-8.4446],[115.0277,-8.4495],[115.0292,-8.4502],[115.0293,-8.4556],[115.0311,-8.4565],[115.0297,-8.459],[115.0322,-8.4601],[115.0317,-8.4681],[115.0331,-8.4713],[115.0309,-8.4732],[115.0311,-8.4766],[115.022,-8.4774],[115.0204,-8.4811],[115.0167,-8.4793],[115.0191,-8.4747],[115.0177,-8.4658],[115.022,-8.4557],[115.0202,-8.4456],[115.0227,-8.4362]]]]}},{"type":"Feature","properties":{"GID_4":"IDN.2.9.8.1_1","GID_0":"IDN","COUNTRY":"Indonesia","GID_1":"IDN.2_1","NAME_1":"Bali","GID_2":"IDN.2.9_1","NAME_2":"Tabanan","GID_3":"IDN.2.9.8_1","NAME_3":"SelemadegTimur","NAME_4":"Bantas","VARNAME_4":"NA","TYPE_4":"Desa","ENGTYPE_4":"Village","CC_4":"5102011005"},"geometry":{"type":"MultiPolygon","coordinates":[[[[115.0765,-8.4988],[115.0781,-8.5005],[115.0754,-8.5017],[115.0775,-8.5035],[115.0748,-8.5046],[115.0766,-8.5073],[115.0739,-8.5133],[115.0605,-8.5105],[115.0577,-8.5133],[115.0562,-8.5078],[115.0581,-8.5056],[115.0559,-8.5042],[115.0592,-8.5],[115.0581,-8.4979],[115.0638,-8.4963],[115.0765,-8.4988]]]]}},{"type":"Feature","properties":{"GID_4":"IDN.2.9.8.2_1","GID_0":"IDN","COUNTRY":"Indonesia","GID_1":"IDN.2_1","NAME_1":"Bali","GID_2":"IDN.2.9_1","NAME_2":"Tabanan","GID_3":"IDN.2.9.8_1","NAME_3":"SelemadegTimur","NAME_4":"Beraban","VARNAME_4":"NA","TYPE_4":"Desa","ENGTYPE_4":"Village","CC_4":"5102011002"},"geometry":{"type":"MultiPolygon","coordinates":[[[[115.0493,-8.5551],[115.0424,-8.5595],[115.0385,-8.5591],[115.0362,-8.5607],[115.034,-8.5588],[115.0294,-8.5587],[115.0219,-8.5527],[115.0264,-8.5474],[115.0282,-8.5488],[115.0303,-8.5469],[115.033,-8.5477],[115.0348,-8.5432],[115.0493,-8.5551]]]]}},{"type":"Feature","properties":{"GID_4":"IDN.2.9.8.3_1","GID_0":"IDN","COUNTRY":"Indonesia","GID_1":"IDN.2_1","NAME_1":"Bali","GID_2":"IDN.2.9_1","NAME_2":"Tabanan","GID_3":"IDN.2.9.8_1","NAME_3":"SelemadegTimur","NAME_4":"Dalang","VARNAME_4":"NA","TYPE_4":"Desa","ENGTYPE_4":"Village","CC_4":"5102011009"},"geometry":{"type":"MultiPolygon","coordinates":[[[[115.089,-8.4317],[115.09,-8.439],[115.0883,-8.445],[115.092,-8.4538],[115.0811,-8.4519],[115.0774,-8.4544],[115.0729,-8.453],[115.0738,-8.4393],[115.0711,-8.4368],[115.0701,-8.4323],[115.0718,-8.4256],[115.0678,-8.421],[115.0717,-8.4183],[115.0745,-8.4111],[115.0749,-8.4025],[115.0771,-8.3977],[115.0809,-8.3764],[115.0833,-8.3775],[115.0842,-8.3865],[115.0798,-8.3932],[115.0799,-8.3976],[115.078,-8.4014],[115.0786,-8.4063],[115.0812,-8.4122],[115.0804,-8.4161],[115.0822,-8.4161],[115.0821,-8.4215],[115.0845,-8.4213],[115.0877,-8.4311],[115.089,-8.4317]]]]}},{"type":"Feature","properties":{"GID_4":"IDN.2.9.8.4_1","GID_0":"IDN","COUNTRY":"Indonesia","GID_1":"IDN.2_1","NAME_1":"Bali","GID_2":"IDN.2.9_1","NAME_2":"Tabanan","GID_3":"IDN.2.9.8_1","NAME_3":"SelemadegTimur","NAME_4":"GadungSari","VARNAME_4":"NA","TYPE_4":"Desa","ENGTYPE_4":"Village","CC_4":"5102011010"},"geometry":{"type":"MultiPolygon","coordinates":[[[[115.0934,-8.4767],[115.0884,-8.4827],[115.0836,-8.4806],[115.0846,-8.4784],[115.0827,-8.4715],[115.0849,-8.4682],[115.0826,-8.4614],[115.0839,-8.4598],[115.0837,-8.4549],[115.0824,-8.4546],[115.0839,-8.4544],[115.0836,-8.4525],[115.0908,-8.4538],[115.093,-8.4568],[115.0915,-8.458],[115.0938,-8.4635],[115.0926,-8.4658],[115.0941,-8.4698],[115.0921,-8.476],[115.0934,-8.4767]]]]}},{"type":"Feature","properties":{"GID_4":"IDN.2.9.8.5_1","GID_0":"IDN","COUNTRY":"Indonesia","GID_1":"IDN.2_1","NAME_1":"Bali","GID_2":"IDN.2.9_1","NAME_2":"Tabanan","GID_3":"IDN.2.9.8_1","NAME_3":"SelemadegTimur","NAME_4":"Gadungan","VARNAME_4":"NA","TYPE_4":"Desa","ENGTYPE_4":"Village","CC_4":"5102011007"},"geometry":{"type":"MultiPolygon","coordinates":[[[[115.0784,-8.4977],[115.0758,-8.4988],[115.0599,-8.4965],[115.0598,-8.4929],[115.0652,-8.485],[115.0661,-8.4776],[115.0685,-8.4736],[115.066,-8.4654],[115.0693,-8.4637],[115.0707,-8.456],[115.0729,-8.453],[115.0774,-8.4544],[115.0811,-8.4519],[115.0836,-8.4525],[115.0839,-8.4544],[115.0824,-8.4546],[115.0837,-8.4549],[115.0839,-8.4598],[115.0826,-8.4614],[115.0849,-8.4682],[115.0827,-8.4715],[115.0846,-8.4784],[115.0836,-8.4806],[115.0884,-8.4827],[115.0827,-8.4857],[115.0823,-8.488],[115.0804,-8.4876],[115.0811,-8.4898],[115.0786,-8.4904],[115.0782,-8.4947],[115.0765,-8.4961],[115.0784,-8.4977]]]]}},{"type":"Feature","properties":{"GID_4":"IDN.2.9.8.6_1","GID_0":"IDN","COUNTRY":"Indonesia","GID_1":"IDN.2_1","NAME_1":"Bali","GID_2":"IDN.2.9_1","NAME_2":"Tabanan","GID_3":"IDN.2.9.8_1","NAME_3":"SelemadegTimur","NAME_4":"GunungSalak","VARNAME_4":"NA","TYPE_4":"Desa","ENGTYPE_4":"Village","CC_4":"5102011008"},"geometry":{"type":"MultiPolygon","coordinates":[[[[115.068,-8.4223],[115.0718,-8.4256],[115.0702,-8.4345],[115.0738,-8.4393],[115.0727,-8.4423],[115.074,-8.4475],[115.0693,-8.4637],[115.066,-8.4654],[115.0685,-8.4736],[115.0661,-8.4776],[115.0652,-8.485],[115.0604,-8.4895],[115.0599,-8.4768],[115.0576,-8.4759],[115.0578,-8.4731],[115.0604,-8.4679],[115.0627,-8.4666],[115.0618,-8.4632],[115.0641,-8.4608],[115.0637,-8.4576],[115.0654,-8.455],[115.0653,-8.4498],[115.0596,-8.4489],[115.0606,-8.4387],[115.0592,-8.4366],[115.0607,-8.4336],[115.0594,-8.4308],[115.0623,-8.4245],[115.0672,-8.4244],[115.068,-8.4223]]]]}},{"type":"Feature","properties":{"GID_4":"IDN.2.9.8.7_1","GID_0":"IDN","COUNTRY":"Indonesia","GID_1":"IDN.2_1","NAME_1":"Bali","GID_2":"IDN.2.9_1","NAME_2":"Tabanan","GID_3":"IDN.2.9.8_1","NAME_3":"SelemadegTimur","NAME_4":"Mambang","VARNAME_4":"NA","TYPE_4":"Desa","ENGTYPE_4":"Village","CC_4":"5102011004"},"geometry":{"type":"MultiPolygon","coordinates":[[[[115.0724,-8.5298],[115.0703,-8.5318],[115.0739,-8.5342],[115.0734,-8.5362],[115.0704,-8.5379],[115.0715,-8.5409],[115.0688,-8.541],[115.0673,-8.5449],[115.0655,-8.5445],[115.0607,-8.5481],[115.057,-8.542],[115.0535,-8.5417],[115.0546,-8.5402],[115.0521,-8.5388],[115.052,-8.5369],[115.0538,-8.5355],[115.0513,-8.5333],[115.051,-8.5278],[115.0521,-8.524],[115.0543,-8.5231],[115.0542,-8.5194],[115.0565,-8.518],[115.0577,-8.5133],[115.0605,-8.5105],[115.0739,-8.5133],[115.071,-8.523],[115.0726,-8.5244],[115.0714,-8.5263],[115.0728,-8.5276],[115.0724,-8.5298]]]]}},{"type":"Feature","properties":{"GID_4":"IDN.2.9.8.8_1","GID_0":"IDN","COUNTRY":"Indonesia","GID_1":"IDN.2_1","NAME_1":"Bali","GID_2":"IDN.2.9_1","NAME_2":"Tabanan","GID_3":"IDN.2.9.8_1","NAME_3":"SelemadegTimur","NAME_4":"Megati","VARNAME_4":"NA","TYPE_4":"Desa","ENGTYPE_4":"Village","CC_4":"5102011006"},"geometry":{"type":"MultiPolygon","coordinates":[[[[115.0599,-8.4965],[115.0581,-8.4979],[115.0592,-8.5],[115.0576,-8.5005],[115.058,-8.5023],[115.0559,-8.504],[115.0581,-8.5059],[115.0562,-8.5078],[115.0577,-8.5133],[115.0566,-8.5177],[115.0542,-8.5194],[115.0543,-8.5231],[115.0521,-8.524],[115.0513,-8.5272],[115.0491,-8.5206],[115.0498,-8.5179],[115.0474,-8.5166],[115.0487,-8.5143],[115.0448,-8.5142],[115.0471,-8.5089],[115.0457,-8.5069],[115.0483,-8.5059],[115.049,-8.5038],[115.0424,-8.5016],[115.0421,-8.5],[115.0442,-8.4997],[115.0434,-8.4968],[115.046,-8.4954],[115.0467,-8.4912],[115.0498,-8.4893],[115.0482,-8.4873],[115.0501,-8.478],[115.0532,-8.4741],[115.0496,-8.4656],[115.0515,-8.4657],[115.0581,-8.4511],[115.062,-8.4487],[115.0653,-8.4498],[115.0654,-8.455],[115.0637,-8.4576],[115.0641,-8.4608],[115.0618,-8.4632],[115.0627,-8.4666],[115.0604,-8.4679],[115.0577,-8.4735],[115.0576,-8.4759],[115.0599,-8.4768],[115.0594,-8.4884],[115.0623,-8.489],[115.0598,-8.4929],[115.0599,-8.4965]]]]}},{"type":"Feature","properties":{"GID_4":"IDN.2.9.8.9_1","GID_0":"IDN","COUNTRY":"Indonesia","GID_1":"IDN.2_1","NAME_1":"Bali","GID_2":"IDN.2.9_1","NAME_2":"Tabanan","GID_3":"IDN.2.9.8_1","NAME_3":"SelemadegTimur","NAME_4":"Tangguntiti","VARNAME_4":"NA","TYPE_4":"Desa","ENGTYPE_4":"Village","CC_4":"5102011003"},"geometry":{"type":"MultiPolygon","coordinates":[[[[115.0607,-8.5481],[115.0593,-8.55],[115.057,-8.55],[115.0551,-8.5542],[115.0523,-8.5545],[115.0505,-8.5565],[115.0376,-8.5447],[115.0404,-8.5371],[115.0392,-8.533],[115.0436,-8.5269],[115.0474,-8.5166],[115.0498,-8.5179],[115.0512,-8.5329],[115.0538,-8.5355],[115.0521,-8.5361],[115.0521,-8.5388],[115.0546,-8.5402],[115.0537,-8.5419],[115.057,-8.542],[115.0607,-8.5481]]]]}},{"type":"Feature","properties":{"GID_4":"IDN.2.9.8.10_1","GID_0":"IDN","COUNTRY":"Indonesia","GID_1":"IDN.2_1","NAME_1":"Bali","GID_2":"IDN.2.9_1","NAME_2":"Tabanan","GID_3":"IDN.2.9.8_1","NAME_3":"SelemadegTimur","NAME_4":"TegalMengkeb","VARNAME_4":"NA","TYPE_4":"Desa","ENGTYPE_4":"Village","CC_4":"5102011001"},"geometry":{"type":"MultiPolygon","coordinates":[[[[115.0376,-8.5447],[115.0348,-8.5432],[115.033,-8.5477],[115.0303,-8.5469],[115.0282,-8.5488],[115.0266,-8.5473],[115.0213,-8.5527],[115.0145,-8.5479],[115.0133,-8.5484],[115.0137,-8.547],[115.0106,-8.5435],[115.0115,-8.5411],[115.0213,-8.54],[115.0233,-8.5382],[115.0225,-8.5356],[115.0276,-8.536],[115.0269,-8.5328],[115.036,-8.5253],[115.0358,-8.5213],[115.04,-8.5141],[115.0447,-8.5171],[115.0439,-8.5155],[115.0486,-8.5141],[115.0436,-8.5269],[115.0392,-8.533],[115.0404,-8.5371],[115.0376,-8.5447]]]]}},{"type":"Feature","properties":{"GID_4":"IDN.2.9.10.1_1","GID_0":"IDN","COUNTRY":"Indonesia","GID_1":"IDN.2_1","NAME_1":"Bali","GID_2":"IDN.2.9_1","NAME_2":"Tabanan","GID_3":"IDN.2.9.10_1","NAME_3":"Tabanan","NAME_4":"Bongan","VARNAME_4":"NA","TYPE_4":"Desa","ENGTYPE_4":"Village","CC_4":"5102030002"},"geometry":{"type":"MultiPolygon","coordinates":[[[[115.098,-8.5773],[115.0947,-8.578],[115.0937,-8.5799],[115.0924,-8.5787],[115.0887,-8.5805],[115.091,-8.5766],[115.0918,-8.5706],[115.0949,-8.5666],[115.1009,-8.5652],[115.1004,-8.564],[115.1017,-8.5638],[115.1013,-8.5622],[115.1056,-8.5574],[115.109,-8.5499],[115.1135,-8.551],[115.1141,-8.5526],[115.1243,-8.5583],[115.1214,-8.5615],[115.1213,-8.568],[115.1144,-8.5695],[115.1126,-8.5725],[115.1104,-8.5692],[115.1085,-8.5699],[115.102,-8.5741],[115.1009,-8.5735],[115.098,-8.5773]]]]}},{"type":"Feature","properties":{"GID_4":"IDN.2.9.10.2_1","GID_0":"IDN","COUNTRY":"Indonesia","GID_1":"IDN.2_1","NAME_1":"Bali","GID_2":"IDN.2.9_1","NAME_2":"Tabanan","GID_3":"IDN.2.9.10_1","NAME_3":"Tabanan","NAME_4":"Buahan","VARNAME_4":"NA","TYPE_4":"Desa","ENGTYPE_4":"Village","CC_4":"5102030009"},"geometry":{"type":"MultiPolygon","coordinates":[[[[115.1537,-8.4868],[115.152,-8.4966],[115.1458,-8.5101],[115.1444,-8.5085],[115.1453,-8.5063],[115.142,-8.5053],[115.1399,-8.499],[115.1434,-8.4892],[115.1495,-8.4887],[115.1503,-8.4851],[115.1537,-8.4868]]]]}},{"type":"Feature","properties":{"GID_4":"IDN.2.9.10.3_1","GID_0":"IDN","COUNTRY":"Indonesia","GID_1":"IDN.2_1","NAME_1":"Bali","GID_2":"IDN.2.9_1","NAME_2":"Tabanan","GID_3":"IDN.2.9.10_1","NAME_3":"Tabanan","NAME_4":"DajanPeken","VARNAME_4":"NA","TYPE_4":"Desa","ENGTYPE_4":"Village","CC_4":"5102030006"},"geometry":{"type":"MultiPolygon","coordinates":[[[[115.138,-8.5282],[115.1369,-8.5317],[115.1378,-8.5382],[115.1235,-8.5365],[115.1192,-8.5323],[115.1208,-8.5303],[115.1201,-8.5273],[115.1223,-8.5284],[115.1242,-8.5263],[115.1255,-8.5274],[115.1288,-8.5247],[115.138,-8.5282]]]]}},{"type":"Feature","properties":{"GID_4":"IDN.2.9.10.4_1","GID_0":"IDN","COUNTRY":"Indonesia","GID_1":"IDN.2_1","NAME_1":"Bali","GID_2":"IDN.2.9_1","NAME_2":"Tabanan","GID_3":"IDN.2.9.10_1","NAME_3":"Tabanan","NAME_4":"DauhPeken","VARNAME_4":"NA","TYPE_4":"Desa","ENGTYPE_4":"Village","CC_4":"5102030004"},"geometry":{"type":"MultiPolygon","coordinates":[[[[115.1087,-8.5396],[115.1105,-8.5347],[115.1173,-8.5293],[115.1203,-8.5315],[115.1192,-8.5323],[115.1212,-8.5334],[115.1207,-8.5346],[115.1249,-8.5368],[115.1232,-8.5385],[115.1246,-8.5408],[115.1207,-8.5565],[115.1135,-8.551],[115.109,-8.5499],[115.1099,-8.5455],[115.1139,-8.5434],[115.1111,-8.5379],[115.1104,-8.5403],[115.1087,-8.5396]]]]}},{"type":"Feature","properties":{"GID_4":"IDN.2.9.10.5_1","GID_0":"IDN","COUNTRY":"Indonesia","GID_1":"IDN.2_1","NAME_1":"Bali","GID_2":"IDN.2.9_1","NAME_2":"Tabanan","GID_3":"IDN.2.9.10_1","NAME_3":"Tabanan","NAME_4":"DelodPeken","VARNAME_4":"NA","TYPE_4":"Desa","ENGTYPE_4":"Village","CC_4":"5102030005"},"geometry":{"type":"MultiPolygon","coordinates":[[[[115.1378,-8.5382],[115.1388,-8.54],[115.1357,-8.5447],[115.1348,-8.5439],[115.1333,-8.5485],[115.1313,-8.5477],[115.1263,-8.5491],[115.127,-8.552],[115.1288,-8.5528],[115.1246,-8.5553],[115.1243,-8.5582],[115.1207,-8.5568],[115.1246,-8.5408],[115.1232,-8.5385],[115.1249,-8.5368],[115.1293,-8.5364],[115.1378,-8.5382]]]]}},{"type":"Feature","properties":{"GID_4":"IDN.2.9.10.6_1","GID_0":"IDN","COUNTRY":"Indonesia","GID_1":"IDN.2_1","NAME_1":"Bali","GID_2":"IDN.2.9_1","NAME_2":"Tabanan","GID_3":"IDN.2.9.10_1","NAME_3":"Tabanan","NAME_4":"Denbantas","VARNAME_4":"NA","TYPE_4":"Desa","ENGTYPE_4":"Village","CC_4":"5102030008"},"geometry":{"type":"MultiPolygon","coordinates":[[[[115.1445,-8.5142],[115.138,-8.5282],[115.1288,-8.5247],[115.1246,-8.5273],[115.1233,-8.525],[115.1249,-8.5196],[115.1305,-8.5118],[115.1301,-8.5102],[115.1337,-8.5084],[115.1369,-8.5036],[115.1411,-8.4952],[115.1415,-8.4892],[115.1435,-8.4894],[115.1399,-8.499],[115.142,-8.5053],[115.1453,-8.5063],[115.1444,-8.5085],[115.146,-8.5102],[115.1445,-8.5142]]]]}},{"type":"Feature","properties":{"GID_4":"IDN.2.9.10.7_1","GID_0":"IDN","COUNTRY":"Indonesia","GID_1":"IDN.2_1","NAME_1":"Bali","GID_2":"IDN.2.9_1","NAME_2":"Tabanan","GID_3":"IDN.2.9.10_1","NAME_3":"Tabanan","NAME_4":"Gubug","VARNAME_4":"NA","TYPE_4":"Desa","ENGTYPE_4":"Village","CC_4":"5102030003"},"geometry":{"type":"MultiPolygon","coordinates":[[[[115.0828,-8.5559],[115.0846,-8.554],[115.0863,-8.5555],[115.0934,-8.5536],[115.0963,-8.5545],[115.1043,-8.5499],[115.108,-8.5448],[115.1087,-8.5396],[115.1104,-8.5403],[115.1111,-8.5379],[115.1139,-8.5434],[115.1099,-8.5455],[115.1067,-8.5549],[115.1032,-8.5587],[115.101,-8.5652],[115.0992,-8.5666],[115.0949,-8.5666],[115.0912,-8.5718],[115.091,-8.568],[115.0876,-8.5664],[115.0894,-8.5621],[115.0842,-8.5594],[115.0828,-8.5559]]]]}},{"type":"Feature","properties":{"GID_4":"IDN.2.9.10.8_1","GID_0":"IDN","COUNTRY":"Indonesia","GID_1":"IDN.2_1","NAME_1":"Bali","GID_2":"IDN.2.9_1","NAME_2":"Tabanan","GID_3":"IDN.2.9.10_1","NAME_3":"Tabanan","NAME_4":"Sesandan","VARNAME_4":"NA","TYPE_4":"Desa","ENGTYPE_4":"Village","CC_4":"5102030012"},"geometry":{"type":"MultiPolygon","coordinates":[[[[115.1303,-8.4673],[115.1355,-8.4656],[115.1344,-8.4704],[115.1401,-8.4746],[115.1423,-8.4735],[115.1442,-8.4691],[115.1447,-8.4753],[115.143,-8.4809],[115.1352,-8.4795],[115.1327,-8.4816],[115.1258,-8.4794],[115.1303,-8.4673]]]]}},{"type":"Feature","properties":{"GID_4":"IDN.2.9.10.9_1","GID_0":"IDN","COUNTRY":"Indonesia","GID_1":"IDN.2_1","NAME_1":"Bali","GID_2":"IDN.2.9_1","NAME_2":"Tabanan","GID_3":"IDN.2.9.10_1","NAME_3":"Tabanan","NAME_4":"Subamia","VARNAME_4":"NA","TYPE_4":"Desa","ENGTYPE_4":"Village","CC_4":"5102030007"},"geometry":{"type":"MultiPolygon","coordinates":[[[[115.1173,-8.5293],[115.1173,-8.5264],[115.1215,-8.5209],[115.1217,-8.5151],[115.1202,-8.5134],[115.1226,-8.5099],[115.1245,-8.4999],[115.1339,-8.5012],[115.1305,-8.5117],[115.1249,-8.5196],[115.1233,-8.525],[115.1245,-8.526],[115.1223,-8.5284],[115.1201,-8.5273],[115.1203,-8.5315],[115.1173,-8.5293]]]]}},{"type":"Feature","properties":{"GID_4":"IDN.2.9.10.10_1","GID_0":"IDN","COUNTRY":"Indonesia","GID_1":"IDN.2_1","NAME_1":"Bali","GID_2":"IDN.2.9_1","NAME_2":"Tabanan","GID_3":"IDN.2.9.10_1","NAME_3":"Tabanan","NAME_4":"Sudimara","VARNAME_4":"NA","TYPE_4":"Desa","ENGTYPE_4":"Village","CC_4":"5102030001"},"geometry":{"type":"MultiPolygon","coordinates":[[[[115.0887,-8.5805],[115.0843,-8.5841],[115.0823,-8.5882],[115.0776,-8.5868],[115.0718,-8.588],[115.0715,-8.5931],[115.0603,-8.5827],[115.0657,-8.5787],[115.07,-8.5784],[115.0712,-8.5749],[115.0688,-8.5715],[115.0698,-8.5705],[115.0724,-8.5719],[115.0744,-8.57],[115.073,-8.5672],[115.0798,-8.5549],[115.0827,-8.5557],[115.0842,-8.5594],[115.0894,-8.5621],[115.0876,-8.5664],[115.091,-8.568],[115.0919,-8.5734],[115.0887,-8.5805]]]]}},{"type":"Feature","properties":{"GID_4":"IDN.2.9.10.11_1","GID_0":"IDN","COUNTRY":"Indonesia","GID_1":"IDN.2_1","NAME_1":"Bali","GID_2":"IDN.2.9_1","NAME_2":"Tabanan","GID_3":"IDN.2.9.10_1","NAME_3":"Tabanan","NAME_4":"Tunjuk","VARNAME_4":"NA","TYPE_4":"Desa","ENGTYPE_4":"Village","CC_4":"5102030010"},"geometry":{"type":"MultiPolygon","coordinates":[[[[115.1551,-8.4612],[115.1539,-8.4655],[115.1557,-8.4672],[115.1555,-8.4717],[115.1531,-8.4791],[115.1537,-8.4868],[115.1503,-8.4851],[115.1495,-8.4887],[115.1415,-8.4892],[115.1446,-8.4761],[115.1442,-8.4691],[115.1465,-8.4666],[115.1492,-8.4526],[115.1537,-8.4415],[115.1553,-8.4419],[115.1556,-8.4464],[115.1577,-8.4474],[115.1577,-8.4538],[115.1566,-8.4575],[115.1547,-8.4577],[115.1551,-8.4612]]]]}},{"type":"Feature","properties":{"GID_4":"IDN.2.9.10.12_1","GID_0":"IDN","COUNTRY":"Indonesia","GID_1":"IDN.2_1","NAME_1":"Bali","GID_2":"IDN.2.9_1","NAME_2":"Tabanan","GID_3":"IDN.2.9.10_1","NAME_3":"Tabanan","NAME_4":"Wanasari","VARNAME_4":"NA","TYPE_4":"Desa","ENGTYPE_4":"Village","CC_4":"5102030011"},"geometry":{"type":"MultiPolygon","coordinates":[[[[115.1245,-8.4999],[115.1245,-8.4829],[115.1258,-8.4794],[115.1327,-8.4816],[115.1352,-8.4795],[115.143,-8.4809],[115.1411,-8.4952],[115.1337,-8.5084],[115.1311,-8.5099],[115.1339,-8.5012],[115.1245,-8.4999]]]]}}]}